id,hash_a,hash_b,hash_c,hash_d,vector_abc,vector_abd,vector_acd,vector_bcd
1,0510,51015,10150,1505,[15  1 45],[ 6 50  0],[11 41 35],[ 1 31 25]
2,0510,51020,10200,2005,[15 20  0],[25  0  5],[ 30  10 -15],[ 20   0 -35]
3,0510,51025,10250,2505,[15  2 55],[ 7 50 10],[12 42 35],[ 2 32  5]
4,0510,51030,10300,3005,[15 30 10],[35  0 15],[ 40  20 -15],[ 30  10 -55]
5,0510,51035,10350,3505,[15  3 65],[ 8 50 20],[13 43 35],[  3  33 -15]
6,0510,51040,10400,4005,[15 40 20],[45  0 25],[ 50  30 -15],[ 40  20 -75]
7,0510,51045,10450,4505,[15  4 75],[ 9 50 30],[14 44 35],[  4  34 -35]
8,0510,51050,10500,5005,[15 50 30],[55  0 35],[ 60  40 -15],[ 50  30 -95]
9,0515,51510,15100,1005,[ 20  15 -20],[ 15   5 -15],[ 25   0 -25],[ 15 -20 -15]
10,0515,51520,15200,2005,[ 20  25 -10],[25  5 -5],[ 35  10 -25],[ 25 -10 -35]
11,0515,51525,15250,2505,[20  7 45],[ 7 55  0],[17 42 25],[ 7 22  5]
12,0515,51530,15300,3005,[20 35  0],[35  5  5],[ 45  20 -25],[ 35   0 -55]
13,0515,51535,15350,3505,[20  8 55],[ 8 55 10],[18 43 25],[  8  23 -15]
14,0515,51540,15400,4005,[20 45 10],[45  5 15],[ 55  30 -25],[ 45  10 -75]
15,0515,51545,15450,4505,[20  9 65],[ 9 55 20],[19 44 25],[  9  24 -35]
16,0515,51550,15500,5005,[20 55 20],[55  5 25],[ 65  40 -25],[ 55  20 -95]
17,0520,52010,20100,1005,[ 25  20 -30],[ 15  10 -25],[ 30   0 -35],[ 20 -30 -15]
18,0520,52015,20150,1505,[25 11 25],[  6  60 -20],[21 41 15],[11 11 25]
19,0520,52025,20250,2505,[25 12 35],[  7  60 -10],[22 42 15],[12 12  5]
20,0520,52030,20300,3005,[ 25  40 -10],[35 10 -5],[ 50  20 -35],[ 40 -10 -55]
21,0520,52035,20350,3505,[25 13 45],[ 8 60  0],[23 43 15],[ 13  13 -15]
22,0520,52040,20400,4005,[25 50  0],[45 10  5],[ 60  30 -35],[ 50   0 -75]
23,0520,52045,20450,4505,[25 14 55],[ 9 60 10],[24 44 15],[ 14  14 -35]
24,0520,52050,20500,5005,[25 60 10],[55 10 15],[ 70  40 -35],[ 60  10 -95]
25,0525,52510,25100,1005,[ 30  25 -40],[ 15  15 -35],[ 35   0 -45],[ 25 -40 -15]
26,0525,52515,25150,1505,[30 16 15],[  6  65 -30],[26 41  5],[16  1 25]
27,0525,52520,25200,2005,[ 30  35 -30],[ 25  15 -25],[ 45  10 -45],[ 35 -30 -35]
28,0525,52530,25300,3005,[ 30  45 -20],[ 35  15 -15],[ 55  20 -45],[ 45 -20 -55]
29,0525,52535,25350,3505,[30 18 35],[  8  65 -10],[28 43  5],[ 18   3 -15]
30,0525,52540,25400,4005,[ 30  55 -10],[45 15 -5],[ 65  30 -45],[ 55 -10 -75]
31,0525,52545,25450,4505,[30 19 45],[ 9 65  0],[29 44  5],[ 19   4 -35]
32,0525,52550,25500,5005,[30 65  0],[55 15  5],[ 75  40 -45],[ 65   0 -95]
33,0530,53010,30100,1005,[ 35  30 -50],[ 15  20 -45],[ 40   0 -55],[ 30 -50 -15]
34,0530,53015,30150,1505,[35 21  5],[  6  70 -40],[31 41 -5],[21 -9 25]
35,0530,53020,30200,2005,[ 35  40 -40],[ 25  20 -35],[ 50  10 -55],[ 40 -40 -35]
36,0530,53025,30250,2505,[35 22 15],[  7  70 -30],[32 42 -5],[22 -8  5]
37,0530,53035,30350,3505,[35 23 25],[  8  70 -20],[33 43 -5],[ 23  -7 -15]
38,0530,53040,30400,4005,[ 35  60 -20],[ 45  20 -15],[ 70  30 -55],[ 60 -20 -75]
39,0530,53045,30450,4505,[35 24 35],[  9  70 -10],[34 44 -5],[ 24  -6 -35]
40,0530,53050,30500,5005,[ 35  70 -10],[55 20 -5],[ 80  40 -55],[ 70 -10 -95]
41,0535,53510,35100,1005,[ 40  35 -60],[ 15  25 -55],[ 45   0 -65],[ 35 -60 -15]
42,0535,53515,35150,1505,[40 26 -5],[  6  75 -50],[ 36  41 -15],[ 26 -19  25]
43,0535,53520,35200,2005,[ 40  45 -50],[ 25  25 -45],[ 55  10 -65],[ 45 -50 -35]
44,0535,53525,35250,2505,[40 27  5],[  7  75 -40],[ 37  42 -15],[ 27 -18   5]
45,0535,53530,35300,3005,[ 40  55 -40],[ 35  25 -35],[ 65  20 -65],[ 55 -40 -55]
46,0535,53540,35400,4005,[ 40  65 -30],[ 45  25 -25],[ 75  30 -65],[ 65 -30 -75]
47,0535,53545,35450,4505,[40 29 25],[  9  75 -20],[ 39  44 -15],[ 29 -16 -35]
48,0535,53550,35500,5005,[ 40  75 -20],[ 55  25 -15],[ 85  40 -65],[ 75 -20 -95]
49,0540,54010,40100,1005,[ 45  40 -70],[ 15  30 -65],[ 50   0 -75],[ 40 -70 -15]
50,0540,54015,40150,1505,[ 45  31 -15],[  6  80 -60],[ 41  41 -25],[ 31 -29  25]
51,0540,54020,40200,2005,[ 45  50 -60],[ 25  30 -55],[ 60  10 -75],[ 50 -60 -35]
52,0540,54025,40250,2505,[45 32 -5],[  7  80 -50],[ 42  42 -25],[ 32 -28   5]
53,0540,54030,40300,3005,[ 45  60 -50],[ 35  30 -45],[ 70  20 -75],[ 60 -50 -55]
54,0540,54035,40350,3505,[45 33  5],[  8  80 -40],[ 43  43 -25],[ 33 -27 -15]
55,0540,54045,40450,4505,[45 34 15],[  9  80 -30],[ 44  44 -25],[ 34 -26 -35]
56,0540,54050,40500,5005,[ 45  80 -30],[ 55  30 -25],[ 90  40 -75],[ 80 -30 -95]
57,0545,54510,45100,1005,[ 50  45 -80],[ 15  35 -75],[ 55   0 -85],[ 45 -80 -15]
58,0545,54515,45150,1505,[ 50  36 -25],[  6  85 -70],[ 46  41 -35],[ 36 -39  25]
59,0545,54520,45200,2005,[ 50  55 -70],[ 25  35 -65],[ 65  10 -85],[ 55 -70 -35]
60,0545,54525,45250,2505,[ 50  37 -15],[  7  85 -60],[ 47  42 -35],[ 37 -38   5]
61,0545,54530,45300,3005,[ 50  65 -60],[ 35  35 -55],[ 75  20 -85],[ 65 -60 -55]
62,0545,54535,45350,3505,[50 38 -5],[  8  85 -50],[ 48  43 -35],[ 38 -37 -15]
63,0545,54540,45400,4005,[ 50  75 -50],[ 45  35 -45],[ 85  30 -85],[ 75 -50 -75]
64,0545,54550,45500,5005,[ 50  85 -40],[ 55  35 -35],[ 95  40 -85],[ 85 -40 -95]
65,0550,55010,50100,1005,[ 55  50 -90],[ 15  40 -85],[ 60   0 -95],[ 50 -90 -15]
66,0550,55015,50150,1505,[ 55  41 -35],[  6  90 -80],[ 51  41 -45],[ 41 -49  25]
67,0550,55020,50200,2005,[ 55  60 -80],[ 25  40 -75],[ 70  10 -95],[ 60 -80 -35]
68,0550,55025,50250,2505,[ 55  42 -25],[  7  90 -70],[ 52  42 -45],[ 42 -48   5]
69,0550,55030,50300,3005,[ 55  70 -70],[ 35  40 -65],[ 80  20 -95],[ 70 -70 -55]
70,0550,55035,50350,3505,[ 55  43 -15],[  8  90 -60],[ 53  43 -45],[ 43 -47 -15]
71,0550,55040,50400,4005,[ 55  80 -60],[ 45  40 -55],[ 90  30 -95],[ 80 -60 -75]
72,0550,55045,50450,4505,[55 44 -5],[  9  90 -50],[ 54  44 -45],[ 44 -46 -35]
73,0105,10515,5150,15010,[ 15 -14  55],[11 35 15],[ 6 31 50],[-14  41  30]
74,0105,10520,5200,20010,[15  5 10],[ 30 -15  20],[25  0  0],[  5  10 -30]
75,0105,10525,5250,25010,[ 15 -13  65],[12 35 25],[ 7 32 50],[-13  42  10]
76,0105,10530,5300,30010,[15 15 20],[ 40 -15  30],[35 10  0],[ 15  20 -50]
77,0105,10535,5350,35010,[ 15 -12  75],[13 35 35],[ 8 33 50],[-12  43 -10]
78,0105,10540,5400,40010,[15 25 30],[ 50 -15  40],[45 20  0],[ 25  30 -70]
79,0105,10545,5450,45010,[ 15 -11  85],[14 35 45],[ 9 34 50],[-11  44 -30]
80,0105,10550,5500,50010,[15 35 40],[ 60 -15  50],[55 30  0],[ 35  40 -90]
81,01015,10155,1550,5010,[11  0 25],[ 15  -5 -15],[  6 -15  30],[-14 -25  50]
82,01015,101520,15200,20010,[ 25  15 -10],[30 -5  0],[ 35   0 -20],[ 15 -10 -30]
83,01015,101525,15250,25010,[25 -3 45],[12 45  5],[17 32 30],[-3 22 10]
84,01015,101530,15300,30010,[25 25  0],[40 -5 10],[ 45  10 -20],[ 25   0 -50]
85,01015,101535,15350,35010,[25 -2 55],[13 45 15],[18 33 30],[ -2  23 -10]
86,01015,101540,15400,40010,[25 35 10],[50 -5 20],[ 55  20 -20],[ 35  10 -70]
87,01015,101545,15450,45010,[25 -1 65],[14 45 25],[19 34 30],[ -1  24 -30]
88,01015,101550,15500,50010,[25 45 20],[60 -5 30],[ 65  30 -20],[ 45  20 -90]
89,01020,10205,2050,5010,[12  0 15],[ 15   0 -25],[  7 -20  20],[-13 -40  50]
90,01020,102015,20150,15010,[30  1 25],[ 11  50 -15],[21 31 20],[ 1 11 30]
91,01020,102025,20250,25010,[30  2 35],[12 50 -5],[22 32 20],[ 2 12 10]
92,01020,102030,20300,30010,[ 30  30 -10],[40  0  0],[ 50  10 -30],[ 30 -10 -50]
93,01020,102035,20350,35010,[30  3 45],[13 50  5],[23 33 20],[  3  13 -10]
94,01020,102040,20400,40010,[30 40  0],[50  0 10],[ 60  20 -30],[ 40   0 -70]
95,01020,102045,20450,45010,[30  4 55],[14 50 15],[24 34 20],[  4  14 -30]
96,01020,102050,20500,50010,[30 50 10],[60  0 20],[ 70  30 -30],[ 50  10 -90]
97,01025,10255,2550,5010,[12 10  5],[ 15   5 -35],[  7 -15  10],[-13 -45  50]
98,01025,102515,25150,15010,[35  6 15],[ 11  55 -25],[26 31 10],[ 6  1 30]
99,01025,102520,25200,20010,[ 35  25 -30],[ 30   5 -20],[ 45   0 -40],[ 25 -30 -30]
100,01025,102530,25300,30010,[ 35  35 -20],[ 40   5 -10],[ 55  10 -40],[ 35 -20 -50]
101,01025,102535,25350,35010,[35  8 35],[13 55 -5],[28 33 10],[  8   3 -10]
102,01025,102540,25400,40010,[ 35  45 -10],[50  5  0],[ 65  20 -40],[ 45 -10 -70]
103,01025,102545,25450,45010,[35  9 45],[14 55  5],[29 34 10],[  9   4 -30]
104,01025,102550,25500,50010,[35 55  0],[60  5 10],[ 75  30 -40],[ 55   0 -90]
105,01030,10305,3050,5010,[13 10 -5],[ 15  10 -45],[  8 -20   0],[-12 -60  50]
106,01030,103015,30150,15010,[40 11  5],[ 11  60 -35],[31 31  0],[11 -9 30]
107,01030,103020,30200,20010,[ 40  30 -40],[ 30  10 -30],[ 50   0 -50],[ 30 -40 -30]
108,01030,103025,30250,25010,[40 12 15],[ 12  60 -25],[32 32  0],[12 -8 10]
109,01030,103035,30350,35010,[40 13 25],[ 13  60 -15],[33 33  0],[ 13  -7 -10]
110,01030,103040,30400,40010,[ 40  50 -20],[ 50  10 -10],[ 70  20 -50],[ 50 -20 -70]
111,01030,103045,30450,45010,[40 14 35],[14 60 -5],[34 34  0],[ 14  -6 -30]
112,01030,103050,30500,50010,[ 40  60 -10],[60 10  0],[ 80  30 -50],[ 60 -10 -90]
113,01035,10355,3550,5010,[ 13  20 -15],[ 15  15 -55],[  8 -15 -10],[-12 -65  50]
114,01035,103515,35150,15010,[45 16 -5],[ 11  65 -45],[ 36  31 -10],[ 16 -19  30]
115,01035,103520,35200,20010,[ 45  35 -50],[ 30  15 -40],[ 55   0 -60],[ 35 -50 -30]
116,01035,103525,35250,25010,[45 17  5],[ 12  65 -35],[ 37  32 -10],[ 17 -18  10]
117,01035,103530,35300,30010,[ 45  45 -40],[ 40  15 -30],[ 65  10 -60],[ 45 -40 -50]
118,01035,103540,35400,40010,[ 45  55 -30],[ 50  15 -20],[ 75  20 -60],[ 55 -30 -70]
119,01035,103545,35450,45010,[45 19 25],[ 14  65 -15],[ 39  34 -10],[ 19 -16 -30]
120,01035,103550,35500,50010,[ 45  65 -20],[ 60  15 -10],[ 85  30 -60],[ 65 -20 -90]
121,01040,10405,4050,5010,[ 14  20 -25],[ 15  20 -65],[  9 -20 -20],[-11 -80  50]
122,01040,104015,40150,15010,[ 50  21 -15],[ 11  70 -55],[ 41  31 -20],[ 21 -29  30]
123,01040,104020,40200,20010,[ 50  40 -60],[ 30  20 -50],[ 60   0 -70],[ 40 -60 -30]
124,01040,104025,40250,25010,[50 22 -5],[ 12  70 -45],[ 42  32 -20],[ 22 -28  10]
125,01040,104030,40300,30010,[ 50  50 -50],[ 40  20 -40],[ 70  10 -70],[ 50 -50 -50]
126,01040,104035,40350,35010,[50 23  5],[ 13  70 -35],[ 43  33 -20],[ 23 -27 -10]
127,01040,104045,40450,45010,[50 24 15],[ 14  70 -25],[ 44  34 -20],[ 24 -26 -30]
128,01040,104050,40500,50010,[ 50  70 -30],[ 60  20 -20],[ 90  30 -70],[ 70 -30 -90]
129,01045,10455,4550,5010,[ 14  30 -35],[ 15  25 -75],[  9 -15 -30],[-11 -85  50]
130,01045,104515,45150,15010,[ 55  26 -25],[ 11  75 -65],[ 46  31 -30],[ 26 -39  30]
131,01045,104520,45200,20010,[ 55  45 -70],[ 30  25 -60],[ 65   0 -80],[ 45 -70 -30]
132,01045,104525,45250,25010,[ 55  27 -15],[ 12  75 -55],[ 47  32 -30],[ 27 -38  10]
133,01045,104530,45300,30010,[ 55  55 -60],[ 40  25 -50],[ 75  10 -80],[ 55 -60 -50]
134,01045,104535,45350,35010,[55 28 -5],[ 13  75 -45],[ 48  33 -30],[ 28 -37 -10]
135,01045,104540,45400,40010,[ 55  65 -50],[ 50  25 -40],[ 85  20 -80],[ 65 -50 -70]
136,01045,104550,45500,50010,[ 55  75 -40],[ 60  25 -30],[ 95  30 -80],[ 75 -40 -90]
137,01050,10505,5050,5010,[ 15  30 -45],[ 15  30 -85],[ 10 -20 -40],[ -10 -100   50]
138,01050,105015,50150,15010,[ 60  31 -35],[ 11  80 -75],[ 51  31 -40],[ 31 -49  30]
139,01050,105020,50200,20010,[ 60  50 -80],[ 30  30 -70],[ 70   0 -90],[ 50 -80 -30]
140,01050,105025,50250,25010,[ 60  32 -25],[ 12  80 -65],[ 52  32 -40],[ 32 -48  10]
141,01050,105030,50300,30010,[ 60  60 -70],[ 40  30 -60],[ 80  10 -90],[ 60 -70 -50]
142,01050,105035,50350,35010,[ 60  33 -15],[ 13  80 -55],[ 53  33 -40],[ 33 -47 -10]
143,01050,105040,50400,40010,[ 60  70 -60],[ 50  30 -50],[ 90  20 -90],[ 70 -60 -70]
144,01050,105045,50450,45010,[60 34 -5],[ 14  80 -45],[ 54  34 -40],[ 34 -46 -30]
145,0155,15510,5100,10015,[ 20 -15   0],[ 25 -25  15],[ 15 -20   5],[-15   0  -5]
146,0155,15520,5200,20015,[20 -5 10],[ 35 -25  25],[ 25 -10   5],[ -5  10 -25]
147,0155,15525,5250,25015,[ 20 -23  65],[17 25 30],[ 7 22 55],[-23  42  15]
148,0155,15530,5300,30015,[20  5 20],[ 45 -25  35],[35  0  5],[  5  20 -45]
149,0155,15535,5350,35015,[ 20 -22  75],[18 25 40],[ 8 23 55],[-22  43  -5]
150,0155,15540,5400,40015,[20 15 30],[ 55 -25  45],[45 10  5],[ 15  30 -65]
151,0155,15545,5450,45015,[ 20 -21  85],[19 25 50],[ 9 24 55],[-21  44 -25]
152,0155,15550,5500,50015,[20 25 40],[ 65 -25  55],[55 20  5],[ 25  40 -85]
153,01510,15105,1050,5015,[ 16 -20  35],[ 20 -20   0],[  6 -30  45],[-24 -20  55]
154,01510,151020,10200,20015,[25  0  0],[ 35 -20  15],[ 30 -10  -5],[  0   0 -25]
155,01510,151025,10250,25015,[ 25 -18  55],[17 30 20],[12 22 45],[-18  32  15]
156,01510,151030,10300,30015,[25 10 10],[ 45 -20  25],[40  0 -5],[ 10  10 -45]
157,01510,151035,10350,35015,[ 25 -17  65],[18 30 30],[13 23 45],[-17  33  -5]
158,01510,151040,10400,40015,[25 20 20],[ 55 -20  35],[50 10 -5],[ 20  20 -65]
159,01510,151045,10450,45015,[ 25 -16  75],[19 30 40],[14 24 45],[-16  34 -25]
160,01510,151050,10500,50015,[25 30 30],[ 65 -20  45],[60 20 -5],[ 30  30 -85]
161,01520,15205,2050,5015,[ 17 -10  15],[ 20 -10 -20],[  7 -30  25],[-23 -40  55]
162,01520,152010,20100,10015,[ 35   0 -30],[ 25 -10 -15],[ 30 -20 -25],[  0 -30  -5]
163,01520,152025,20250,25015,[35 -8 35],[17 40  0],[22 22 25],[-8 12 15]
164,01520,152030,20300,30015,[ 35  20 -10],[ 45 -10   5],[ 50   0 -25],[ 20 -10 -45]
165,01520,152035,20350,35015,[35 -7 45],[18 40 10],[23 23 25],[-7 13 -5]
166,01520,152040,20400,40015,[35 30  0],[ 55 -10  15],[ 60  10 -25],[ 30   0 -65]
167,01520,152045,20450,45015,[35 -6 55],[19 40 20],[24 24 25],[ -6  14 -25]
168,01520,152050,20500,50015,[35 40 10],[ 65 -10  25],[ 70  20 -25],[ 40  10 -85]
169,01525,15255,2550,5015,[17  0  5],[ 20  -5 -30],[  7 -25  15],[-23 -45  55]
170,01525,152510,25100,10015,[ 40   5 -40],[ 25  -5 -25],[ 35 -20 -35],[  5 -40  -5]
171,01525,152520,25200,20015,[ 40  15 -30],[ 35  -5 -15],[ 45 -10 -35],[ 15 -30 -25]
172,01525,152530,25300,30015,[ 40  25 -20],[45 -5 -5],[ 55   0 -35],[ 25 -20 -45]
173,01525,152535,25350,35015,[40 -2 35],[18 45  0],[28 23 15],[-2  3 -5]
174,01525,152540,25400,40015,[ 40  35 -10],[55 -5  5],[ 65  10 -35],[ 35 -10 -65]
175,01525,152545,25450,45015,[40 -1 45],[19 45 10],[29 24 15],[ -1   4 -25]
176,01525,152550,25500,50015,[40 45  0],[65 -5 15],[ 75  20 -35],[ 45   0 -85]
177,01530,15305,3050,5015,[18  0 -5],[ 20   0 -40],[  8 -30   5],[-22 -60  55]
178,01530,153010,30100,10015,[ 45  10 -50],[ 25   0 -35],[ 40 -20 -45],[ 10 -50  -5]
179,01530,153020,30200,20015,[ 45  20 -40],[ 35   0 -25],[ 50 -10 -45],[ 20 -40 -25]
180,01530,153025,30250,25015,[45  2 15],[ 17  50 -20],[32 22  5],[ 2 -8 15]
181,01530,153035,30350,35015,[45  3 25],[ 18  50 -10],[33 23  5],[ 3 -7 -5]
182,01530,153040,30400,40015,[ 45  40 -20],[55  0 -5],[ 70  10 -45],[ 40 -20 -65]
183,01530,153045,30450,45015,[45  4 35],[19 50  0],[34 24  5],[  4  -6 -25]
184,01530,153050,30500,50015,[ 45  50 -10],[65  0  5],[ 80  20 -45],[ 50 -10 -85]
185,01535,15355,3550,5015,[ 18  10 -15],[ 20   5 -50],[  8 -25  -5],[-22 -65  55]
186,01535,153510,35100,10015,[ 50  15 -60],[ 25   5 -45],[ 45 -20 -55],[ 15 -60  -5]
187,01535,153520,35200,20015,[ 50  25 -50],[ 35   5 -35],[ 55 -10 -55],[ 25 -50 -25]
188,01535,153525,35250,25015,[50  7  5],[ 17  55 -30],[37 22 -5],[  7 -18  15]
189,01535,153530,35300,30015,[ 50  35 -40],[ 45   5 -25],[ 65   0 -55],[ 35 -40 -45]
190,01535,153540,35400,40015,[ 50  45 -30],[ 55   5 -15],[ 75  10 -55],[ 45 -30 -65]
191,01535,153545,35450,45015,[50  9 25],[ 19  55 -10],[39 24 -5],[  9 -16 -25]
192,01535,153550,35500,50015,[ 50  55 -20],[65  5 -5],[ 85  20 -55],[ 55 -20 -85]
193,01540,15405,4050,5015,[ 19  10 -25],[ 20  10 -60],[  9 -30 -15],[-21 -80  55]
194,01540,154010,40100,10015,[ 55  20 -70],[ 25  10 -55],[ 50 -20 -65],[ 20 -70  -5]
195,01540,154020,40200,20015,[ 55  30 -60],[ 35  10 -45],[ 60 -10 -65],[ 30 -60 -25]
196,01540,154025,40250,25015,[55 12 -5],[ 17  60 -40],[ 42  22 -15],[ 12 -28  15]
197,01540,154030,40300,30015,[ 55  40 -50],[ 45  10 -35],[ 70   0 -65],[ 40 -50 -45]
198,01540,154035,40350,35015,[55 13  5],[ 18  60 -30],[ 43  23 -15],[ 13 -27  -5]
199,01540,154045,40450,45015,[55 14 15],[ 19  60 -20],[ 44  24 -15],[ 14 -26 -25]
200,01540,154050,40500,50015,[ 55  60 -30],[ 65  10 -15],[ 90  20 -65],[ 60 -30 -85]
201,01545,15455,4550,5015,[ 19  20 -35],[ 20  15 -70],[  9 -25 -25],[-21 -85  55]
202,01545,154510,45100,10015,[ 60  25 -80],[ 25  15 -65],[ 55 -20 -75],[ 25 -80  -5]
203,01545,154520,45200,20015,[ 60  35 -70],[ 35  15 -55],[ 65 -10 -75],[ 35 -70 -25]
204,01545,154525,45250,25015,[ 60  17 -15],[ 17  65 -50],[ 47  22 -25],[ 17 -38  15]
205,01545,154530,45300,30015,[ 60  45 -60],[ 45  15 -45],[ 75   0 -75],[ 45 -60 -45]
206,01545,154535,45350,35015,[60 18 -5],[ 18  65 -40],[ 48  23 -25],[ 18 -37  -5]
207,01545,154540,45400,40015,[ 60  55 -50],[ 55  15 -35],[ 85  10 -75],[ 55 -50 -65]
208,01545,154550,45500,50015,[ 60  65 -40],[ 65  15 -25],[ 95  20 -75],[ 65 -40 -85]
209,01550,15505,5050,5015,[ 20  20 -45],[ 20  20 -80],[ 10 -30 -35],[ -20 -100   55]
210,01550,155010,50100,10015,[ 65  30 -90],[ 25  20 -75],[ 60 -20 -85],[ 30 -90  -5]
211,01550,155020,50200,20015,[ 65  40 -80],[ 35  20 -65],[ 70 -10 -85],[ 40 -80 -25]
212,01550,155025,50250,25015,[ 65  22 -25],[ 17  70 -60],[ 52  22 -35],[ 22 -48  15]
213,01550,155030,50300,30015,[ 65  50 -70],[ 45  20 -55],[ 80   0 -85],[ 50 -70 -45]
214,01550,155035,50350,35015,[ 65  23 -15],[ 18  70 -50],[ 53  23 -35],[ 23 -47  -5]
215,01550,155040,50400,40015,[ 65  60 -60],[ 55  20 -45],[ 90  10 -85],[ 60 -60 -65]
216,01550,155045,50450,45015,[65 24 -5],[ 19  70 -40],[ 54  24 -35],[ 24 -46 -25]
217,0205,20510,5100,10020,[ 25 -25   0],[ 30 -35  20],[ 15 -30  10],[-25   0   0]
218,0205,20515,5150,15020,[ 25 -34  55],[21 15 25],[ 6 11 60],[-34  41  40]
219,0205,20525,5250,25020,[ 25 -33  65],[22 15 35],[ 7 12 60],[-33  42  20]
220,0205,20530,5300,30020,[25 -5 20],[ 50 -35  40],[ 35 -10  10],[ -5  20 -40]
221,0205,20535,5350,35020,[ 25 -32  75],[23 15 45],[ 8 13 60],[-32  43   0]
222,0205,20540,5400,40020,[25  5 30],[ 60 -35  50],[45  0 10],[  5  30 -60]
223,0205,20545,5450,45020,[ 25 -31  85],[24 15 55],[ 9 14 60],[-31  44 -20]
224,0205,20550,5500,50020,[25 15 40],[ 70 -35  60],[55 10 10],[ 15  40 -80]
225,02010,20105,1050,5020,[ 21 -30  35],[ 25 -30   5],[  6 -40  50],[-34 -20  60]
226,02010,201015,10150,15020,[ 30 -29  45],[21 20 15],[11 11 50],[-29  31  40]
227,02010,201025,10250,25020,[ 30 -28  55],[22 20 25],[12 12 50],[-28  32  20]
228,02010,201030,10300,30020,[30  0 10],[ 50 -30  30],[ 40 -10   0],[  0  10 -40]
229,02010,201035,10350,35020,[ 30 -27  65],[23 20 35],[13 13 50],[-27  33   0]
230,02010,201040,10400,40020,[30 10 20],[ 60 -30  40],[50  0  0],[ 10  20 -60]
231,02010,201045,10450,45020,[ 30 -26  75],[24 20 45],[14 14 50],[-26  34 -20]
232,02010,201050,10500,50020,[30 20 30],[ 70 -30  50],[60 10  0],[ 20  30 -80]
233,02015,20155,1550,5020,[ 21 -20  25],[ 25 -25  -5],[  6 -35  40],[-34 -25  60]
234,02015,201510,15100,10020,[ 35 -15 -20],[ 30 -25   0],[ 25 -30 -10],[-15 -20   0]
235,02015,201525,15250,25020,[ 35 -23  45],[22 25 15],[17 12 40],[-23  22  20]
236,02015,201530,15300,30020,[35  5  0],[ 50 -25  20],[ 45 -10 -10],[  5   0 -40]
237,02015,201535,15350,35020,[ 35 -22  55],[23 25 25],[18 13 40],[-22  23   0]
238,02015,201540,15400,40020,[35 15 10],[ 60 -25  30],[ 55   0 -10],[ 15  10 -60]
239,02015,201545,15450,45020,[ 35 -21  65],[24 25 35],[19 14 40],[-21  24 -20]
240,02015,201550,15500,50020,[35 25 20],[ 70 -25  40],[ 65  10 -10],[ 25  20 -80]
241,02025,20255,2550,5020,[ 22 -10   5],[ 25 -15 -25],[  7 -35  20],[-33 -45  60]
242,02025,202510,25100,10020,[ 45  -5 -40],[ 30 -15 -20],[ 35 -30 -30],[ -5 -40   0]
243,02025,202515,25150,15020,[ 45 -14  15],[ 21  35 -15],[26 11 20],[-14   1  40]
244,02025,202530,25300,30020,[ 45  15 -20],[ 50 -15   0],[ 55 -10 -30],[ 15 -20 -40]
245,02025,202535,25350,35020,[ 45 -12  35],[23 35  5],[28 13 20],[-12   3   0]
246,02025,202540,25400,40020,[ 45  25 -10],[ 60 -15  10],[ 65   0 -30],[ 25 -10 -60]
247,02025,202545,25450,45020,[ 45 -11  45],[24 35 15],[29 14 20],[-11   4 -20]
248,02025,202550,25500,50020,[45 35  0],[ 70 -15  20],[ 75  10 -30],[ 35   0 -80]
249,02030,20305,3050,5020,[ 23 -10  -5],[ 25 -10 -35],[  8 -40  10],[-32 -60  60]
250,02030,203010,30100,10020,[ 50   0 -50],[ 30 -10 -30],[ 40 -30 -40],[  0 -50   0]
251,02030,203015,30150,15020,[50 -9  5],[ 21  40 -25],[31 11 10],[-9 -9 40]
252,02030,203025,30250,25020,[50 -8 15],[ 22  40 -15],[32 12 10],[-8 -8 20]
253,02030,203035,30350,35020,[50 -7 25],[23 40 -5],[33 13 10],[-7 -7  0]
254,02030,203040,30400,40020,[ 50  30 -20],[ 60 -10   0],[ 70   0 -40],[ 30 -20 -60]
255,02030,203045,30450,45020,[50 -6 35],[24 40  5],[34 14 10],[ -6  -6 -20]
256,02030,203050,30500,50020,[ 50  40 -10],[ 70 -10  10],[ 80  10 -40],[ 40 -10 -80]
257,02035,20355,3550,5020,[ 23   0 -15],[ 25  -5 -45],[  8 -35   0],[-32 -65  60]
258,02035,203510,35100,10020,[ 55   5 -60],[ 30  -5 -40],[ 45 -30 -50],[  5 -60   0]
259,02035,203515,35150,15020,[55 -4 -5],[ 21  45 -35],[36 11  0],[ -4 -19  40]
260,02035,203525,35250,25020,[55 -3  5],[ 22  45 -25],[37 12  0],[ -3 -18  20]
261,02035,203530,35300,30020,[ 55  25 -40],[ 50  -5 -20],[ 65 -10 -50],[ 25 -40 -40]
262,02035,203540,35400,40020,[ 55  35 -30],[ 60  -5 -10],[ 75   0 -50],[ 35 -30 -60]
263,02035,203545,35450,45020,[55 -1 25],[24 45 -5],[39 14  0],[ -1 -16 -20]
264,02035,203550,35500,50020,[ 55  45 -20],[70 -5  0],[ 85  10 -50],[ 45 -20 -80]
265,02040,20405,4050,5020,[ 24   0 -25],[ 25   0 -55],[  9 -40 -10],[-31 -80  60]
266,02040,204010,40100,10020,[ 60  10 -70],[ 30   0 -50],[ 50 -30 -60],[ 10 -70   0]
267,02040,204015,40150,15020,[ 60   1 -15],[ 21  50 -45],[ 41  11 -10],[  1 -29  40]
268,02040,204025,40250,25020,[60  2 -5],[ 22  50 -35],[ 42  12 -10],[  2 -28  20]
269,02040,204030,40300,30020,[ 60  30 -50],[ 50   0 -30],[ 70 -10 -60],[ 30 -50 -40]
270,02040,204035,40350,35020,[60  3  5],[ 23  50 -25],[ 43  13 -10],[  3 -27   0]
271,02040,204045,40450,45020,[60  4 15],[ 24  50 -15],[ 44  14 -10],[  4 -26 -20]
272,02040,204050,40500,50020,[ 60  50 -30],[ 70   0 -10],[ 90  10 -60],[ 50 -30 -80]
273,02045,20455,4550,5020,[ 24  10 -35],[ 25   5 -65],[  9 -35 -20],[-31 -85  60]
274,02045,204510,45100,10020,[ 65  15 -80],[ 30   5 -60],[ 55 -30 -70],[ 15 -80   0]
275,02045,204515,45150,15020,[ 65   6 -25],[ 21  55 -55],[ 46  11 -20],[  6 -39  40]
276,02045,204525,45250,25020,[ 65   7 -15],[ 22  55 -45],[ 47  12 -20],[  7 -38  20]
277,02045,204530,45300,30020,[ 65  35 -60],[ 50   5 -40],[ 75 -10 -70],[ 35 -60 -40]
278,02045,204535,45350,35020,[65  8 -5],[ 23  55 -35],[ 48  13 -20],[  8 -37   0]
279,02045,204540,45400,40020,[ 65  45 -50],[ 60   5 -30],[ 85   0 -70],[ 45 -50 -60]
280,02045,204550,45500,50020,[ 65  55 -40],[ 70   5 -20],[ 95  10 -70],[ 55 -40 -80]
281,02050,20505,5050,5020,[ 25  10 -45],[ 25  10 -75],[ 10 -40 -30],[ -30 -100   60]
282,02050,205010,50100,10020,[ 70  20 -90],[ 30  10 -70],[ 60 -30 -80],[ 20 -90   0]
283,02050,205015,50150,15020,[ 70  11 -35],[ 21  60 -65],[ 51  11 -30],[ 11 -49  40]
284,02050,205025,50250,25020,[ 70  12 -25],[ 22  60 -55],[ 52  12 -30],[ 12 -48  20]
285,02050,205030,50300,30020,[ 70  40 -70],[ 50  10 -50],[ 80 -10 -80],[ 40 -70 -40]
286,02050,205035,50350,35020,[ 70  13 -15],[ 23  60 -45],[ 53  13 -30],[ 13 -47   0]
287,02050,205040,50400,40020,[ 70  50 -60],[ 60  10 -40],[ 90   0 -80],[ 50 -60 -60]
288,02050,205045,50450,45020,[70 14 -5],[ 24  60 -35],[ 54  14 -30],[ 14 -46 -20]
289,0255,25510,5100,10025,[ 30 -35   0],[ 35 -45  25],[ 15 -40  15],[-35   0   5]
290,0255,25515,5150,15025,[ 30 -44  55],[26  5 30],[ 6  1 65],[-44  41  45]
291,0255,25520,5200,20025,[ 30 -25  10],[ 45 -45  35],[ 25 -30  15],[-25  10 -15]
292,0255,25530,5300,30025,[ 30 -15  20],[ 55 -45  45],[ 35 -20  15],[-15  20 -35]
293,0255,25535,5350,35025,[ 30 -42  75],[28  5 50],[ 8  3 65],[-42  43   5]
294,0255,25540,5400,40025,[30 -5 30],[ 65 -45  55],[ 45 -10  15],[ -5  30 -55]
295,0255,25545,5450,45025,[ 30 -41  85],[29  5 60],[ 9  4 65],[-41  44 -15]
296,0255,25550,5500,50025,[30  5 40],[ 75 -45  65],[55  0 15],[  5  40 -75]
297,02510,25105,1050,5025,[ 26 -40  35],[ 30 -40  10],[  6 -50  55],[-44 -20  65]
298,02510,251015,10150,15025,[ 35 -39  45],[26 10 20],[11  1 55],[-39  31  45]
299,02510,251020,10200,20025,[ 35 -20   0],[ 45 -40  25],[ 30 -30   5],[-20   0 -15]
300,02510,251030,10300,30025,[ 35 -10  10],[ 55 -40  35],[ 40 -20   5],[-10  10 -35]
301,02510,251035,10350,35025,[ 35 -37  65],[28 10 40],[13  3 55],[-37  33   5]
302,02510,251040,10400,40025,[35  0 20],[ 65 -40  45],[ 50 -10   5],[  0  20 -55]
303,02510,251045,10450,45025,[ 35 -36  75],[29 10 50],[14  4 55],[-36  34 -15]
304,02510,251050,10500,50025,[35 10 30],[ 75 -40  55],[60  0  5],[ 10  30 -75]
305,02515,25155,1550,5025,[ 26 -30  25],[ 30 -35   0],[  6 -45  45],[-44 -25  65]
306,02515,251510,15100,10025,[ 40 -25 -20],[ 35 -35   5],[ 25 -40  -5],[-25 -20   5]
307,02515,251520,15200,20025,[ 40 -15 -10],[ 45 -35  15],[ 35 -30  -5],[-15 -10 -15]
308,02515,251530,15300,30025,[40 -5  0],[ 55 -35  25],[ 45 -20  -5],[ -5   0 -35]
309,02515,251535,15350,35025,[ 40 -32  55],[28 15 30],[18  3 45],[-32  23   5]
310,02515,251540,15400,40025,[40  5 10],[ 65 -35  35],[ 55 -10  -5],[  5  10 -55]
311,02515,251545,15450,45025,[ 40 -31  65],[29 15 40],[19  4 45],[-31  24 -15]
312,02515,251550,15500,50025,[40 15 20],[ 75 -35  45],[65  0 -5],[ 15  20 -75]
313,02520,25205,2050,5025,[ 27 -30  15],[ 30 -30 -10],[  7 -50  35],[-43 -40  65]
314,02520,252010,20100,10025,[ 45 -20 -30],[ 35 -30  -5],[ 30 -40 -15],[-20 -30   5]
315,02520,252015,20150,15025,[ 45 -29  25],[26 20  0],[21  1 35],[-29  11  45]
316,02520,252030,20300,30025,[ 45   0 -10],[ 55 -30  15],[ 50 -20 -15],[  0 -10 -35]
317,02520,252035,20350,35025,[ 45 -27  45],[28 20 20],[23  3 35],[-27  13   5]
318,02520,252040,20400,40025,[45 10  0],[ 65 -30  25],[ 60 -10 -15],[ 10   0 -55]
319,02520,252045,20450,45025,[ 45 -26  55],[29 20 30],[24  4 35],[-26  14 -15]
320,02520,252050,20500,50025,[45 20 10],[ 75 -30  35],[ 70   0 -15],[ 20  10 -75]
321,02530,25305,3050,5025,[ 28 -20  -5],[ 30 -20 -30],[  8 -50  15],[-42 -60  65]
322,02530,253010,30100,10025,[ 55 -10 -50],[ 35 -20 -25],[ 40 -40 -35],[-10 -50   5]
323,02530,253015,30150,15025,[ 55 -19   5],[ 26  30 -20],[31  1 15],[-19  -9  45]
324,02530,253020,30200,20025,[ 55   0 -40],[ 45 -20 -15],[ 50 -30 -35],[  0 -40 -15]
325,02530,253035,30350,35025,[ 55 -17  25],[28 30  0],[33  3 15],[-17  -7   5]
326,02530,253040,30400,40025,[ 55  20 -20],[ 65 -20   5],[ 70 -10 -35],[ 20 -20 -55]
327,02530,253045,30450,45025,[ 55 -16  35],[29 30 10],[34  4 15],[-16  -6 -15]
328,02530,253050,30500,50025,[ 55  30 -10],[ 75 -20  15],[ 80   0 -35],[ 30 -10 -75]
329,02535,25355,3550,5025,[ 28 -10 -15],[ 30 -15 -40],[  8 -45   5],[-42 -65  65]
330,02535,253510,35100,10025,[ 60  -5 -60],[ 35 -15 -35],[ 45 -40 -45],[ -5 -60   5]
331,02535,253515,35150,15025,[ 60 -14  -5],[ 26  35 -30],[36  1  5],[-14 -19  45]
332,02535,253520,35200,20025,[ 60   5 -50],[ 45 -15 -25],[ 55 -30 -45],[  5 -50 -15]
333,02535,253530,35300,30025,[ 60  15 -40],[ 55 -15 -15],[ 65 -20 -45],[ 15 -40 -35]
334,02535,253540,35400,40025,[ 60  25 -30],[ 65 -15  -5],[ 75 -10 -45],[ 25 -30 -55]
335,02535,253545,35450,45025,[ 60 -11  25],[29 35  0],[39  4  5],[-11 -16 -15]
336,02535,253550,35500,50025,[ 60  35 -20],[ 75 -15   5],[ 85   0 -45],[ 35 -20 -75]
337,02540,25405,4050,5025,[ 29 -10 -25],[ 30 -10 -50],[  9 -50  -5],[-41 -80  65]
338,02540,254010,40100,10025,[ 65   0 -70],[ 35 -10 -45],[ 50 -40 -55],[  0 -70   5]
339,02540,254015,40150,15025,[ 65  -9 -15],[ 26  40 -40],[41  1 -5],[ -9 -29  45]
340,02540,254020,40200,20025,[ 65  10 -60],[ 45 -10 -35],[ 60 -30 -55],[ 10 -60 -15]
341,02540,254030,40300,30025,[ 65  20 -50],[ 55 -10 -25],[ 70 -20 -55],[ 20 -50 -35]
342,02540,254035,40350,35025,[65 -7  5],[ 28  40 -20],[43  3 -5],[ -7 -27   5]
343,02540,254045,40450,45025,[65 -6 15],[ 29  40 -10],[44  4 -5],[ -6 -26 -15]
344,02540,254050,40500,50025,[ 65  40 -30],[ 75 -10  -5],[ 90   0 -55],[ 40 -30 -75]
345,02545,25455,4550,5025,[ 29   0 -35],[ 30  -5 -60],[  9 -45 -15],[-41 -85  65]
346,02545,254510,45100,10025,[ 70   5 -80],[ 35  -5 -55],[ 55 -40 -65],[  5 -80   5]
347,02545,254515,45150,15025,[ 70  -4 -25],[ 26  45 -50],[ 46   1 -15],[ -4 -39  45]
348,02545,254520,45200,20025,[ 70  15 -70],[ 45  -5 -45],[ 65 -30 -65],[ 15 -70 -15]
349,02545,254530,45300,30025,[ 70  25 -60],[ 55  -5 -35],[ 75 -20 -65],[ 25 -60 -35]
350,02545,254535,45350,35025,[70 -2 -5],[ 28  45 -30],[ 48   3 -15],[ -2 -37   5]
351,02545,254540,45400,40025,[ 70  35 -50],[ 65  -5 -25],[ 85 -10 -65],[ 35 -50 -55]
352,02545,254550,45500,50025,[ 70  45 -40],[ 75  -5 -15],[ 95   0 -65],[ 45 -40 -75]
353,02550,25505,5050,5025,[ 30   0 -45],[ 30   0 -70],[ 10 -50 -25],[ -40 -100   65]
354,02550,255010,50100,10025,[ 75  10 -90],[ 35   0 -65],[ 60 -40 -75],[ 10 -90   5]
355,02550,255015,50150,15025,[ 75   1 -35],[ 26  50 -60],[ 51   1 -25],[  1 -49  45]
356,02550,255020,50200,20025,[ 75  20 -80],[ 45   0 -55],[ 70 -30 -75],[ 20 -80 -15]
357,02550,255030,50300,30025,[ 75  30 -70],[ 55   0 -45],[ 80 -20 -75],[ 30 -70 -35]
358,02550,255035,50350,35025,[ 75   3 -15],[ 28  50 -40],[ 53   3 -25],[  3 -47   5]
359,02550,255040,50400,40025,[ 75  40 -60],[ 65   0 -35],[ 90 -10 -75],[ 40 -60 -55]
360,02550,255045,50450,45025,[75  4 -5],[ 29  50 -30],[ 54   4 -25],[  4 -46 -15]
361,0305,30510,5100,10030,[ 35 -45   0],[ 40 -55  30],[ 15 -50  20],[-45   0  10]
362,0305,30515,5150,15030,[ 35 -54  55],[31 -5 35],[ 6 -9 70],[-54  41  50]
363,0305,30520,5200,20030,[ 35 -35  10],[ 50 -55  40],[ 25 -40  20],[-35  10 -10]
364,0305,30525,5250,25030,[ 35 -53  65],[32 -5 45],[ 7 -8 70],[-53  42  30]
365,0305,30535,5350,35030,[ 35 -52  75],[33 -5 55],[ 8 -7 70],[-52  43  10]
366,0305,30540,5400,40030,[ 35 -15  30],[ 70 -55  60],[ 45 -20  20],[-15  30 -50]
367,0305,30545,5450,45030,[ 35 -51  85],[34 -5 65],[ 9 -6 70],[-51  44 -10]
368,0305,30550,5500,50030,[35 -5 40],[ 80 -55  70],[ 55 -10  20],[ -5  40 -70]
369,03010,30105,1050,5030,[ 31 -50  35],[ 35 -50  15],[  6 -60  60],[-54 -20  70]
370,03010,301015,10150,15030,[ 40 -49  45],[31  0 25],[11 -9 60],[-49  31  50]
371,03010,301020,10200,20030,[ 40 -30   0],[ 50 -50  30],[ 30 -40  10],[-30   0 -10]
372,03010,301025,10250,25030,[ 40 -48  55],[32  0 35],[12 -8 60],[-48  32  30]
373,03010,301035,10350,35030,[ 40 -47  65],[33  0 45],[13 -7 60],[-47  33  10]
374,03010,301040,10400,40030,[ 40 -10  20],[ 70 -50  50],[ 50 -20  10],[-10  20 -50]
375,03010,301045,10450,45030,[ 40 -46  75],[34  0 55],[14 -6 60],[-46  34 -10]
376,03010,301050,10500,50030,[40  0 30],[ 80 -50  60],[ 60 -10  10],[  0  30 -70]
377,03015,30155,1550,5030,[ 31 -40  25],[ 35 -45   5],[  6 -55  50],[-54 -25  70]
378,03015,301510,15100,10030,[ 45 -35 -20],[ 40 -45  10],[ 25 -50   0],[-35 -20  10]
379,03015,301520,15200,20030,[ 45 -25 -10],[ 50 -45  20],[ 35 -40   0],[-25 -10 -10]
380,03015,301525,15250,25030,[ 45 -43  45],[32  5 25],[17 -8 50],[-43  22  30]
381,03015,301535,15350,35030,[ 45 -42  55],[33  5 35],[18 -7 50],[-42  23  10]
382,03015,301540,15400,40030,[45 -5 10],[ 70 -45  40],[ 55 -20   0],[ -5  10 -50]
383,03015,301545,15450,45030,[ 45 -41  65],[34  5 45],[19 -6 50],[-41  24 -10]
384,03015,301550,15500,50030,[45  5 20],[ 80 -45  50],[ 65 -10   0],[  5  20 -70]
385,03020,30205,2050,5030,[ 32 -40  15],[ 35 -40  -5],[  7 -60  40],[-53 -40  70]
386,03020,302010,20100,10030,[ 50 -30 -30],[ 40 -40   0],[ 30 -50 -10],[-30 -30  10]
387,03020,302015,20150,15030,[ 50 -39  25],[31 10  5],[21 -9 40],[-39  11  50]
388,03020,302025,20250,25030,[ 50 -38  35],[32 10 15],[22 -8 40],[-38  12  30]
389,03020,302035,20350,35030,[ 50 -37  45],[33 10 25],[23 -7 40],[-37  13  10]
390,03020,302040,20400,40030,[50  0  0],[ 70 -40  30],[ 60 -20 -10],[  0   0 -50]
391,03020,302045,20450,45030,[ 50 -36  55],[34 10 35],[24 -6 40],[-36  14 -10]
392,03020,302050,20500,50030,[50 10 10],[ 80 -40  40],[ 70 -10 -10],[ 10  10 -70]
393,03025,30255,2550,5030,[ 32 -30   5],[ 35 -35 -15],[  7 -55  30],[-53 -45  70]
394,03025,302510,25100,10030,[ 55 -25 -40],[ 40 -35 -10],[ 35 -50 -20],[-25 -40  10]
395,03025,302515,25150,15030,[ 55 -34  15],[31 15 -5],[26 -9 30],[-34   1  50]
396,03025,302520,25200,20030,[ 55 -15 -30],[ 50 -35   0],[ 45 -40 -20],[-15 -30 -10]
397,03025,302535,25350,35030,[ 55 -32  35],[33 15 15],[28 -7 30],[-32   3  10]
398,03025,302540,25400,40030,[ 55   5 -10],[ 70 -35  20],[ 65 -20 -20],[  5 -10 -50]
399,03025,302545,25450,45030,[ 55 -31  45],[34 15 25],[29 -6 30],[-31   4 -10]
400,03025,302550,25500,50030,[55 15  0],[ 80 -35  30],[ 75 -10 -20],[ 15   0 -70]
401,03035,30355,3550,5030,[ 33 -20 -15],[ 35 -25 -35],[  8 -55  10],[-52 -65  70]
402,03035,303510,35100,10030,[ 65 -15 -60],[ 40 -25 -30],[ 45 -50 -40],[-15 -60  10]
403,03035,303515,35150,15030,[ 65 -24  -5],[ 31  25 -25],[36 -9 10],[-24 -19  50]
404,03035,303520,35200,20030,[ 65  -5 -50],[ 50 -25 -20],[ 55 -40 -40],[ -5 -50 -10]
405,03035,303525,35250,25030,[ 65 -23   5],[ 32  25 -15],[37 -8 10],[-23 -18  30]
406,03035,303540,35400,40030,[ 65  15 -30],[ 70 -25   0],[ 75 -20 -40],[ 15 -30 -50]
407,03035,303545,35450,45030,[ 65 -21  25],[34 25  5],[39 -6 10],[-21 -16 -10]
408,03035,303550,35500,50030,[ 65  25 -20],[ 80 -25  10],[ 85 -10 -40],[ 25 -20 -70]
409,03040,30405,4050,5030,[ 34 -20 -25],[ 35 -20 -45],[  9 -60   0],[-51 -80  70]
410,03040,304010,40100,10030,[ 70 -10 -70],[ 40 -20 -40],[ 50 -50 -50],[-10 -70  10]
411,03040,304015,40150,15030,[ 70 -19 -15],[ 31  30 -35],[41 -9  0],[-19 -29  50]
412,03040,304020,40200,20030,[ 70   0 -60],[ 50 -20 -30],[ 60 -40 -50],[  0 -60 -10]
413,03040,304025,40250,25030,[ 70 -18  -5],[ 32  30 -25],[42 -8  0],[-18 -28  30]
414,03040,304035,40350,35030,[ 70 -17   5],[ 33  30 -15],[43 -7  0],[-17 -27  10]
415,03040,304045,40450,45030,[ 70 -16  15],[34 30 -5],[44 -6  0],[-16 -26 -10]
416,03040,304050,40500,50030,[ 70  30 -30],[ 80 -20   0],[ 90 -10 -50],[ 30 -30 -70]
417,03045,30455,4550,5030,[ 34 -10 -35],[ 35 -15 -55],[  9 -55 -10],[-51 -85  70]
418,03045,304510,45100,10030,[ 75  -5 -80],[ 40 -15 -50],[ 55 -50 -60],[ -5 -80  10]
419,03045,304515,45150,15030,[ 75 -14 -25],[ 31  35 -45],[ 46  -9 -10],[-14 -39  50]
420,03045,304520,45200,20030,[ 75   5 -70],[ 50 -15 -40],[ 65 -40 -60],[  5 -70 -10]
421,03045,304525,45250,25030,[ 75 -13 -15],[ 32  35 -35],[ 47  -8 -10],[-13 -38  30]
422,03045,304535,45350,35030,[ 75 -12  -5],[ 33  35 -25],[ 48  -7 -10],[-12 -37  10]
423,03045,304540,45400,40030,[ 75  25 -50],[ 70 -15 -20],[ 85 -20 -60],[ 25 -50 -50]
424,03045,304550,45500,50030,[ 75  35 -40],[ 80 -15 -10],[ 95 -10 -60],[ 35 -40 -70]
425,03050,30505,5050,5030,[ 35 -10 -45],[ 35 -10 -65],[ 10 -60 -20],[ -50 -100   70]
426,03050,305010,50100,10030,[ 80   0 -90],[ 40 -10 -60],[ 60 -50 -70],[  0 -90  10]
427,03050,305015,50150,15030,[ 80  -9 -35],[ 31  40 -55],[ 51  -9 -20],[ -9 -49  50]
428,03050,305020,50200,20030,[ 80  10 -80],[ 50 -10 -50],[ 70 -40 -70],[ 10 -80 -10]
429,03050,305025,50250,25030,[ 80  -8 -25],[ 32  40 -45],[ 52  -8 -20],[ -8 -48  30]
430,03050,305035,50350,35030,[ 80  -7 -15],[ 33  40 -35],[ 53  -7 -20],[ -7 -47  10]
431,03050,305040,50400,40030,[ 80  30 -60],[ 70 -10 -30],[ 90 -20 -70],[ 30 -60 -50]
432,03050,305045,50450,45030,[80 -6 -5],[ 34  40 -25],[ 54  -6 -20],[ -6 -46 -10]
433,0355,35510,5100,10035,[ 40 -55   0],[ 45 -65  35],[ 15 -60  25],[-55   0  15]
434,0355,35515,5150,15035,[ 40 -64  55],[ 36 -15  40],[  6 -19  75],[-64  41  55]
435,0355,35520,5200,20035,[ 40 -45  10],[ 55 -65  45],[ 25 -50  25],[-45  10  -5]
436,0355,35525,5250,25035,[ 40 -63  65],[ 37 -15  50],[  7 -18  75],[-63  42  35]
437,0355,35530,5300,30035,[ 40 -35  20],[ 65 -65  55],[ 35 -40  25],[-35  20 -25]
438,0355,35540,5400,40035,[ 40 -25  30],[ 75 -65  65],[ 45 -30  25],[-25  30 -45]
439,0355,35545,5450,45035,[ 40 -61  85],[ 39 -15  70],[  9 -16  75],[-61  44  -5]
440,0355,35550,5500,50035,[ 40 -15  40],[ 85 -65  75],[ 55 -20  25],[-15  40 -65]
441,03510,35105,1050,5035,[ 36 -60  35],[ 40 -60  20],[  6 -70  65],[-64 -20  75]
442,03510,351015,10150,15035,[ 45 -59  45],[ 36 -10  30],[ 11 -19  65],[-59  31  55]
443,03510,351020,10200,20035,[ 45 -40   0],[ 55 -60  35],[ 30 -50  15],[-40   0  -5]
444,03510,351025,10250,25035,[ 45 -58  55],[ 37 -10  40],[ 12 -18  65],[-58  32  35]
445,03510,351030,10300,30035,[ 45 -30  10],[ 65 -60  45],[ 40 -40  15],[-30  10 -25]
446,03510,351040,10400,40035,[ 45 -20  20],[ 75 -60  55],[ 50 -30  15],[-20  20 -45]
447,03510,351045,10450,45035,[ 45 -56  75],[ 39 -10  60],[ 14 -16  65],[-56  34  -5]
448,03510,351050,10500,50035,[ 45 -10  30],[ 85 -60  65],[ 60 -20  15],[-10  30 -65]
449,03515,35155,1550,5035,[ 36 -50  25],[ 40 -55  10],[  6 -65  55],[-64 -25  75]
450,03515,351510,15100,10035,[ 50 -45 -20],[ 45 -55  15],[ 25 -60   5],[-45 -20  15]
451,03515,351520,15200,20035,[ 50 -35 -10],[ 55 -55  25],[ 35 -50   5],[-35 -10  -5]
452,03515,351525,15250,25035,[ 50 -53  45],[37 -5 30],[ 17 -18  55],[-53  22  35]
453,03515,351530,15300,30035,[ 50 -25   0],[ 65 -55  35],[ 45 -40   5],[-25   0 -25]
454,03515,351540,15400,40035,[ 50 -15  10],[ 75 -55  45],[ 55 -30   5],[-15  10 -45]
455,03515,351545,15450,45035,[ 50 -51  65],[39 -5 50],[ 19 -16  55],[-51  24  -5]
456,03515,351550,15500,50035,[50 -5 20],[ 85 -55  55],[ 65 -20   5],[ -5  20 -65]
457,03520,35205,2050,5035,[ 37 -50  15],[ 40 -50   0],[  7 -70  45],[-63 -40  75]
458,03520,352010,20100,10035,[ 55 -40 -30],[ 45 -50   5],[ 30 -60  -5],[-40 -30  15]
459,03520,352015,20150,15035,[ 55 -49  25],[36  0 10],[ 21 -19  45],[-49  11  55]
460,03520,352025,20250,25035,[ 55 -48  35],[37  0 20],[ 22 -18  45],[-48  12  35]
461,03520,352030,20300,30035,[ 55 -20 -10],[ 65 -50  25],[ 50 -40  -5],[-20 -10 -25]
462,03520,352040,20400,40035,[ 55 -10   0],[ 75 -50  35],[ 60 -30  -5],[-10   0 -45]
463,03520,352045,20450,45035,[ 55 -46  55],[39  0 40],[ 24 -16  45],[-46  14  -5]
464,03520,352050,20500,50035,[55  0 10],[ 85 -50  45],[ 70 -20  -5],[  0  10 -65]
465,03525,35255,2550,5035,[ 37 -40   5],[ 40 -45 -10],[  7 -65  35],[-63 -45  75]
466,03525,352510,25100,10035,[ 60 -35 -40],[ 45 -45  -5],[ 35 -60 -15],[-35 -40  15]
467,03525,352515,25150,15035,[ 60 -44  15],[36  5  0],[ 26 -19  35],[-44   1  55]
468,03525,352520,25200,20035,[ 60 -25 -30],[ 55 -45   5],[ 45 -50 -15],[-25 -30  -5]
469,03525,352530,25300,30035,[ 60 -15 -20],[ 65 -45  15],[ 55 -40 -15],[-15 -20 -25]
470,03525,352540,25400,40035,[ 60  -5 -10],[ 75 -45  25],[ 65 -30 -15],[ -5 -10 -45]
471,03525,352545,25450,45035,[ 60 -41  45],[39  5 30],[ 29 -16  35],[-41   4  -5]
472,03525,352550,25500,50035,[60  5  0],[ 85 -45  35],[ 75 -20 -15],[  5   0 -65]
473,03530,35305,3050,5035,[ 38 -40  -5],[ 40 -40 -20],[  8 -70  25],[-62 -60  75]
474,03530,353010,30100,10035,[ 65 -30 -50],[ 45 -40 -15],[ 40 -60 -25],[-30 -50  15]
475,03530,353015,30150,15035,[ 65 -39   5],[ 36  10 -10],[ 31 -19  25],[-39  -9  55]
476,03530,353020,30200,20035,[ 65 -20 -40],[ 55 -40  -5],[ 50 -50 -25],[-20 -40  -5]
477,03530,353025,30250,25035,[ 65 -38  15],[37 10  0],[ 32 -18  25],[-38  -8  35]
478,03530,353040,30400,40035,[ 65   0 -20],[ 75 -40  15],[ 70 -30 -25],[  0 -20 -45]
479,03530,353045,30450,45035,[ 65 -36  35],[39 10 20],[ 34 -16  25],[-36  -6  -5]
480,03530,353050,30500,50035,[ 65  10 -10],[ 85 -40  25],[ 80 -20 -25],[ 10 -10 -65]
481,03540,35405,4050,5035,[ 39 -30 -25],[ 40 -30 -40],[  9 -70   5],[-61 -80  75]
482,03540,354010,40100,10035,[ 75 -20 -70],[ 45 -30 -35],[ 50 -60 -45],[-20 -70  15]
483,03540,354015,40150,15035,[ 75 -29 -15],[ 36  20 -30],[ 41 -19   5],[-29 -29  55]
484,03540,354020,40200,20035,[ 75 -10 -60],[ 55 -30 -25],[ 60 -50 -45],[-10 -60  -5]
485,03540,354025,40250,25035,[ 75 -28  -5],[ 37  20 -20],[ 42 -18   5],[-28 -28  35]
486,03540,354030,40300,30035,[ 75   0 -50],[ 65 -30 -15],[ 70 -40 -45],[  0 -50 -25]
487,03540,354045,40450,45035,[ 75 -26  15],[39 20  0],[ 44 -16   5],[-26 -26  -5]
488,03540,354050,40500,50035,[ 75  20 -30],[ 85 -30   5],[ 90 -20 -45],[ 20 -30 -65]
489,03545,35455,4550,5035,[ 39 -20 -35],[ 40 -25 -50],[  9 -65  -5],[-61 -85  75]
490,03545,354510,45100,10035,[ 80 -15 -80],[ 45 -25 -45],[ 55 -60 -55],[-15 -80  15]
491,03545,354515,45150,15035,[ 80 -24 -25],[ 36  25 -40],[ 46 -19  -5],[-24 -39  55]
492,03545,354520,45200,20035,[ 80  -5 -70],[ 55 -25 -35],[ 65 -50 -55],[ -5 -70  -5]
493,03545,354525,45250,25035,[ 80 -23 -15],[ 37  25 -30],[ 47 -18  -5],[-23 -38  35]
494,03545,354530,45300,30035,[ 80   5 -60],[ 65 -25 -25],[ 75 -40 -55],[  5 -60 -25]
495,03545,354540,45400,40035,[ 80  15 -50],[ 75 -25 -15],[ 85 -30 -55],[ 15 -50 -45]
496,03545,354550,45500,50035,[ 80  25 -40],[ 85 -25  -5],[ 95 -20 -55],[ 25 -40 -65]
497,03550,35505,5050,5035,[ 40 -20 -45],[ 40 -20 -60],[ 10 -70 -15],[ -60 -100   75]
498,03550,355010,50100,10035,[ 85 -10 -90],[ 45 -20 -55],[ 60 -60 -65],[-10 -90  15]
499,03550,355015,50150,15035,[ 85 -19 -35],[ 36  30 -50],[ 51 -19 -15],[-19 -49  55]
500,03550,355020,50200,20035,[ 85   0 -80],[ 55 -20 -45],[ 70 -50 -65],[  0 -80  -5]
501,03550,355025,50250,25035,[ 85 -18 -25],[ 37  30 -40],[ 52 -18 -15],[-18 -48  35]
502,03550,355030,50300,30035,[ 85  10 -70],[ 65 -20 -35],[ 80 -40 -65],[ 10 -70 -25]
503,03550,355040,50400,40035,[ 85  20 -60],[ 75 -20 -25],[ 90 -30 -65],[ 20 -60 -45]
504,03550,355045,50450,45035,[ 85 -16  -5],[ 39  30 -20],[ 54 -16 -15],[-16 -46  -5]
505,0405,40510,5100,10040,[ 45 -65   0],[ 50 -75  40],[ 15 -70  30],[-65   0  20]
506,0405,40515,5150,15040,[ 45 -74  55],[ 41 -25  45],[  6 -29  80],[-74  41  60]
507,0405,40520,5200,20040,[ 45 -55  10],[ 60 -75  50],[ 25 -60  30],[-55  10   0]
508,0405,40525,5250,25040,[ 45 -73  65],[ 42 -25  55],[  7 -28  80],[-73  42  40]
509,0405,40530,5300,30040,[ 45 -45  20],[ 70 -75  60],[ 35 -50  30],[-45  20 -20]
510,0405,40535,5350,35040,[ 45 -72  75],[ 43 -25  65],[  8 -27  80],[-72  43  20]
511,0405,40545,5450,45040,[ 45 -71  85],[ 44 -25  75],[  9 -26  80],[-71  44   0]
512,0405,40550,5500,50040,[ 45 -25  40],[ 90 -75  80],[ 55 -30  30],[-25  40 -60]
513,04010,40105,1050,5040,[ 41 -70  35],[ 45 -70  25],[  6 -80  70],[-74 -20  80]
514,04010,401015,10150,15040,[ 50 -69  45],[ 41 -20  35],[ 11 -29  70],[-69  31  60]
515,04010,401020,10200,20040,[ 50 -50   0],[ 60 -70  40],[ 30 -60  20],[-50   0   0]
516,04010,401025,10250,25040,[ 50 -68  55],[ 42 -20  45],[ 12 -28  70],[-68  32  40]
517,04010,401030,10300,30040,[ 50 -40  10],[ 70 -70  50],[ 40 -50  20],[-40  10 -20]
518,04010,401035,10350,35040,[ 50 -67  65],[ 43 -20  55],[ 13 -27  70],[-67  33  20]
519,04010,401045,10450,45040,[ 50 -66  75],[ 44 -20  65],[ 14 -26  70],[-66  34   0]
520,04010,401050,10500,50040,[ 50 -20  30],[ 90 -70  70],[ 60 -30  20],[-20  30 -60]
521,04015,40155,1550,5040,[ 41 -60  25],[ 45 -65  15],[  6 -75  60],[-74 -25  80]
522,04015,401510,15100,10040,[ 55 -55 -20],[ 50 -65  20],[ 25 -70  10],[-55 -20  20]
523,04015,401520,15200,20040,[ 55 -45 -10],[ 60 -65  30],[ 35 -60  10],[-45 -10   0]
524,04015,401525,15250,25040,[ 55 -63  45],[ 42 -15  35],[ 17 -28  60],[-63  22  40]
525,04015,401530,15300,30040,[ 55 -35   0],[ 70 -65  40],[ 45 -50  10],[-35   0 -20]
526,04015,401535,15350,35040,[ 55 -62  55],[ 43 -15  45],[ 18 -27  60],[-62  23  20]
527,04015,401545,15450,45040,[ 55 -61  65],[ 44 -15  55],[ 19 -26  60],[-61  24   0]
528,04015,401550,15500,50040,[ 55 -15  20],[ 90 -65  60],[ 65 -30  10],[-15  20 -60]
529,04020,40205,2050,5040,[ 42 -60  15],[ 45 -60   5],[  7 -80  50],[-73 -40  80]
530,04020,402010,20100,10040,[ 60 -50 -30],[ 50 -60  10],[ 30 -70   0],[-50 -30  20]
531,04020,402015,20150,15040,[ 60 -59  25],[ 41 -10  15],[ 21 -29  50],[-59  11  60]
532,04020,402025,20250,25040,[ 60 -58  35],[ 42 -10  25],[ 22 -28  50],[-58  12  40]
533,04020,402030,20300,30040,[ 60 -30 -10],[ 70 -60  30],[ 50 -50   0],[-30 -10 -20]
534,04020,402035,20350,35040,[ 60 -57  45],[ 43 -10  35],[ 23 -27  50],[-57  13  20]
535,04020,402045,20450,45040,[ 60 -56  55],[ 44 -10  45],[ 24 -26  50],[-56  14   0]
536,04020,402050,20500,50040,[ 60 -10  10],[ 90 -60  50],[ 70 -30   0],[-10  10 -60]
537,04025,40255,2550,5040,[ 42 -50   5],[ 45 -55  -5],[  7 -75  40],[-73 -45  80]
538,04025,402510,25100,10040,[ 65 -45 -40],[ 50 -55   0],[ 35 -70 -10],[-45 -40  20]
539,04025,402515,25150,15040,[ 65 -54  15],[41 -5  5],[ 26 -29  40],[-54   1  60]
540,04025,402520,25200,20040,[ 65 -35 -30],[ 60 -55  10],[ 45 -60 -10],[-35 -30   0]
541,04025,402530,25300,30040,[ 65 -25 -20],[ 70 -55  20],[ 55 -50 -10],[-25 -20 -20]
542,04025,402535,25350,35040,[ 65 -52  35],[43 -5 25],[ 28 -27  40],[-52   3  20]
543,04025,402545,25450,45040,[ 65 -51  45],[44 -5 35],[ 29 -26  40],[-51   4   0]
544,04025,402550,25500,50040,[65 -5  0],[ 90 -55  40],[ 75 -30 -10],[ -5   0 -60]
545,04030,40305,3050,5040,[ 43 -50  -5],[ 45 -50 -15],[  8 -80  30],[-72 -60  80]
546,04030,403010,30100,10040,[ 70 -40 -50],[ 50 -50 -10],[ 40 -70 -20],[-40 -50  20]
547,04030,403015,30150,15040,[ 70 -49   5],[41  0 -5],[ 31 -29  30],[-49  -9  60]
548,04030,403020,30200,20040,[ 70 -30 -40],[ 60 -50   0],[ 50 -60 -20],[-30 -40   0]
549,04030,403025,30250,25040,[ 70 -48  15],[42  0  5],[ 32 -28  30],[-48  -8  40]
550,04030,403035,30350,35040,[ 70 -47  25],[43  0 15],[ 33 -27  30],[-47  -7  20]
551,04030,403045,30450,45040,[ 70 -46  35],[44  0 25],[ 34 -26  30],[-46  -6   0]
552,04030,403050,30500,50040,[ 70   0 -10],[ 90 -50  30],[ 80 -30 -20],[  0 -10 -60]
553,04035,40355,3550,5040,[ 43 -40 -15],[ 45 -45 -25],[  8 -75  20],[-72 -65  80]
554,04035,403510,35100,10040,[ 75 -35 -60],[ 50 -45 -20],[ 45 -70 -30],[-35 -60  20]
555,04035,403515,35150,15040,[ 75 -44  -5],[ 41   5 -15],[ 36 -29  20],[-44 -19  60]
556,04035,403520,35200,20040,[ 75 -25 -50],[ 60 -45 -10],[ 55 -60 -30],[-25 -50   0]
557,04035,403525,35250,25040,[ 75 -43   5],[42  5 -5],[ 37 -28  20],[-43 -18  40]
558,04035,403530,35300,30040,[ 75 -15 -40],[ 70 -45   0],[ 65 -50 -30],[-15 -40 -20]
559,04035,403545,35450,45040,[ 75 -41  25],[44  5 15],[ 39 -26  20],[-41 -16   0]
560,04035,403550,35500,50040,[ 75   5 -20],[ 90 -45  20],[ 85 -30 -30],[  5 -20 -60]
561,04045,40455,4550,5040,[ 44 -30 -35],[ 45 -35 -45],[  9 -75   0],[-71 -85  80]
562,04045,404510,45100,10040,[ 85 -25 -80],[ 50 -35 -40],[ 55 -70 -50],[-25 -80  20]
563,04045,404515,45150,15040,[ 85 -34 -25],[ 41  15 -35],[ 46 -29   0],[-34 -39  60]
564,04045,404520,45200,20040,[ 85 -15 -70],[ 60 -35 -30],[ 65 -60 -50],[-15 -70   0]
565,04045,404525,45250,25040,[ 85 -33 -15],[ 42  15 -25],[ 47 -28   0],[-33 -38  40]
566,04045,404530,45300,30040,[ 85  -5 -60],[ 70 -35 -20],[ 75 -50 -50],[ -5 -60 -20]
567,04045,404535,45350,35040,[ 85 -32  -5],[ 43  15 -15],[ 48 -27   0],[-32 -37  20]
568,04045,404550,45500,50040,[ 85  15 -40],[ 90 -35   0],[ 95 -30 -50],[ 15 -40 -60]
569,04050,40505,5050,5040,[ 45 -30 -45],[ 45 -30 -55],[ 10 -80 -10],[ -70 -100   80]
570,04050,405010,50100,10040,[ 90 -20 -90],[ 50 -30 -50],[ 60 -70 -60],[-20 -90  20]
571,04050,405015,50150,15040,[ 90 -29 -35],[ 41  20 -45],[ 51 -29 -10],[-29 -49  60]
572,04050,405020,50200,20040,[ 90 -10 -80],[ 60 -30 -40],[ 70 -60 -60],[-10 -80   0]
573,04050,405025,50250,25040,[ 90 -28 -25],[ 42  20 -35],[ 52 -28 -10],[-28 -48  40]
574,04050,405030,50300,30040,[ 90   0 -70],[ 70 -30 -30],[ 80 -50 -60],[  0 -70 -20]
575,04050,405035,50350,35040,[ 90 -27 -15],[ 43  20 -25],[ 53 -27 -10],[-27 -47  20]
576,04050,405045,50450,45040,[ 90 -26  -5],[ 44  20 -15],[ 54 -26 -10],[-26 -46   0]
577,0455,45510,5100,10045,[ 50 -75   0],[ 55 -85  45],[ 15 -80  35],[-75   0  25]
578,0455,45515,5150,15045,[ 50 -84  55],[ 46 -35  50],[  6 -39  85],[-84  41  65]
579,0455,45520,5200,20045,[ 50 -65  10],[ 65 -85  55],[ 25 -70  35],[-65  10   5]
580,0455,45525,5250,25045,[ 50 -83  65],[ 47 -35  60],[  7 -38  85],[-83  42  45]
581,0455,45530,5300,30045,[ 50 -55  20],[ 75 -85  65],[ 35 -60  35],[-55  20 -15]
582,0455,45535,5350,35045,[ 50 -82  75],[ 48 -35  70],[  8 -37  85],[-82  43  25]
583,0455,45540,5400,40045,[ 50 -45  30],[ 85 -85  75],[ 45 -50  35],[-45  30 -35]
584,0455,45550,5500,50045,[ 50 -35  40],[ 95 -85  85],[ 55 -40  35],[-35  40 -55]
585,04510,45105,1050,5045,[ 46 -80  35],[ 50 -80  30],[  6 -90  75],[-84 -20  85]
586,04510,451015,10150,15045,[ 55 -79  45],[ 46 -30  40],[ 11 -39  75],[-79  31  65]
587,04510,451020,10200,20045,[ 55 -60   0],[ 65 -80  45],[ 30 -70  25],[-60   0   5]
588,04510,451025,10250,25045,[ 55 -78  55],[ 47 -30  50],[ 12 -38  75],[-78  32  45]
589,04510,451030,10300,30045,[ 55 -50  10],[ 75 -80  55],[ 40 -60  25],[-50  10 -15]
590,04510,451035,10350,35045,[ 55 -77  65],[ 48 -30  60],[ 13 -37  75],[-77  33  25]
591,04510,451040,10400,40045,[ 55 -40  20],[ 85 -80  65],[ 50 -50  25],[-40  20 -35]
592,04510,451050,10500,50045,[ 55 -30  30],[ 95 -80  75],[ 60 -40  25],[-30  30 -55]
593,04515,45155,1550,5045,[ 46 -70  25],[ 50 -75  20],[  6 -85  65],[-84 -25  85]
594,04515,451510,15100,10045,[ 60 -65 -20],[ 55 -75  25],[ 25 -80  15],[-65 -20  25]
595,04515,451520,15200,20045,[ 60 -55 -10],[ 65 -75  35],[ 35 -70  15],[-55 -10   5]
596,04515,451525,15250,25045,[ 60 -73  45],[ 47 -25  40],[ 17 -38  65],[-73  22  45]
597,04515,451530,15300,30045,[ 60 -45   0],[ 75 -75  45],[ 45 -60  15],[-45   0 -15]
598,04515,451535,15350,35045,[ 60 -72  55],[ 48 -25  50],[ 18 -37  65],[-72  23  25]
599,04515,451540,15400,40045,[ 60 -35  10],[ 85 -75  55],[ 55 -50  15],[-35  10 -35]
600,04515,451550,15500,50045,[ 60 -25  20],[ 95 -75  65],[ 65 -40  15],[-25  20 -55]
601,04520,45205,2050,5045,[ 47 -70  15],[ 50 -70  10],[  7 -90  55],[-83 -40  85]
602,04520,452010,20100,10045,[ 65 -60 -30],[ 55 -70  15],[ 30 -80   5],[-60 -30  25]
603,04520,452015,20150,15045,[ 65 -69  25],[ 46 -20  20],[ 21 -39  55],[-69  11  65]
604,04520,452025,20250,25045,[ 65 -68  35],[ 47 -20  30],[ 22 -38  55],[-68  12  45]
605,04520,452030,20300,30045,[ 65 -40 -10],[ 75 -70  35],[ 50 -60   5],[-40 -10 -15]
606,04520,452035,20350,35045,[ 65 -67  45],[ 48 -20  40],[ 23 -37  55],[-67  13  25]
607,04520,452040,20400,40045,[ 65 -30   0],[ 85 -70  45],[ 60 -50   5],[-30   0 -35]
608,04520,452050,20500,50045,[ 65 -20  10],[ 95 -70  55],[ 70 -40   5],[-20  10 -55]
609,04525,45255,2550,5045,[ 47 -60   5],[ 50 -65   0],[  7 -85  45],[-83 -45  85]
610,04525,452510,25100,10045,[ 70 -55 -40],[ 55 -65   5],[ 35 -80  -5],[-55 -40  25]
611,04525,452515,25150,15045,[ 70 -64  15],[ 46 -15  10],[ 26 -39  45],[-64   1  65]
612,04525,452520,25200,20045,[ 70 -45 -30],[ 65 -65  15],[ 45 -70  -5],[-45 -30   5]
613,04525,452530,25300,30045,[ 70 -35 -20],[ 75 -65  25],[ 55 -60  -5],[-35 -20 -15]
614,04525,452535,25350,35045,[ 70 -62  35],[ 48 -15  30],[ 28 -37  45],[-62   3  25]
615,04525,452540,25400,40045,[ 70 -25 -10],[ 85 -65  35],[ 65 -50  -5],[-25 -10 -35]
616,04525,452550,25500,50045,[ 70 -15   0],[ 95 -65  45],[ 75 -40  -5],[-15   0 -55]
617,04530,45305,3050,5045,[ 48 -60  -5],[ 50 -60 -10],[  8 -90  35],[-82 -60  85]
618,04530,453010,30100,10045,[ 75 -50 -50],[ 55 -60  -5],[ 40 -80 -15],[-50 -50  25]
619,04530,453015,30150,15045,[ 75 -59   5],[ 46 -10   0],[ 31 -39  35],[-59  -9  65]
620,04530,453020,30200,20045,[ 75 -40 -40],[ 65 -60   5],[ 50 -70 -15],[-40 -40   5]
621,04530,453025,30250,25045,[ 75 -58  15],[ 47 -10  10],[ 32 -38  35],[-58  -8  45]
622,04530,453035,30350,35045,[ 75 -57  25],[ 48 -10  20],[ 33 -37  35],[-57  -7  25]
623,04530,453040,30400,40045,[ 75 -20 -20],[ 85 -60  25],[ 70 -50 -15],[-20 -20 -35]
624,04530,453050,30500,50045,[ 75 -10 -10],[ 95 -60  35],[ 80 -40 -15],[-10 -10 -55]
625,04535,45355,3550,5045,[ 48 -50 -15],[ 50 -55 -20],[  8 -85  25],[-82 -65  85]
626,04535,453510,35100,10045,[ 80 -45 -60],[ 55 -55 -15],[ 45 -80 -25],[-45 -60  25]
627,04535,453515,35150,15045,[ 80 -54  -5],[ 46  -5 -10],[ 36 -39  25],[-54 -19  65]
628,04535,453520,35200,20045,[ 80 -35 -50],[ 65 -55  -5],[ 55 -70 -25],[-35 -50   5]
629,04535,453525,35250,25045,[ 80 -53   5],[47 -5  0],[ 37 -38  25],[-53 -18  45]
630,04535,453530,35300,30045,[ 80 -25 -40],[ 75 -55   5],[ 65 -60 -25],[-25 -40 -15]
631,04535,453540,35400,40045,[ 80 -15 -30],[ 85 -55  15],[ 75 -50 -25],[-15 -30 -35]
632,04535,453550,35500,50045,[ 80  -5 -20],[ 95 -55  25],[ 85 -40 -25],[ -5 -20 -55]
633,04540,45405,4050,5045,[ 49 -50 -25],[ 50 -50 -30],[  9 -90  15],[-81 -80  85]
634,04540,454010,40100,10045,[ 85 -40 -70],[ 55 -50 -25],[ 50 -80 -35],[-40 -70  25]
635,04540,454015,40150,15045,[ 85 -49 -15],[ 46   0 -20],[ 41 -39  15],[-49 -29  65]
636,04540,454020,40200,20045,[ 85 -30 -60],[ 65 -50 -15],[ 60 -70 -35],[-30 -60   5]
637,04540,454025,40250,25045,[ 85 -48  -5],[ 47   0 -10],[ 42 -38  15],[-48 -28  45]
638,04540,454030,40300,30045,[ 85 -20 -50],[ 75 -50  -5],[ 70 -60 -35],[-20 -50 -15]
639,04540,454035,40350,35045,[ 85 -47   5],[48  0  0],[ 43 -37  15],[-47 -27  25]
640,04540,454050,40500,50045,[ 85   0 -30],[ 95 -50  15],[ 90 -40 -35],[  0 -30 -55]
641,04550,45505,5050,5045,[ 50 -40 -45],[ 50 -40 -50],[ 10 -90  -5],[ -80 -100   85]
642,04550,455010,50100,10045,[ 95 -30 -90],[ 55 -40 -45],[ 60 -80 -55],[-30 -90  25]
643,04550,455015,50150,15045,[ 95 -39 -35],[ 46  10 -40],[ 51 -39  -5],[-39 -49  65]
644,04550,455020,50200,20045,[ 95 -20 -80],[ 65 -40 -35],[ 70 -70 -55],[-20 -80   5]
645,04550,455025,50250,25045,[ 95 -38 -25],[ 47  10 -30],[ 52 -38  -5],[-38 -48  45]
646,04550,455030,50300,30045,[ 95 -10 -70],[ 75 -40 -25],[ 80 -60 -55],[-10 -70 -15]
647,04550,455035,50350,35045,[ 95 -37 -15],[ 48  10 -20],[ 53 -37  -5],[-37 -47  25]
648,04550,455040,50400,40045,[ 95   0 -60],[ 85 -40 -15],[ 90 -50 -55],[  0 -60 -35]
649,0505,50510,5100,10050,[ 55 -85   0],[ 60 -95  50],[ 15 -90  40],[-85   0  30]
650,0505,50515,5150,15050,[ 55 -94  55],[ 51 -45  55],[  6 -49  90],[-94  41  70]
651,0505,50520,5200,20050,[ 55 -75  10],[ 70 -95  60],[ 25 -80  40],[-75  10  10]
652,0505,50525,5250,25050,[ 55 -93  65],[ 52 -45  65],[  7 -48  90],[-93  42  50]
653,0505,50530,5300,30050,[ 55 -65  20],[ 80 -95  70],[ 35 -70  40],[-65  20 -10]
654,0505,50535,5350,35050,[ 55 -92  75],[ 53 -45  75],[  8 -47  90],[-92  43  30]
655,0505,50540,5400,40050,[ 55 -55  30],[ 90 -95  80],[ 45 -60  40],[-55  30 -30]
656,0505,50545,5450,45050,[ 55 -91  85],[ 54 -45  85],[  9 -46  90],[-91  44  10]
657,05010,50105,1050,5050,[ 51 -90  35],[ 55 -90  35],[   6 -100   80],[-94 -20  90]
658,05010,501015,10150,15050,[ 60 -89  45],[ 51 -40  45],[ 11 -49  80],[-89  31  70]
659,05010,501020,10200,20050,[ 60 -70   0],[ 70 -90  50],[ 30 -80  30],[-70   0  10]
660,05010,501025,10250,25050,[ 60 -88  55],[ 52 -40  55],[ 12 -48  80],[-88  32  50]
661,05010,501030,10300,30050,[ 60 -60  10],[ 80 -90  60],[ 40 -70  30],[-60  10 -10]
662,05010,501035,10350,35050,[ 60 -87  65],[ 53 -40  65],[ 13 -47  80],[-87  33  30]
663,05010,501040,10400,40050,[ 60 -50  20],[ 90 -90  70],[ 50 -60  30],[-50  20 -30]
664,05010,501045,10450,45050,[ 60 -86  75],[ 54 -40  75],[ 14 -46  80],[-86  34  10]
665,05015,50155,1550,5050,[ 51 -80  25],[ 55 -85  25],[  6 -95  70],[-94 -25  90]
666,05015,501510,15100,10050,[ 65 -75 -20],[ 60 -85  30],[ 25 -90  20],[-75 -20  30]
667,05015,501520,15200,20050,[ 65 -65 -10],[ 70 -85  40],[ 35 -80  20],[-65 -10  10]
668,05015,501525,15250,25050,[ 65 -83  45],[ 52 -35  45],[ 17 -48  70],[-83  22  50]
669,05015,501530,15300,30050,[ 65 -55   0],[ 80 -85  50],[ 45 -70  20],[-55   0 -10]
670,05015,501535,15350,35050,[ 65 -82  55],[ 53 -35  55],[ 18 -47  70],[-82  23  30]
671,05015,501540,15400,40050,[ 65 -45  10],[ 90 -85  60],[ 55 -60  20],[-45  10 -30]
672,05015,501545,15450,45050,[ 65 -81  65],[ 54 -35  65],[ 19 -46  70],[-81  24  10]
673,05020,50205,2050,5050,[ 52 -80  15],[ 55 -80  15],[   7 -100   60],[-93 -40  90]
674,05020,502010,20100,10050,[ 70 -70 -30],[ 60 -80  20],[ 30 -90  10],[-70 -30  30]
675,05020,502015,20150,15050,[ 70 -79  25],[ 51 -30  25],[ 21 -49  60],[-79  11  70]
676,05020,502025,20250,25050,[ 70 -78  35],[ 52 -30  35],[ 22 -48  60],[-78  12  50]
677,05020,502030,20300,30050,[ 70 -50 -10],[ 80 -80  40],[ 50 -70  10],[-50 -10 -10]
678,05020,502035,20350,35050,[ 70 -77  45],[ 53 -30  45],[ 23 -47  60],[-77  13  30]
679,05020,502040,20400,40050,[ 70 -40   0],[ 90 -80  50],[ 60 -60  10],[-40   0 -30]
680,05020,502045,20450,45050,[ 70 -76  55],[ 54 -30  55],[ 24 -46  60],[-76  14  10]
681,05025,50255,2550,5050,[ 52 -70   5],[ 55 -75   5],[  7 -95  50],[-93 -45  90]
682,05025,502510,25100,10050,[ 75 -65 -40],[ 60 -75  10],[ 35 -90   0],[-65 -40  30]
683,05025,502515,25150,15050,[ 75 -74  15],[ 51 -25  15],[ 26 -49  50],[-74   1  70]
684,05025,502520,25200,20050,[ 75 -55 -30],[ 70 -75  20],[ 45 -80   0],[-55 -30  10]
685,05025,502530,25300,30050,[ 75 -45 -20],[ 80 -75  30],[ 55 -70   0],[-45 -20 -10]
686,05025,502535,25350,35050,[ 75 -72  35],[ 53 -25  35],[ 28 -47  50],[-72   3  30]
687,05025,502540,25400,40050,[ 75 -35 -10],[ 90 -75  40],[ 65 -60   0],[-35 -10 -30]
688,05025,502545,25450,45050,[ 75 -71  45],[ 54 -25  45],[ 29 -46  50],[-71   4  10]
689,05030,50305,3050,5050,[ 53 -70  -5],[ 55 -70  -5],[   8 -100   40],[-92 -60  90]
690,05030,503010,30100,10050,[ 80 -60 -50],[ 60 -70   0],[ 40 -90 -10],[-60 -50  30]
691,05030,503015,30150,15050,[ 80 -69   5],[ 51 -20   5],[ 31 -49  40],[-69  -9  70]
692,05030,503020,30200,20050,[ 80 -50 -40],[ 70 -70  10],[ 50 -80 -10],[-50 -40  10]
693,05030,503025,30250,25050,[ 80 -68  15],[ 52 -20  15],[ 32 -48  40],[-68  -8  50]
694,05030,503035,30350,35050,[ 80 -67  25],[ 53 -20  25],[ 33 -47  40],[-67  -7  30]
695,05030,503040,30400,40050,[ 80 -30 -20],[ 90 -70  30],[ 70 -60 -10],[-30 -20 -30]
696,05030,503045,30450,45050,[ 80 -66  35],[ 54 -20  35],[ 34 -46  40],[-66  -6  10]
697,05035,50355,3550,5050,[ 53 -60 -15],[ 55 -65 -15],[  8 -95  30],[-92 -65  90]
698,05035,503510,35100,10050,[ 85 -55 -60],[ 60 -65 -10],[ 45 -90 -20],[-55 -60  30]
699,05035,503515,35150,15050,[ 85 -64  -5],[ 51 -15  -5],[ 36 -49  30],[-64 -19  70]
700,05035,503520,35200,20050,[ 85 -45 -50],[ 70 -65   0],[ 55 -80 -20],[-45 -50  10]
701,05035,503525,35250,25050,[ 85 -63   5],[ 52 -15   5],[ 37 -48  30],[-63 -18  50]
702,05035,503530,35300,30050,[ 85 -35 -40],[ 80 -65  10],[ 65 -70 -20],[-35 -40 -10]
703,05035,503540,35400,40050,[ 85 -25 -30],[ 90 -65  20],[ 75 -60 -20],[-25 -30 -30]
704,05035,503545,35450,45050,[ 85 -61  25],[ 54 -15  25],[ 39 -46  30],[-61 -16  10]
705,05040,50405,4050,5050,[ 54 -60 -25],[ 55 -60 -25],[   9 -100   20],[-91 -80  90]
706,05040,504010,40100,10050,[ 90 -50 -70],[ 60 -60 -20],[ 50 -90 -30],[-50 -70  30]
707,05040,504015,40150,15050,[ 90 -59 -15],[ 51 -10 -15],[ 41 -49  20],[-59 -29  70]
708,05040,504020,40200,20050,[ 90 -40 -60],[ 70 -60 -10],[ 60 -80 -30],[-40 -60  10]
709,05040,504025,40250,25050,[ 90 -58  -5],[ 52 -10  -5],[ 42 -48  20],[-58 -28  50]
710,05040,504030,40300,30050,[ 90 -30 -50],[ 80 -60   0],[ 70 -70 -30],[-30 -50 -10]
711,05040,504035,40350,35050,[ 90 -57   5],[ 53 -10   5],[ 43 -47  20],[-57 -27  30]
712,05040,504045,40450,45050,[ 90 -56  15],[ 54 -10  15],[ 44 -46  20],[-56 -26  10]
713,05045,50455,4550,5050,[ 54 -50 -35],[ 55 -55 -35],[  9 -95  10],[-91 -85  90]
714,05045,504510,45100,10050,[ 95 -45 -80],[ 60 -55 -30],[ 55 -90 -40],[-45 -80  30]
715,05045,504515,45150,15050,[ 95 -54 -25],[ 51  -5 -25],[ 46 -49  10],[-54 -39  70]
716,05045,504520,45200,20050,[ 95 -35 -70],[ 70 -55 -20],[ 65 -80 -40],[-35 -70  10]
717,05045,504525,45250,25050,[ 95 -53 -15],[ 52  -5 -15],[ 47 -48  10],[-53 -38  50]
718,05045,504530,45300,30050,[ 95 -25 -60],[ 80 -55 -10],[ 75 -70 -40],[-25 -60 -10]
719,05045,504535,45350,35050,[ 95 -52  -5],[53 -5 -5],[ 48 -47  10],[-52 -37  30]
720,05045,504540,45400,40050,[ 95 -15 -50],[ 90 -55   0],[ 85 -60 -40],[-15 -50 -30]
721,5010,01015,10155,1550,[ 0 25  0],[-9 15 45],[ 1 20 35],[11  0 25]
722,5010,01020,10205,2050,[ 0 30  5],[-8 10 50],[ 2 20 35],[12  0 15]
723,5010,01025,10255,2550,[ 0 35 10],[-8 15 55],[ 2 30 35],[12 10  5]
724,5010,01030,10305,3050,[ 0 40 15],[-7 10 60],[ 3 30 35],[13 10 -5]
725,5010,01035,10355,3550,[ 0 45 20],[-7 15 65],[ 3 40 35],[ 13  20 -15]
726,5010,01040,10405,4050,[ 0 50 25],[-6 10 70],[ 4 40 35],[ 14  20 -25]
727,5010,01045,10455,4550,[ 0 55 30],[-6 15 75],[ 4 50 35],[ 14  30 -35]
728,5010,01050,10505,5050,[ 0 60 35],[-5 10 80],[ 5 50 35],[ 15  30 -45]
729,5015,01510,15105,1050,[  5  25 -15],[-9 15 30],[ 6 10 25],[ 16 -20  35]
730,5015,01520,15205,2050,[ 5 35 -5],[-8 15 40],[ 7 20 25],[ 17 -10  15]
731,5015,01525,15255,2550,[ 5 40  0],[-8 20 45],[ 7 30 25],[17  0  5]
732,5015,01530,15305,3050,[ 5 45  5],[-7 15 50],[ 8 30 25],[18  0 -5]
733,5015,01535,15355,3550,[ 5 50 10],[-7 20 55],[ 8 40 25],[ 18  10 -15]
734,5015,01540,15405,4050,[ 5 55 15],[-6 15 60],[ 9 40 25],[ 19  10 -25]
735,5015,01545,15455,4550,[ 5 60 20],[-6 20 65],[ 9 50 25],[ 19  20 -35]
736,5015,01550,15505,5050,[ 5 65 25],[-5 15 70],[10 50 25],[ 20  20 -45]
737,5020,02010,20105,1050,[ 10  30 -25],[-9 20 20],[11 10 15],[ 21 -30  35]
738,5020,02015,20155,1550,[ 10  35 -20],[-9 25 25],[11 20 15],[ 21 -20  25]
739,5020,02025,20255,2550,[ 10  45 -10],[-8 25 35],[12 30 15],[ 22 -10   5]
740,5020,02030,20305,3050,[10 50 -5],[-7 20 40],[13 30 15],[ 23 -10  -5]
741,5020,02035,20355,3550,[10 55  0],[-7 25 45],[13 40 15],[ 23   0 -15]
742,5020,02040,20405,4050,[10 60  5],[-6 20 50],[14 40 15],[ 24   0 -25]
743,5020,02045,20455,4550,[10 65 10],[-6 25 55],[14 50 15],[ 24  10 -35]
744,5020,02050,20505,5050,[10 70 15],[-5 20 60],[15 50 15],[ 25  10 -45]
745,5025,02510,25105,1050,[ 15  35 -35],[-9 25 10],[16 10  5],[ 26 -40  35]
746,5025,02515,25155,1550,[ 15  40 -30],[-9 30 15],[16 20  5],[ 26 -30  25]
747,5025,02520,25205,2050,[ 15  45 -25],[-8 25 20],[17 20  5],[ 27 -30  15]
748,5025,02530,25305,3050,[ 15  55 -15],[-7 25 30],[18 30  5],[ 28 -20  -5]
749,5025,02535,25355,3550,[ 15  60 -10],[-7 30 35],[18 40  5],[ 28 -10 -15]
750,5025,02540,25405,4050,[15 65 -5],[-6 25 40],[19 40  5],[ 29 -10 -25]
751,5025,02545,25455,4550,[15 70  0],[-6 30 45],[19 50  5],[ 29   0 -35]
752,5025,02550,25505,5050,[15 75  5],[-5 25 50],[20 50  5],[ 30   0 -45]
753,5030,03010,30105,1050,[ 20  40 -45],[-9 30  0],[21 10 -5],[ 31 -50  35]
754,5030,03015,30155,1550,[ 20  45 -40],[-9 35  5],[21 20 -5],[ 31 -40  25]
755,5030,03020,30205,2050,[ 20  50 -35],[-8 30 10],[22 20 -5],[ 32 -40  15]
756,5030,03025,30255,2550,[ 20  55 -30],[-8 35 15],[22 30 -5],[ 32 -30   5]
757,5030,03035,30355,3550,[ 20  65 -20],[-7 35 25],[23 40 -5],[ 33 -20 -15]
758,5030,03040,30405,4050,[ 20  70 -15],[-6 30 30],[24 40 -5],[ 34 -20 -25]
759,5030,03045,30455,4550,[ 20  75 -10],[-6 35 35],[24 50 -5],[ 34 -10 -35]
760,5030,03050,30505,5050,[20 80 -5],[-5 30 40],[25 50 -5],[ 35 -10 -45]
761,5035,03510,35105,1050,[ 25  45 -55],[ -9  35 -10],[ 26  10 -15],[ 36 -60  35]
762,5035,03515,35155,1550,[ 25  50 -50],[-9 40 -5],[ 26  20 -15],[ 36 -50  25]
763,5035,03520,35205,2050,[ 25  55 -45],[-8 35  0],[ 27  20 -15],[ 37 -50  15]
764,5035,03525,35255,2550,[ 25  60 -40],[-8 40  5],[ 27  30 -15],[ 37 -40   5]
765,5035,03530,35305,3050,[ 25  65 -35],[-7 35 10],[ 28  30 -15],[ 38 -40  -5]
766,5035,03540,35405,4050,[ 25  75 -25],[-6 35 20],[ 29  40 -15],[ 39 -30 -25]
767,5035,03545,35455,4550,[ 25  80 -20],[-6 40 25],[ 29  50 -15],[ 39 -20 -35]
768,5035,03550,35505,5050,[ 25  85 -15],[-5 35 30],[ 30  50 -15],[ 40 -20 -45]
769,5040,04010,40105,1050,[ 30  50 -65],[ -9  40 -20],[ 31  10 -25],[ 41 -70  35]
770,5040,04015,40155,1550,[ 30  55 -60],[ -9  45 -15],[ 31  20 -25],[ 41 -60  25]
771,5040,04020,40205,2050,[ 30  60 -55],[ -8  40 -10],[ 32  20 -25],[ 42 -60  15]
772,5040,04025,40255,2550,[ 30  65 -50],[-8 45 -5],[ 32  30 -25],[ 42 -50   5]
773,5040,04030,40305,3050,[ 30  70 -45],[-7 40  0],[ 33  30 -25],[ 43 -50  -5]
774,5040,04035,40355,3550,[ 30  75 -40],[-7 45  5],[ 33  40 -25],[ 43 -40 -15]
775,5040,04045,40455,4550,[ 30  85 -30],[-6 45 15],[ 34  50 -25],[ 44 -30 -35]
776,5040,04050,40505,5050,[ 30  90 -25],[-5 40 20],[ 35  50 -25],[ 45 -30 -45]
777,5045,04510,45105,1050,[ 35  55 -75],[ -9  45 -30],[ 36  10 -35],[ 46 -80  35]
778,5045,04515,45155,1550,[ 35  60 -70],[ -9  50 -25],[ 36  20 -35],[ 46 -70  25]
779,5045,04520,45205,2050,[ 35  65 -65],[ -8  45 -20],[ 37  20 -35],[ 47 -70  15]
780,5045,04525,45255,2550,[ 35  70 -60],[ -8  50 -15],[ 37  30 -35],[ 47 -60   5]
781,5045,04530,45305,3050,[ 35  75 -55],[ -7  45 -10],[ 38  30 -35],[ 48 -60  -5]
782,5045,04535,45355,3550,[ 35  80 -50],[-7 50 -5],[ 38  40 -35],[ 48 -50 -15]
783,5045,04540,45405,4050,[ 35  85 -45],[-6 45  0],[ 39  40 -35],[ 49 -50 -25]
784,5045,04550,45505,5050,[ 35  95 -35],[-5 45 10],[ 40  50 -35],[ 50 -40 -45]
785,5050,05010,50105,1050,[ 40  60 -85],[ -9  50 -40],[ 41  10 -45],[ 51 -90  35]
786,5050,05015,50155,1550,[ 40  65 -80],[ -9  55 -35],[ 41  20 -45],[ 51 -80  25]
787,5050,05020,50205,2050,[ 40  70 -75],[ -8  50 -30],[ 42  20 -45],[ 52 -80  15]
788,5050,05025,50255,2550,[ 40  75 -70],[ -8  55 -25],[ 42  30 -45],[ 52 -70   5]
789,5050,05030,50305,3050,[ 40  80 -65],[ -7  50 -20],[ 43  30 -45],[ 53 -70  -5]
790,5050,05035,50355,3550,[ 40  85 -60],[ -7  55 -15],[ 43  40 -45],[ 53 -60 -15]
791,5050,05040,50405,4050,[ 40  90 -55],[ -6  50 -10],[ 44  40 -45],[ 54 -60 -25]
792,5050,05045,50455,4550,[ 40  95 -50],[-6 55 -5],[ 44  50 -45],[ 54 -50 -35]
793,5100,10015,0155,15510,[ 0 -5 20],[ 15 -15  25],[ 5  0 15],[ -5  20 -15]
794,5100,10020,0205,20510,[ 0  0 25],[ 20 -15  30],[10  5 15],[  0  25 -25]
795,5100,10025,0255,25510,[ 0  5 30],[ 25 -15  35],[15 10 15],[  5  30 -35]
796,5100,10030,0305,30510,[ 0 10 35],[ 30 -15  40],[20 15 15],[ 10  35 -45]
797,5100,10035,0355,35510,[ 0 15 40],[ 35 -15  45],[25 20 15],[ 15  40 -55]
798,5100,10040,0405,40510,[ 0 20 45],[ 40 -15  50],[30 25 15],[ 20  45 -65]
799,5100,10045,0455,45510,[ 0 25 50],[ 45 -15  55],[35 30 15],[ 25  50 -75]
800,5100,10050,0505,50510,[ 0 30 55],[ 50 -15  60],[40 35 15],[ 30  55 -85]
801,51015,10150,1505,0510,[ 1 31 25],[  0 -14  30],[ -9  35 -15],[-19  53 -85]
802,51015,101520,15205,20510,[15 15 -5],[20  0  0],[ 25   5 -15],[ 15  -5 -25]
803,51015,101525,15255,25510,[15 20  0],[25  0  5],[ 30  10 -15],[ 20   0 -35]
804,51015,101530,15305,30510,[15 25  5],[30  0 10],[ 35  15 -15],[ 25   5 -45]
805,51015,101535,15355,35510,[15 30 10],[35  0 15],[ 40  20 -15],[ 30  10 -55]
806,51015,101540,15405,40510,[15 35 15],[40  0 20],[ 45  25 -15],[ 35  15 -65]
807,51015,101545,15455,45510,[15 40 20],[45  0 25],[ 50  30 -15],[ 40  20 -75]
808,51015,101550,15505,50510,[15 45 25],[50  0 30],[ 55  35 -15],[ 45  25 -85]
809,51020,10200,2005,0510,[ 20   0 -35],[  0   5 -30],[ 10 -15 -25],[  0 -35  15]
810,51020,102015,20155,15510,[ 20  15 -20],[ 15   5 -15],[ 25   0 -25],[ 15 -20 -15]
811,51020,102025,20255,25510,[ 20  25 -10],[25  5 -5],[ 35  10 -25],[ 25 -10 -35]
812,51020,102030,20305,30510,[20 30 -5],[30  5  0],[ 40  15 -25],[ 30  -5 -45]
813,51020,102035,20355,35510,[20 35  0],[35  5  5],[ 45  20 -25],[ 35   0 -55]
814,51020,102040,20405,40510,[20 40  5],[40  5 10],[ 50  25 -25],[ 40   5 -65]
815,51020,102045,20455,45510,[20 45 10],[45  5 15],[ 55  30 -25],[ 45  10 -75]
816,51020,102050,20505,50510,[20 50 15],[50  5 20],[ 60  35 -25],[ 50  15 -85]
817,51025,10250,2505,0510,[ 2 32  5],[  0 -13  10],[ -8  35 -35],[-18  51 -85]
818,51025,102515,25155,15510,[ 25  20 -30],[ 15  10 -25],[ 30   0 -35],[ 20 -30 -15]
819,51025,102520,25205,20510,[ 25  25 -25],[ 20  10 -20],[ 35   5 -35],[ 25 -25 -25]
820,51025,102530,25305,30510,[ 25  35 -15],[ 30  10 -10],[ 45  15 -35],[ 35 -15 -45]
821,51025,102535,25355,35510,[ 25  40 -10],[35 10 -5],[ 50  20 -35],[ 40 -10 -55]
822,51025,102540,25405,40510,[25 45 -5],[40 10  0],[ 55  25 -35],[ 45  -5 -65]
823,51025,102545,25455,45510,[25 50  0],[45 10  5],[ 60  30 -35],[ 50   0 -75]
824,51025,102550,25505,50510,[25 55  5],[50 10 10],[ 65  35 -35],[ 55   5 -85]
825,51030,10300,3005,0510,[ 30  10 -55],[  0  15 -50],[ 20 -15 -45],[ 10 -55  15]
826,51030,103015,30155,15510,[ 30  25 -40],[ 15  15 -35],[ 35   0 -45],[ 25 -40 -15]
827,51030,103020,30205,20510,[ 30  30 -35],[ 20  15 -30],[ 40   5 -45],[ 30 -35 -25]
828,51030,103025,30255,25510,[ 30  35 -30],[ 25  15 -25],[ 45  10 -45],[ 35 -30 -35]
829,51030,103035,30355,35510,[ 30  45 -20],[ 35  15 -15],[ 55  20 -45],[ 45 -20 -55]
830,51030,103040,30405,40510,[ 30  50 -15],[ 40  15 -10],[ 60  25 -45],[ 50 -15 -65]
831,51030,103045,30455,45510,[ 30  55 -10],[45 15 -5],[ 65  30 -45],[ 55 -10 -75]
832,51030,103050,30505,50510,[30 60 -5],[50 15  0],[ 70  35 -45],[ 60  -5 -85]
833,51035,10350,3505,0510,[  3  33 -15],[  0 -12 -10],[ -7  35 -55],[-17  49 -85]
834,51035,103515,35155,15510,[ 35  30 -50],[ 15  20 -45],[ 40   0 -55],[ 30 -50 -15]
835,51035,103520,35205,20510,[ 35  35 -45],[ 20  20 -40],[ 45   5 -55],[ 35 -45 -25]
836,51035,103525,35255,25510,[ 35  40 -40],[ 25  20 -35],[ 50  10 -55],[ 40 -40 -35]
837,51035,103530,35305,30510,[ 35  45 -35],[ 30  20 -30],[ 55  15 -55],[ 45 -35 -45]
838,51035,103540,35405,40510,[ 35  55 -25],[ 40  20 -20],[ 65  25 -55],[ 55 -25 -65]
839,51035,103545,35455,45510,[ 35  60 -20],[ 45  20 -15],[ 70  30 -55],[ 60 -20 -75]
840,51035,103550,35505,50510,[ 35  65 -15],[ 50  20 -10],[ 75  35 -55],[ 65 -15 -85]
841,51040,10400,4005,0510,[ 40  20 -75],[  0  25 -70],[ 30 -15 -65],[ 20 -75  15]
842,51040,104015,40155,15510,[ 40  35 -60],[ 15  25 -55],[ 45   0 -65],[ 35 -60 -15]
843,51040,104020,40205,20510,[ 40  40 -55],[ 20  25 -50],[ 50   5 -65],[ 40 -55 -25]
844,51040,104025,40255,25510,[ 40  45 -50],[ 25  25 -45],[ 55  10 -65],[ 45 -50 -35]
845,51040,104030,40305,30510,[ 40  50 -45],[ 30  25 -40],[ 60  15 -65],[ 50 -45 -45]
846,51040,104035,40355,35510,[ 40  55 -40],[ 35  25 -35],[ 65  20 -65],[ 55 -40 -55]
847,51040,104045,40455,45510,[ 40  65 -30],[ 45  25 -25],[ 75  30 -65],[ 65 -30 -75]
848,51040,104050,40505,50510,[ 40  70 -25],[ 50  25 -20],[ 80  35 -65],[ 70 -25 -85]
849,51045,10450,4505,0510,[  4  34 -35],[  0 -11 -30],[ -6  35 -75],[-16  47 -85]
850,51045,104515,45155,15510,[ 45  40 -70],[ 15  30 -65],[ 50   0 -75],[ 40 -70 -15]
851,51045,104520,45205,20510,[ 45  45 -65],[ 20  30 -60],[ 55   5 -75],[ 45 -65 -25]
852,51045,104525,45255,25510,[ 45  50 -60],[ 25  30 -55],[ 60  10 -75],[ 50 -60 -35]
853,51045,104530,45305,30510,[ 45  55 -55],[ 30  30 -50],[ 65  15 -75],[ 55 -55 -45]
854,51045,104535,45355,35510,[ 45  60 -50],[ 35  30 -45],[ 70  20 -75],[ 60 -50 -55]
855,51045,104540,45405,40510,[ 45  65 -45],[ 40  30 -40],[ 75  25 -75],[ 65 -45 -65]
856,51045,104550,45505,50510,[ 45  75 -35],[ 50  30 -30],[ 85  35 -75],[ 75 -35 -85]
857,51050,10500,5005,0510,[ 50  30 -95],[  0  35 -90],[ 40 -15 -85],[ 30 -95  15]
858,51050,105015,50155,15510,[ 50  45 -80],[ 15  35 -75],[ 55   0 -85],[ 45 -80 -15]
859,51050,105020,50205,20510,[ 50  50 -75],[ 20  35 -70],[ 60   5 -85],[ 50 -75 -25]
860,51050,105025,50255,25510,[ 50  55 -70],[ 25  35 -65],[ 65  10 -85],[ 55 -70 -35]
861,51050,105030,50305,30510,[ 50  60 -65],[ 30  35 -60],[ 70  15 -85],[ 60 -65 -45]
862,51050,105035,50355,35510,[ 50  65 -60],[ 35  35 -55],[ 75  20 -85],[ 65 -60 -55]
863,51050,105040,50405,40510,[ 50  70 -55],[ 40  35 -50],[ 80  25 -85],[ 70 -55 -65]
864,51050,105045,50455,45510,[ 50  75 -50],[ 45  35 -45],[ 85  30 -85],[ 75 -50 -75]
865,5150,15010,0105,10515,[ -9  58 -85],[  1  53 -75],[  0  13 -80],[  8 -85   0]
866,5150,15020,0205,20515,[ -9  68 -75],[ 11  53 -65],[ 10  23 -80],[ 18 -75 -20]
867,5150,15025,0255,25515,[ -9  73 -70],[ 16  53 -60],[ 15  28 -80],[ 23 -70 -30]
868,5150,15030,0305,30515,[ -9  78 -65],[ 21  53 -55],[ 20  33 -80],[ 28 -65 -40]
869,5150,15035,0355,35515,[ -9  83 -60],[ 26  53 -50],[ 25  38 -80],[ 33 -60 -50]
870,5150,15040,0405,40515,[ -9  88 -55],[ 31  53 -45],[ 30  43 -80],[ 38 -55 -60]
871,5150,15045,0455,45515,[ -9  93 -50],[ 36  53 -40],[ 35  48 -80],[ 43 -50 -70]
872,5150,15050,0505,50515,[ -9  98 -45],[ 41  53 -35],[ 40  53 -80],[ 48 -45 -80]
873,51510,15100,1005,0515,[ 15 -20 -15],[  5 -15  -5],[  0 -25   0],[-20 -15  20]
874,51510,151020,10205,20515,[15  0  5],[ 25 -15  15],[20 -5  0],[  0   5 -20]
875,51510,151025,10255,25515,[15  5 10],[ 30 -15  20],[25  0  0],[  5  10 -30]
876,51510,151030,10305,30515,[15 10 15],[ 35 -15  25],[30  5  0],[ 10  15 -40]
877,51510,151035,10355,35515,[15 15 20],[ 40 -15  30],[35 10  0],[ 15  20 -50]
878,51510,151040,10405,40515,[15 20 25],[ 45 -15  35],[40 15  0],[ 20  25 -60]
879,51510,151045,10455,45515,[15 25 30],[ 50 -15  40],[45 20  0],[ 25  30 -70]
880,51510,151050,10505,50515,[15 30 35],[ 55 -15  45],[50 25  0],[ 30  35 -80]
881,51520,15200,2005,0515,[ 25 -10 -35],[  5  -5 -25],[ 10 -25 -20],[-10 -35  20]
882,51520,152010,20105,10515,[ 25   0 -25],[ 15  -5 -15],[ 20 -15 -20],[  0 -25   0]
883,51520,152025,20255,25515,[ 25  15 -10],[30 -5  0],[ 35   0 -20],[ 15 -10 -30]
884,51520,152030,20305,30515,[25 20 -5],[35 -5  5],[ 40   5 -20],[ 20  -5 -40]
885,51520,152035,20355,35515,[25 25  0],[40 -5 10],[ 45  10 -20],[ 25   0 -50]
886,51520,152040,20405,40515,[25 30  5],[45 -5 15],[ 50  15 -20],[ 30   5 -60]
887,51520,152045,20455,45515,[25 35 10],[50 -5 20],[ 55  20 -20],[ 35  10 -70]
888,51520,152050,20505,50515,[25 40 15],[55 -5 25],[ 60  25 -20],[ 40  15 -80]
889,51525,15250,2505,0515,[ 7 22  5],[  5 -23  15],[ -8  25 -30],[-28  51 -80]
890,51525,152510,25105,10515,[ 30   5 -35],[ 15   0 -25],[ 25 -15 -30],[  5 -35   0]
891,51525,152520,25205,20515,[ 30  15 -25],[ 25   0 -15],[ 35  -5 -30],[ 15 -25 -20]
892,51525,152530,25305,30515,[ 30  25 -15],[35  0 -5],[ 45   5 -30],[ 25 -15 -40]
893,51525,152535,25355,35515,[ 30  30 -10],[40  0  0],[ 50  10 -30],[ 30 -10 -50]
894,51525,152540,25405,40515,[30 35 -5],[45  0  5],[ 55  15 -30],[ 35  -5 -60]
895,51525,152545,25455,45515,[30 40  0],[50  0 10],[ 60  20 -30],[ 40   0 -70]
896,51525,152550,25505,50515,[30 45  5],[55  0 15],[ 65  25 -30],[ 45   5 -80]
897,51530,15300,3005,0515,[ 35   0 -55],[  5   5 -45],[ 20 -25 -40],[  0 -55  20]
898,51530,153010,30105,10515,[ 35  10 -45],[ 15   5 -35],[ 30 -15 -40],[ 10 -45   0]
899,51530,153020,30205,20515,[ 35  20 -35],[ 25   5 -25],[ 40  -5 -40],[ 20 -35 -20]
900,51530,153025,30255,25515,[ 35  25 -30],[ 30   5 -20],[ 45   0 -40],[ 25 -30 -30]
901,51530,153035,30355,35515,[ 35  35 -20],[ 40   5 -10],[ 55  10 -40],[ 35 -20 -50]
902,51530,153040,30405,40515,[ 35  40 -15],[45  5 -5],[ 60  15 -40],[ 40 -15 -60]
903,51530,153045,30455,45515,[ 35  45 -10],[50  5  0],[ 65  20 -40],[ 45 -10 -70]
904,51530,153050,30505,50515,[35 50 -5],[55  5  5],[ 70  25 -40],[ 50  -5 -80]
905,51535,15350,3505,0515,[  8  23 -15],[  5 -22  -5],[ -7  25 -50],[-27  49 -80]
906,51535,153510,35105,10515,[ 40  15 -55],[ 15  10 -45],[ 35 -15 -50],[ 15 -55   0]
907,51535,153520,35205,20515,[ 40  25 -45],[ 25  10 -35],[ 45  -5 -50],[ 25 -45 -20]
908,51535,153525,35255,25515,[ 40  30 -40],[ 30  10 -30],[ 50   0 -50],[ 30 -40 -30]
909,51535,153530,35305,30515,[ 40  35 -35],[ 35  10 -25],[ 55   5 -50],[ 35 -35 -40]
910,51535,153540,35405,40515,[ 40  45 -25],[ 45  10 -15],[ 65  15 -50],[ 45 -25 -60]
911,51535,153545,35455,45515,[ 40  50 -20],[ 50  10 -10],[ 70  20 -50],[ 50 -20 -70]
912,51535,153550,35505,50515,[ 40  55 -15],[55 10 -5],[ 75  25 -50],[ 55 -15 -80]
913,51540,15400,4005,0515,[ 45  10 -75],[  5  15 -65],[ 30 -25 -60],[ 10 -75  20]
914,51540,154010,40105,10515,[ 45  20 -65],[ 15  15 -55],[ 40 -15 -60],[ 20 -65   0]
915,51540,154020,40205,20515,[ 45  30 -55],[ 25  15 -45],[ 50  -5 -60],[ 30 -55 -20]
916,51540,154025,40255,25515,[ 45  35 -50],[ 30  15 -40],[ 55   0 -60],[ 35 -50 -30]
917,51540,154030,40305,30515,[ 45  40 -45],[ 35  15 -35],[ 60   5 -60],[ 40 -45 -40]
918,51540,154035,40355,35515,[ 45  45 -40],[ 40  15 -30],[ 65  10 -60],[ 45 -40 -50]
919,51540,154045,40455,45515,[ 45  55 -30],[ 50  15 -20],[ 75  20 -60],[ 55 -30 -70]
920,51540,154050,40505,50515,[ 45  60 -25],[ 55  15 -15],[ 80  25 -60],[ 60 -25 -80]
921,51545,15450,4505,0515,[  9  24 -35],[  5 -21 -25],[ -6  25 -70],[-26  47 -80]
922,51545,154510,45105,10515,[ 50  25 -75],[ 15  20 -65],[ 45 -15 -70],[ 25 -75   0]
923,51545,154520,45205,20515,[ 50  35 -65],[ 25  20 -55],[ 55  -5 -70],[ 35 -65 -20]
924,51545,154525,45255,25515,[ 50  40 -60],[ 30  20 -50],[ 60   0 -70],[ 40 -60 -30]
925,51545,154530,45305,30515,[ 50  45 -55],[ 35  20 -45],[ 65   5 -70],[ 45 -55 -40]
926,51545,154535,45355,35515,[ 50  50 -50],[ 40  20 -40],[ 70  10 -70],[ 50 -50 -50]
927,51545,154540,45405,40515,[ 50  55 -45],[ 45  20 -35],[ 75  15 -70],[ 55 -45 -60]
928,51545,154550,45505,50515,[ 50  65 -35],[ 55  20 -25],[ 85  25 -70],[ 65 -35 -80]
929,51550,15500,5005,0515,[ 55  20 -95],[  5  25 -85],[ 40 -25 -80],[ 20 -95  20]
930,51550,155010,50105,10515,[ 55  30 -85],[ 15  25 -75],[ 50 -15 -80],[ 30 -85   0]
931,51550,155020,50205,20515,[ 55  40 -75],[ 25  25 -65],[ 60  -5 -80],[ 40 -75 -20]
932,51550,155025,50255,25515,[ 55  45 -70],[ 30  25 -60],[ 65   0 -80],[ 45 -70 -30]
933,51550,155030,50305,30515,[ 55  50 -65],[ 35  25 -55],[ 70   5 -80],[ 50 -65 -40]
934,51550,155035,50355,35515,[ 55  55 -60],[ 40  25 -50],[ 75  10 -80],[ 55 -60 -50]
935,51550,155040,50405,40515,[ 55  60 -55],[ 45  25 -45],[ 80  15 -80],[ 60 -55 -60]
936,51550,155045,50455,45515,[ 55  65 -50],[ 50  25 -40],[ 85  20 -80],[ 65 -50 -70]
937,5200,20010,0105,10520,[ 10 -30  15],[ 20 -35  30],[  0 -25  25],[-30  15   5]
938,5200,20015,0155,15520,[ 10 -25  20],[ 25 -35  35],[  5 -20  25],[-25  20  -5]
939,5200,20025,0255,25520,[ 10 -15  30],[ 35 -35  45],[ 15 -10  25],[-15  30 -25]
940,5200,20030,0305,30520,[ 10 -10  35],[ 40 -35  50],[20 -5 25],[-10  35 -35]
941,5200,20035,0355,35520,[10 -5 40],[ 45 -35  55],[25  0 25],[ -5  40 -45]
942,5200,20040,0405,40520,[10  0 45],[ 50 -35  60],[30  5 25],[  0  45 -55]
943,5200,20045,0455,45520,[10  5 50],[ 55 -35  65],[35 10 25],[  5  50 -65]
944,5200,20050,0505,50520,[10 10 55],[ 60 -35  70],[40 15 25],[ 10  55 -75]
945,52010,20100,1005,0520,[ 20 -30 -15],[ 10 -25   0],[  0 -35   5],[-30 -15  25]
946,52010,201015,10155,15520,[ 20 -15   0],[ 25 -25  15],[ 15 -20   5],[-15   0  -5]
947,52010,201025,10255,25520,[20 -5 10],[ 35 -25  25],[ 25 -10   5],[ -5  10 -25]
948,52010,201030,10305,30520,[20  0 15],[ 40 -25  30],[30 -5  5],[  0  15 -35]
949,52010,201035,10355,35520,[20  5 20],[ 45 -25  35],[35  0  5],[  5  20 -45]
950,52010,201040,10405,40520,[20 10 25],[ 50 -25  40],[40  5  5],[ 10  25 -55]
951,52010,201045,10455,45520,[20 15 30],[ 55 -25  45],[45 10  5],[ 15  30 -65]
952,52010,201050,10505,50520,[20 20 35],[ 60 -25  50],[50 15  5],[ 20  35 -75]
953,52015,20150,1505,0520,[11 11 25],[ 10 -34  40],[-9 15 -5],[-39  53 -75]
954,52015,201510,15105,10520,[ 25 -15 -15],[ 20 -20   0],[ 15 -25  -5],[-15 -15   5]
955,52015,201525,15255,25520,[25  0  0],[ 35 -20  15],[ 30 -10  -5],[  0   0 -25]
956,52015,201530,15305,30520,[25  5  5],[ 40 -20  20],[35 -5 -5],[  5   5 -35]
957,52015,201535,15355,35520,[25 10 10],[ 45 -20  25],[40  0 -5],[ 10  10 -45]
958,52015,201540,15405,40520,[25 15 15],[ 50 -20  30],[45  5 -5],[ 15  15 -55]
959,52015,201545,15455,45520,[25 20 20],[ 55 -20  35],[50 10 -5],[ 20  20 -65]
960,52015,201550,15505,50520,[25 25 25],[ 60 -20  40],[55 15 -5],[ 25  25 -75]
961,52025,20250,2505,0520,[12 12  5],[ 10 -33  20],[ -8  15 -25],[-38  51 -75]
962,52025,202510,25105,10520,[ 35  -5 -35],[ 20 -10 -20],[ 25 -25 -25],[ -5 -35   5]
963,52025,202515,25155,15520,[ 35   0 -30],[ 25 -10 -15],[ 30 -20 -25],[  0 -30  -5]
964,52025,202530,25305,30520,[ 35  15 -15],[ 40 -10   0],[ 45  -5 -25],[ 15 -15 -35]
965,52025,202535,25355,35520,[ 35  20 -10],[ 45 -10   5],[ 50   0 -25],[ 20 -10 -45]
966,52025,202540,25405,40520,[35 25 -5],[ 50 -10  10],[ 55   5 -25],[ 25  -5 -55]
967,52025,202545,25455,45520,[35 30  0],[ 55 -10  15],[ 60  10 -25],[ 30   0 -65]
968,52025,202550,25505,50520,[35 35  5],[ 60 -10  20],[ 65  15 -25],[ 35   5 -75]
969,52030,20300,3005,0520,[ 40 -10 -55],[ 10  -5 -40],[ 20 -35 -35],[-10 -55  25]
970,52030,203010,30105,10520,[ 40   0 -45],[ 20  -5 -30],[ 30 -25 -35],[  0 -45   5]
971,52030,203015,30155,15520,[ 40   5 -40],[ 25  -5 -25],[ 35 -20 -35],[  5 -40  -5]
972,52030,203025,30255,25520,[ 40  15 -30],[ 35  -5 -15],[ 45 -10 -35],[ 15 -30 -25]
973,52030,203035,30355,35520,[ 40  25 -20],[45 -5 -5],[ 55   0 -35],[ 25 -20 -45]
974,52030,203040,30405,40520,[ 40  30 -15],[50 -5  0],[ 60   5 -35],[ 30 -15 -55]
975,52030,203045,30455,45520,[ 40  35 -10],[55 -5  5],[ 65  10 -35],[ 35 -10 -65]
976,52030,203050,30505,50520,[40 40 -5],[60 -5 10],[ 70  15 -35],[ 40  -5 -75]
977,52035,20350,3505,0520,[ 13  13 -15],[ 10 -32   0],[ -7  15 -45],[-37  49 -75]
978,52035,203510,35105,10520,[ 45   5 -55],[ 20   0 -40],[ 35 -25 -45],[  5 -55   5]
979,52035,203515,35155,15520,[ 45  10 -50],[ 25   0 -35],[ 40 -20 -45],[ 10 -50  -5]
980,52035,203525,35255,25520,[ 45  20 -40],[ 35   0 -25],[ 50 -10 -45],[ 20 -40 -25]
981,52035,203530,35305,30520,[ 45  25 -35],[ 40   0 -20],[ 55  -5 -45],[ 25 -35 -35]
982,52035,203540,35405,40520,[ 45  35 -25],[ 50   0 -10],[ 65   5 -45],[ 35 -25 -55]
983,52035,203545,35455,45520,[ 45  40 -20],[55  0 -5],[ 70  10 -45],[ 40 -20 -65]
984,52035,203550,35505,50520,[ 45  45 -15],[60  0  0],[ 75  15 -45],[ 45 -15 -75]
985,52040,20400,4005,0520,[ 50   0 -75],[ 10   5 -60],[ 30 -35 -55],[  0 -75  25]
986,52040,204010,40105,10520,[ 50  10 -65],[ 20   5 -50],[ 40 -25 -55],[ 10 -65   5]
987,52040,204015,40155,15520,[ 50  15 -60],[ 25   5 -45],[ 45 -20 -55],[ 15 -60  -5]
988,52040,204025,40255,25520,[ 50  25 -50],[ 35   5 -35],[ 55 -10 -55],[ 25 -50 -25]
989,52040,204030,40305,30520,[ 50  30 -45],[ 40   5 -30],[ 60  -5 -55],[ 30 -45 -35]
990,52040,204035,40355,35520,[ 50  35 -40],[ 45   5 -25],[ 65   0 -55],[ 35 -40 -45]
991,52040,204045,40455,45520,[ 50  45 -30],[ 55   5 -15],[ 75  10 -55],[ 45 -30 -65]
992,52040,204050,40505,50520,[ 50  50 -25],[ 60   5 -10],[ 80  15 -55],[ 50 -25 -75]
993,52045,20450,4505,0520,[ 14  14 -35],[ 10 -31 -20],[ -6  15 -65],[-36  47 -75]
994,52045,204510,45105,10520,[ 55  15 -75],[ 20  10 -60],[ 45 -25 -65],[ 15 -75   5]
995,52045,204515,45155,15520,[ 55  20 -70],[ 25  10 -55],[ 50 -20 -65],[ 20 -70  -5]
996,52045,204525,45255,25520,[ 55  30 -60],[ 35  10 -45],[ 60 -10 -65],[ 30 -60 -25]
997,52045,204530,45305,30520,[ 55  35 -55],[ 40  10 -40],[ 65  -5 -65],[ 35 -55 -35]
998,52045,204535,45355,35520,[ 55  40 -50],[ 45  10 -35],[ 70   0 -65],[ 40 -50 -45]
999,52045,204540,45405,40520,[ 55  45 -45],[ 50  10 -30],[ 75   5 -65],[ 45 -45 -55]
1000,52045,204550,45505,50520,[ 55  55 -35],[ 60  10 -20],[ 85  15 -65],[ 55 -35 -75]
1001,52050,20500,5005,0520,[ 60  10 -95],[ 10  15 -80],[ 40 -35 -75],[ 10 -95  25]
1002,52050,205010,50105,10520,[ 60  20 -85],[ 20  15 -70],[ 50 -25 -75],[ 20 -85   5]
1003,52050,205015,50155,15520,[ 60  25 -80],[ 25  15 -65],[ 55 -20 -75],[ 25 -80  -5]
1004,52050,205025,50255,25520,[ 60  35 -70],[ 35  15 -55],[ 65 -10 -75],[ 35 -70 -25]
1005,52050,205030,50305,30520,[ 60  40 -65],[ 40  15 -50],[ 70  -5 -75],[ 40 -65 -35]
1006,52050,205035,50355,35520,[ 60  45 -60],[ 45  15 -45],[ 75   0 -75],[ 45 -60 -45]
1007,52050,205040,50405,40520,[ 60  50 -55],[ 50  15 -40],[ 80   5 -75],[ 50 -55 -55]
1008,52050,205045,50455,45520,[ 60  55 -50],[ 55  15 -35],[ 85  10 -75],[ 55 -50 -65]
1009,5250,25010,0105,10525,[ -8  56 -85],[  2  51 -65],[  0  11 -70],[  6 -85  10]
1010,5250,25015,0155,15525,[ -8  61 -80],[  7  51 -60],[  5  16 -70],[ 11 -80   0]
1011,5250,25020,0205,20525,[ -8  66 -75],[ 12  51 -55],[ 10  21 -70],[ 16 -75 -10]
1012,5250,25030,0305,30525,[ -8  76 -65],[ 22  51 -45],[ 20  31 -70],[ 26 -65 -30]
1013,5250,25035,0355,35525,[ -8  81 -60],[ 27  51 -40],[ 25  36 -70],[ 31 -60 -40]
1014,5250,25040,0405,40525,[ -8  86 -55],[ 32  51 -35],[ 30  41 -70],[ 36 -55 -50]
1015,5250,25045,0455,45525,[ -8  91 -50],[ 37  51 -30],[ 35  46 -70],[ 41 -50 -60]
1016,5250,25050,0505,50525,[ -8  96 -45],[ 42  51 -25],[ 40  51 -70],[ 46 -45 -70]
1017,52510,25100,1005,0525,[ 25 -40 -15],[ 15 -35   5],[  0 -45  10],[-40 -15  30]
1018,52510,251015,10155,15525,[ 25 -25   0],[ 30 -35  20],[ 15 -30  10],[-25   0   0]
1019,52510,251020,10205,20525,[ 25 -20   5],[ 35 -35  25],[ 20 -25  10],[-20   5 -10]
1020,52510,251030,10305,30525,[ 25 -10  15],[ 45 -35  35],[ 30 -15  10],[-10  15 -30]
1021,52510,251035,10355,35525,[25 -5 20],[ 50 -35  40],[ 35 -10  10],[ -5  20 -40]
1022,52510,251040,10405,40525,[25  0 25],[ 55 -35  45],[40 -5 10],[  0  25 -50]
1023,52510,251045,10455,45525,[25  5 30],[ 60 -35  50],[45  0 10],[  5  30 -60]
1024,52510,251050,10505,50525,[25 10 35],[ 65 -35  55],[50  5 10],[ 10  35 -70]
1025,52515,25150,1505,0525,[16  1 25],[ 15 -44  45],[-9  5  0],[-49  53 -70]
1026,52515,251510,15105,10525,[ 30 -25 -15],[ 25 -30   5],[ 15 -35   0],[-25 -15  10]
1027,52515,251520,15205,20525,[ 30 -15  -5],[ 35 -30  15],[ 25 -25   0],[-15  -5 -10]
1028,52515,251530,15305,30525,[30 -5  5],[ 45 -30  25],[ 35 -15   0],[ -5   5 -30]
1029,52515,251535,15355,35525,[30  0 10],[ 50 -30  30],[ 40 -10   0],[  0  10 -40]
1030,52515,251540,15405,40525,[30  5 15],[ 55 -30  35],[45 -5  0],[  5  15 -50]
1031,52515,251545,15455,45525,[30 10 20],[ 60 -30  40],[50  0  0],[ 10  20 -60]
1032,52515,251550,15505,50525,[30 15 25],[ 65 -30  45],[55  5  0],[ 15  25 -70]
1033,52520,25200,2005,0525,[ 35 -30 -35],[ 15 -25 -15],[ 10 -45 -10],[-30 -35  30]
1034,52520,252010,20105,10525,[ 35 -20 -25],[ 25 -25  -5],[ 20 -35 -10],[-20 -25  10]
1035,52520,252015,20155,15525,[ 35 -15 -20],[ 30 -25   0],[ 25 -30 -10],[-15 -20   0]
1036,52520,252030,20305,30525,[35  0 -5],[ 45 -25  15],[ 40 -15 -10],[  0  -5 -30]
1037,52520,252035,20355,35525,[35  5  0],[ 50 -25  20],[ 45 -10 -10],[  5   0 -40]
1038,52520,252040,20405,40525,[35 10  5],[ 55 -25  25],[ 50  -5 -10],[ 10   5 -50]
1039,52520,252045,20455,45525,[35 15 10],[ 60 -25  30],[ 55   0 -10],[ 15  10 -60]
1040,52520,252050,20505,50525,[35 20 15],[ 65 -25  35],[ 60   5 -10],[ 20  15 -70]
1041,52530,25300,3005,0525,[ 45 -20 -55],[ 15 -15 -35],[ 20 -45 -30],[-20 -55  30]
1042,52530,253010,30105,10525,[ 45 -10 -45],[ 25 -15 -25],[ 30 -35 -30],[-10 -45  10]
1043,52530,253015,30155,15525,[ 45  -5 -40],[ 30 -15 -20],[ 35 -30 -30],[ -5 -40   0]
1044,52530,253020,30205,20525,[ 45   0 -35],[ 35 -15 -15],[ 40 -25 -30],[  0 -35 -10]
1045,52530,253035,30355,35525,[ 45  15 -20],[ 50 -15   0],[ 55 -10 -30],[ 15 -20 -40]
1046,52530,253040,30405,40525,[ 45  20 -15],[ 55 -15   5],[ 60  -5 -30],[ 20 -15 -50]
1047,52530,253045,30455,45525,[ 45  25 -10],[ 60 -15  10],[ 65   0 -30],[ 25 -10 -60]
1048,52530,253050,30505,50525,[45 30 -5],[ 65 -15  15],[ 70   5 -30],[ 30  -5 -70]
1049,52535,25350,3505,0525,[ 18   3 -15],[ 15 -42   5],[ -7   5 -40],[-47  49 -70]
1050,52535,253510,35105,10525,[ 50  -5 -55],[ 25 -10 -35],[ 35 -35 -40],[ -5 -55  10]
1051,52535,253515,35155,15525,[ 50   0 -50],[ 30 -10 -30],[ 40 -30 -40],[  0 -50   0]
1052,52535,253520,35205,20525,[ 50   5 -45],[ 35 -10 -25],[ 45 -25 -40],[  5 -45 -10]
1053,52535,253530,35305,30525,[ 50  15 -35],[ 45 -10 -15],[ 55 -15 -40],[ 15 -35 -30]
1054,52535,253540,35405,40525,[ 50  25 -25],[ 55 -10  -5],[ 65  -5 -40],[ 25 -25 -50]
1055,52535,253545,35455,45525,[ 50  30 -20],[ 60 -10   0],[ 70   0 -40],[ 30 -20 -60]
1056,52535,253550,35505,50525,[ 50  35 -15],[ 65 -10   5],[ 75   5 -40],[ 35 -15 -70]
1057,52540,25400,4005,0525,[ 55 -10 -75],[ 15  -5 -55],[ 30 -45 -50],[-10 -75  30]
1058,52540,254010,40105,10525,[ 55   0 -65],[ 25  -5 -45],[ 40 -35 -50],[  0 -65  10]
1059,52540,254015,40155,15525,[ 55   5 -60],[ 30  -5 -40],[ 45 -30 -50],[  5 -60   0]
1060,52540,254020,40205,20525,[ 55  10 -55],[ 35  -5 -35],[ 50 -25 -50],[ 10 -55 -10]
1061,52540,254030,40305,30525,[ 55  20 -45],[ 45  -5 -25],[ 60 -15 -50],[ 20 -45 -30]
1062,52540,254035,40355,35525,[ 55  25 -40],[ 50  -5 -20],[ 65 -10 -50],[ 25 -40 -40]
1063,52540,254045,40455,45525,[ 55  35 -30],[ 60  -5 -10],[ 75   0 -50],[ 35 -30 -60]
1064,52540,254050,40505,50525,[ 55  40 -25],[65 -5 -5],[ 80   5 -50],[ 40 -25 -70]
1065,52545,25450,4505,0525,[ 19   4 -35],[ 15 -41 -15],[ -6   5 -60],[-46  47 -70]
1066,52545,254510,45105,10525,[ 60   5 -75],[ 25   0 -55],[ 45 -35 -60],[  5 -75  10]
1067,52545,254515,45155,15525,[ 60  10 -70],[ 30   0 -50],[ 50 -30 -60],[ 10 -70   0]
1068,52545,254520,45205,20525,[ 60  15 -65],[ 35   0 -45],[ 55 -25 -60],[ 15 -65 -10]
1069,52545,254530,45305,30525,[ 60  25 -55],[ 45   0 -35],[ 65 -15 -60],[ 25 -55 -30]
1070,52545,254535,45355,35525,[ 60  30 -50],[ 50   0 -30],[ 70 -10 -60],[ 30 -50 -40]
1071,52545,254540,45405,40525,[ 60  35 -45],[ 55   0 -25],[ 75  -5 -60],[ 35 -45 -50]
1072,52545,254550,45505,50525,[ 60  45 -35],[ 65   0 -15],[ 85   5 -60],[ 45 -35 -70]
1073,52550,25500,5005,0525,[ 65   0 -95],[ 15   5 -75],[ 40 -45 -70],[  0 -95  30]
1074,52550,255010,50105,10525,[ 65  10 -85],[ 25   5 -65],[ 50 -35 -70],[ 10 -85  10]
1075,52550,255015,50155,15525,[ 65  15 -80],[ 30   5 -60],[ 55 -30 -70],[ 15 -80   0]
1076,52550,255020,50205,20525,[ 65  20 -75],[ 35   5 -55],[ 60 -25 -70],[ 20 -75 -10]
1077,52550,255030,50305,30525,[ 65  30 -65],[ 45   5 -45],[ 70 -15 -70],[ 30 -65 -30]
1078,52550,255035,50355,35525,[ 65  35 -60],[ 50   5 -40],[ 75 -10 -70],[ 35 -60 -40]
1079,52550,255040,50405,40525,[ 65  40 -55],[ 55   5 -35],[ 80  -5 -70],[ 40 -55 -50]
1080,52550,255045,50455,45525,[ 65  45 -50],[ 60   5 -30],[ 85   0 -70],[ 45 -50 -60]
1081,5300,30010,0105,10530,[ 20 -50  15],[ 30 -55  40],[  0 -45  35],[-50  15  15]
1082,5300,30015,0155,15530,[ 20 -45  20],[ 35 -55  45],[  5 -40  35],[-45  20   5]
1083,5300,30020,0205,20530,[ 20 -40  25],[ 40 -55  50],[ 10 -35  35],[-40  25  -5]
1084,5300,30025,0255,25530,[ 20 -35  30],[ 45 -55  55],[ 15 -30  35],[-35  30 -15]
1085,5300,30035,0355,35530,[ 20 -25  40],[ 55 -55  65],[ 25 -20  35],[-25  40 -35]
1086,5300,30040,0405,40530,[ 20 -20  45],[ 60 -55  70],[ 30 -15  35],[-20  45 -45]
1087,5300,30045,0455,45530,[ 20 -15  50],[ 65 -55  75],[ 35 -10  35],[-15  50 -55]
1088,5300,30050,0505,50530,[ 20 -10  55],[ 70 -55  80],[40 -5 35],[-10  55 -65]
1089,53010,30100,1005,0530,[ 30 -50 -15],[ 20 -45  10],[  0 -55  15],[-50 -15  35]
1090,53010,301015,10155,15530,[ 30 -35   0],[ 35 -45  25],[ 15 -40  15],[-35   0   5]
1091,53010,301020,10205,20530,[ 30 -30   5],[ 40 -45  30],[ 20 -35  15],[-30   5  -5]
1092,53010,301025,10255,25530,[ 30 -25  10],[ 45 -45  35],[ 25 -30  15],[-25  10 -15]
1093,53010,301035,10355,35530,[ 30 -15  20],[ 55 -45  45],[ 35 -20  15],[-15  20 -35]
1094,53010,301040,10405,40530,[ 30 -10  25],[ 60 -45  50],[ 40 -15  15],[-10  25 -45]
1095,53010,301045,10455,45530,[30 -5 30],[ 65 -45  55],[ 45 -10  15],[ -5  30 -55]
1096,53010,301050,10505,50530,[30  0 35],[ 70 -45  60],[50 -5 15],[  0  35 -65]
1097,53015,30150,1505,0530,[21 -9 25],[ 20 -54  50],[-9 -5  5],[-59  53 -65]
1098,53015,301510,15105,10530,[ 35 -35 -15],[ 30 -40  10],[ 15 -45   5],[-35 -15  15]
1099,53015,301520,15205,20530,[ 35 -25  -5],[ 40 -40  20],[ 25 -35   5],[-25  -5  -5]
1100,53015,301525,15255,25530,[ 35 -20   0],[ 45 -40  25],[ 30 -30   5],[-20   0 -15]
1101,53015,301535,15355,35530,[ 35 -10  10],[ 55 -40  35],[ 40 -20   5],[-10  10 -35]
1102,53015,301540,15405,40530,[35 -5 15],[ 60 -40  40],[ 45 -15   5],[ -5  15 -45]
1103,53015,301545,15455,45530,[35  0 20],[ 65 -40  45],[ 50 -10   5],[  0  20 -55]
1104,53015,301550,15505,50530,[35  5 25],[ 70 -40  50],[55 -5  5],[  5  25 -65]
1105,53020,30200,2005,0530,[ 40 -40 -35],[ 20 -35 -10],[ 10 -55  -5],[-40 -35  35]
1106,53020,302010,20105,10530,[ 40 -30 -25],[ 30 -35   0],[ 20 -45  -5],[-30 -25  15]
1107,53020,302015,20155,15530,[ 40 -25 -20],[ 35 -35   5],[ 25 -40  -5],[-25 -20   5]
1108,53020,302025,20255,25530,[ 40 -15 -10],[ 45 -35  15],[ 35 -30  -5],[-15 -10 -15]
1109,53020,302035,20355,35530,[40 -5  0],[ 55 -35  25],[ 45 -20  -5],[ -5   0 -35]
1110,53020,302040,20405,40530,[40  0  5],[ 60 -35  30],[ 50 -15  -5],[  0   5 -45]
1111,53020,302045,20455,45530,[40  5 10],[ 65 -35  35],[ 55 -10  -5],[  5  10 -55]
1112,53020,302050,20505,50530,[40 10 15],[ 70 -35  40],[60 -5 -5],[ 10  15 -65]
1113,53025,30250,2505,0530,[22 -8  5],[ 20 -53  30],[ -8  -5 -15],[-58  51 -65]
1114,53025,302510,25105,10530,[ 45 -25 -35],[ 30 -30 -10],[ 25 -45 -15],[-25 -35  15]
1115,53025,302515,25155,15530,[ 45 -20 -30],[ 35 -30  -5],[ 30 -40 -15],[-20 -30   5]
1116,53025,302520,25205,20530,[ 45 -15 -25],[ 40 -30   0],[ 35 -35 -15],[-15 -25  -5]
1117,53025,302535,25355,35530,[ 45   0 -10],[ 55 -30  15],[ 50 -20 -15],[  0 -10 -35]
1118,53025,302540,25405,40530,[45  5 -5],[ 60 -30  20],[ 55 -15 -15],[  5  -5 -45]
1119,53025,302545,25455,45530,[45 10  0],[ 65 -30  25],[ 60 -10 -15],[ 10   0 -55]
1120,53025,302550,25505,50530,[45 15  5],[ 70 -30  30],[ 65  -5 -15],[ 15   5 -65]
1121,53035,30350,3505,0530,[ 23  -7 -15],[ 20 -52  10],[ -7  -5 -35],[-57  49 -65]
1122,53035,303510,35105,10530,[ 55 -15 -55],[ 30 -20 -30],[ 35 -45 -35],[-15 -55  15]
1123,53035,303515,35155,15530,[ 55 -10 -50],[ 35 -20 -25],[ 40 -40 -35],[-10 -50   5]
1124,53035,303520,35205,20530,[ 55  -5 -45],[ 40 -20 -20],[ 45 -35 -35],[ -5 -45  -5]
1125,53035,303525,35255,25530,[ 55   0 -40],[ 45 -20 -15],[ 50 -30 -35],[  0 -40 -15]
1126,53035,303540,35405,40530,[ 55  15 -25],[ 60 -20   0],[ 65 -15 -35],[ 15 -25 -45]
1127,53035,303545,35455,45530,[ 55  20 -20],[ 65 -20   5],[ 70 -10 -35],[ 20 -20 -55]
1128,53035,303550,35505,50530,[ 55  25 -15],[ 70 -20  10],[ 75  -5 -35],[ 25 -15 -65]
1129,53040,30400,4005,0530,[ 60 -20 -75],[ 20 -15 -50],[ 30 -55 -45],[-20 -75  35]
1130,53040,304010,40105,10530,[ 60 -10 -65],[ 30 -15 -40],[ 40 -45 -45],[-10 -65  15]
1131,53040,304015,40155,15530,[ 60  -5 -60],[ 35 -15 -35],[ 45 -40 -45],[ -5 -60   5]
1132,53040,304020,40205,20530,[ 60   0 -55],[ 40 -15 -30],[ 50 -35 -45],[  0 -55  -5]
1133,53040,304025,40255,25530,[ 60   5 -50],[ 45 -15 -25],[ 55 -30 -45],[  5 -50 -15]
1134,53040,304035,40355,35530,[ 60  15 -40],[ 55 -15 -15],[ 65 -20 -45],[ 15 -40 -35]
1135,53040,304045,40455,45530,[ 60  25 -30],[ 65 -15  -5],[ 75 -10 -45],[ 25 -30 -55]
1136,53040,304050,40505,50530,[ 60  30 -25],[ 70 -15   0],[ 80  -5 -45],[ 30 -25 -65]
1137,53045,30450,4505,0530,[ 24  -6 -35],[ 20 -51 -10],[ -6  -5 -55],[-56  47 -65]
1138,53045,304510,45105,10530,[ 65  -5 -75],[ 30 -10 -50],[ 45 -45 -55],[ -5 -75  15]
1139,53045,304515,45155,15530,[ 65   0 -70],[ 35 -10 -45],[ 50 -40 -55],[  0 -70   5]
1140,53045,304520,45205,20530,[ 65   5 -65],[ 40 -10 -40],[ 55 -35 -55],[  5 -65  -5]
1141,53045,304525,45255,25530,[ 65  10 -60],[ 45 -10 -35],[ 60 -30 -55],[ 10 -60 -15]
1142,53045,304535,45355,35530,[ 65  20 -50],[ 55 -10 -25],[ 70 -20 -55],[ 20 -50 -35]
1143,53045,304540,45405,40530,[ 65  25 -45],[ 60 -10 -20],[ 75 -15 -55],[ 25 -45 -45]
1144,53045,304550,45505,50530,[ 65  35 -35],[ 70 -10 -10],[ 85  -5 -55],[ 35 -35 -65]
1145,53050,30500,5005,0530,[ 70 -10 -95],[ 20  -5 -70],[ 40 -55 -65],[-10 -95  35]
1146,53050,305010,50105,10530,[ 70   0 -85],[ 30  -5 -60],[ 50 -45 -65],[  0 -85  15]
1147,53050,305015,50155,15530,[ 70   5 -80],[ 35  -5 -55],[ 55 -40 -65],[  5 -80   5]
1148,53050,305020,50205,20530,[ 70  10 -75],[ 40  -5 -50],[ 60 -35 -65],[ 10 -75  -5]
1149,53050,305025,50255,25530,[ 70  15 -70],[ 45  -5 -45],[ 65 -30 -65],[ 15 -70 -15]
1150,53050,305035,50355,35530,[ 70  25 -60],[ 55  -5 -35],[ 75 -20 -65],[ 25 -60 -35]
1151,53050,305040,50405,40530,[ 70  30 -55],[ 60  -5 -30],[ 80 -15 -65],[ 30 -55 -45]
1152,53050,305045,50455,45530,[ 70  35 -50],[ 65  -5 -25],[ 85 -10 -65],[ 35 -50 -55]
1153,5350,35010,0105,10535,[ -7  54 -85],[  3  49 -55],[  0   9 -60],[  4 -85  20]
1154,5350,35015,0155,15535,[ -7  59 -80],[  8  49 -50],[  5  14 -60],[  9 -80  10]
1155,5350,35020,0205,20535,[ -7  64 -75],[ 13  49 -45],[ 10  19 -60],[ 14 -75   0]
1156,5350,35025,0255,25535,[ -7  69 -70],[ 18  49 -40],[ 15  24 -60],[ 19 -70 -10]
1157,5350,35030,0305,30535,[ -7  74 -65],[ 23  49 -35],[ 20  29 -60],[ 24 -65 -20]
1158,5350,35040,0405,40535,[ -7  84 -55],[ 33  49 -25],[ 30  39 -60],[ 34 -55 -40]
1159,5350,35045,0455,45535,[ -7  89 -50],[ 38  49 -20],[ 35  44 -60],[ 39 -50 -50]
1160,5350,35050,0505,50535,[ -7  94 -45],[ 43  49 -15],[ 40  49 -60],[ 44 -45 -60]
1161,53510,35100,1005,0535,[ 35 -60 -15],[ 25 -55  15],[  0 -65  20],[-60 -15  40]
1162,53510,351015,10155,15535,[ 35 -45   0],[ 40 -55  30],[ 15 -50  20],[-45   0  10]
1163,53510,351020,10205,20535,[ 35 -40   5],[ 45 -55  35],[ 20 -45  20],[-40   5   0]
1164,53510,351025,10255,25535,[ 35 -35  10],[ 50 -55  40],[ 25 -40  20],[-35  10 -10]
1165,53510,351030,10305,30535,[ 35 -30  15],[ 55 -55  45],[ 30 -35  20],[-30  15 -20]
1166,53510,351040,10405,40535,[ 35 -20  25],[ 65 -55  55],[ 40 -25  20],[-20  25 -40]
1167,53510,351045,10455,45535,[ 35 -15  30],[ 70 -55  60],[ 45 -20  20],[-15  30 -50]
1168,53510,351050,10505,50535,[ 35 -10  35],[ 75 -55  65],[ 50 -15  20],[-10  35 -60]
1169,53515,35150,1505,0535,[ 26 -19  25],[ 25 -64  55],[ -9 -15  10],[-69  53 -60]
1170,53515,351510,15105,10535,[ 40 -45 -15],[ 35 -50  15],[ 15 -55  10],[-45 -15  20]
1171,53515,351520,15205,20535,[ 40 -35  -5],[ 45 -50  25],[ 25 -45  10],[-35  -5   0]
1172,53515,351525,15255,25535,[ 40 -30   0],[ 50 -50  30],[ 30 -40  10],[-30   0 -10]
1173,53515,351530,15305,30535,[ 40 -25   5],[ 55 -50  35],[ 35 -35  10],[-25   5 -20]
1174,53515,351540,15405,40535,[ 40 -15  15],[ 65 -50  45],[ 45 -25  10],[-15  15 -40]
1175,53515,351545,15455,45535,[ 40 -10  20],[ 70 -50  50],[ 50 -20  10],[-10  20 -50]
1176,53515,351550,15505,50535,[40 -5 25],[ 75 -50  55],[ 55 -15  10],[ -5  25 -60]
1177,53520,35200,2005,0535,[ 45 -50 -35],[ 25 -45  -5],[ 10 -65   0],[-50 -35  40]
1178,53520,352010,20105,10535,[ 45 -40 -25],[ 35 -45   5],[ 20 -55   0],[-40 -25  20]
1179,53520,352015,20155,15535,[ 45 -35 -20],[ 40 -45  10],[ 25 -50   0],[-35 -20  10]
1180,53520,352025,20255,25535,[ 45 -25 -10],[ 50 -45  20],[ 35 -40   0],[-25 -10 -10]
1181,53520,352030,20305,30535,[ 45 -20  -5],[ 55 -45  25],[ 40 -35   0],[-20  -5 -20]
1182,53520,352040,20405,40535,[ 45 -10   5],[ 65 -45  35],[ 50 -25   0],[-10   5 -40]
1183,53520,352045,20455,45535,[45 -5 10],[ 70 -45  40],[ 55 -20   0],[ -5  10 -50]
1184,53520,352050,20505,50535,[45  0 15],[ 75 -45  45],[ 60 -15   0],[  0  15 -60]
1185,53525,35250,2505,0535,[ 27 -18   5],[ 25 -63  35],[ -8 -15 -10],[-68  51 -60]
1186,53525,352510,25105,10535,[ 50 -35 -35],[ 35 -40  -5],[ 25 -55 -10],[-35 -35  20]
1187,53525,352515,25155,15535,[ 50 -30 -30],[ 40 -40   0],[ 30 -50 -10],[-30 -30  10]
1188,53525,352520,25205,20535,[ 50 -25 -25],[ 45 -40   5],[ 35 -45 -10],[-25 -25   0]
1189,53525,352530,25305,30535,[ 50 -15 -15],[ 55 -40  15],[ 45 -35 -10],[-15 -15 -20]
1190,53525,352540,25405,40535,[50 -5 -5],[ 65 -40  25],[ 55 -25 -10],[ -5  -5 -40]
1191,53525,352545,25455,45535,[50  0  0],[ 70 -40  30],[ 60 -20 -10],[  0   0 -50]
1192,53525,352550,25505,50535,[50  5  5],[ 75 -40  35],[ 65 -15 -10],[  5   5 -60]
1193,53530,35300,3005,0535,[ 55 -40 -55],[ 25 -35 -25],[ 20 -65 -20],[-40 -55  40]
1194,53530,353010,30105,10535,[ 55 -30 -45],[ 35 -35 -15],[ 30 -55 -20],[-30 -45  20]
1195,53530,353015,30155,15535,[ 55 -25 -40],[ 40 -35 -10],[ 35 -50 -20],[-25 -40  10]
1196,53530,353020,30205,20535,[ 55 -20 -35],[ 45 -35  -5],[ 40 -45 -20],[-20 -35   0]
1197,53530,353025,30255,25535,[ 55 -15 -30],[ 50 -35   0],[ 45 -40 -20],[-15 -30 -10]
1198,53530,353040,30405,40535,[ 55   0 -15],[ 65 -35  15],[ 60 -25 -20],[  0 -15 -40]
1199,53530,353045,30455,45535,[ 55   5 -10],[ 70 -35  20],[ 65 -20 -20],[  5 -10 -50]
1200,53530,353050,30505,50535,[55 10 -5],[ 75 -35  25],[ 70 -15 -20],[ 10  -5 -60]
1201,53540,35400,4005,0535,[ 65 -30 -75],[ 25 -25 -45],[ 30 -65 -40],[-30 -75  40]
1202,53540,354010,40105,10535,[ 65 -20 -65],[ 35 -25 -35],[ 40 -55 -40],[-20 -65  20]
1203,53540,354015,40155,15535,[ 65 -15 -60],[ 40 -25 -30],[ 45 -50 -40],[-15 -60  10]
1204,53540,354020,40205,20535,[ 65 -10 -55],[ 45 -25 -25],[ 50 -45 -40],[-10 -55   0]
1205,53540,354025,40255,25535,[ 65  -5 -50],[ 50 -25 -20],[ 55 -40 -40],[ -5 -50 -10]
1206,53540,354030,40305,30535,[ 65   0 -45],[ 55 -25 -15],[ 60 -35 -40],[  0 -45 -20]
1207,53540,354045,40455,45535,[ 65  15 -30],[ 70 -25   0],[ 75 -20 -40],[ 15 -30 -50]
1208,53540,354050,40505,50535,[ 65  20 -25],[ 75 -25   5],[ 80 -15 -40],[ 20 -25 -60]
1209,53545,35450,4505,0535,[ 29 -16 -35],[ 25 -61  -5],[ -6 -15 -50],[-66  47 -60]
1210,53545,354510,45105,10535,[ 70 -15 -75],[ 35 -20 -45],[ 45 -55 -50],[-15 -75  20]
1211,53545,354515,45155,15535,[ 70 -10 -70],[ 40 -20 -40],[ 50 -50 -50],[-10 -70  10]
1212,53545,354520,45205,20535,[ 70  -5 -65],[ 45 -20 -35],[ 55 -45 -50],[ -5 -65   0]
1213,53545,354525,45255,25535,[ 70   0 -60],[ 50 -20 -30],[ 60 -40 -50],[  0 -60 -10]
1214,53545,354530,45305,30535,[ 70   5 -55],[ 55 -20 -25],[ 65 -35 -50],[  5 -55 -20]
1215,53545,354540,45405,40535,[ 70  15 -45],[ 65 -20 -15],[ 75 -25 -50],[ 15 -45 -40]
1216,53545,354550,45505,50535,[ 70  25 -35],[ 75 -20  -5],[ 85 -15 -50],[ 25 -35 -60]
1217,53550,35500,5005,0535,[ 75 -20 -95],[ 25 -15 -65],[ 40 -65 -60],[-20 -95  40]
1218,53550,355010,50105,10535,[ 75 -10 -85],[ 35 -15 -55],[ 50 -55 -60],[-10 -85  20]
1219,53550,355015,50155,15535,[ 75  -5 -80],[ 40 -15 -50],[ 55 -50 -60],[ -5 -80  10]
1220,53550,355020,50205,20535,[ 75   0 -75],[ 45 -15 -45],[ 60 -45 -60],[  0 -75   0]
1221,53550,355025,50255,25535,[ 75   5 -70],[ 50 -15 -40],[ 65 -40 -60],[  5 -70 -10]
1222,53550,355030,50305,30535,[ 75  10 -65],[ 55 -15 -35],[ 70 -35 -60],[ 10 -65 -20]
1223,53550,355040,50405,40535,[ 75  20 -55],[ 65 -15 -25],[ 80 -25 -60],[ 20 -55 -40]
1224,53550,355045,50455,45535,[ 75  25 -50],[ 70 -15 -20],[ 85 -20 -60],[ 25 -50 -50]
1225,5400,40010,0105,10540,[ 30 -70  15],[ 40 -75  50],[  0 -65  45],[-70  15  25]
1226,5400,40015,0155,15540,[ 30 -65  20],[ 45 -75  55],[  5 -60  45],[-65  20  15]
1227,5400,40020,0205,20540,[ 30 -60  25],[ 50 -75  60],[ 10 -55  45],[-60  25   5]
1228,5400,40025,0255,25540,[ 30 -55  30],[ 55 -75  65],[ 15 -50  45],[-55  30  -5]
1229,5400,40030,0305,30540,[ 30 -50  35],[ 60 -75  70],[ 20 -45  45],[-50  35 -15]
1230,5400,40035,0355,35540,[ 30 -45  40],[ 65 -75  75],[ 25 -40  45],[-45  40 -25]
1231,5400,40045,0455,45540,[ 30 -35  50],[ 75 -75  85],[ 35 -30  45],[-35  50 -45]
1232,5400,40050,0505,50540,[ 30 -30  55],[ 80 -75  90],[ 40 -25  45],[-30  55 -55]
1233,54010,40100,1005,0540,[ 40 -70 -15],[ 30 -65  20],[  0 -75  25],[-70 -15  45]
1234,54010,401015,10155,15540,[ 40 -55   0],[ 45 -65  35],[ 15 -60  25],[-55   0  15]
1235,54010,401020,10205,20540,[ 40 -50   5],[ 50 -65  40],[ 20 -55  25],[-50   5   5]
1236,54010,401025,10255,25540,[ 40 -45  10],[ 55 -65  45],[ 25 -50  25],[-45  10  -5]
1237,54010,401030,10305,30540,[ 40 -40  15],[ 60 -65  50],[ 30 -45  25],[-40  15 -15]
1238,54010,401035,10355,35540,[ 40 -35  20],[ 65 -65  55],[ 35 -40  25],[-35  20 -25]
1239,54010,401045,10455,45540,[ 40 -25  30],[ 75 -65  65],[ 45 -30  25],[-25  30 -45]
1240,54010,401050,10505,50540,[ 40 -20  35],[ 80 -65  70],[ 50 -25  25],[-20  35 -55]
1241,54015,40150,1505,0540,[ 31 -29  25],[ 30 -74  60],[ -9 -25  15],[-79  53 -55]
1242,54015,401510,15105,10540,[ 45 -55 -15],[ 40 -60  20],[ 15 -65  15],[-55 -15  25]
1243,54015,401520,15205,20540,[ 45 -45  -5],[ 50 -60  30],[ 25 -55  15],[-45  -5   5]
1244,54015,401525,15255,25540,[ 45 -40   0],[ 55 -60  35],[ 30 -50  15],[-40   0  -5]
1245,54015,401530,15305,30540,[ 45 -35   5],[ 60 -60  40],[ 35 -45  15],[-35   5 -15]
1246,54015,401535,15355,35540,[ 45 -30  10],[ 65 -60  45],[ 40 -40  15],[-30  10 -25]
1247,54015,401545,15455,45540,[ 45 -20  20],[ 75 -60  55],[ 50 -30  15],[-20  20 -45]
1248,54015,401550,15505,50540,[ 45 -15  25],[ 80 -60  60],[ 55 -25  15],[-15  25 -55]
1249,54020,40200,2005,0540,[ 50 -60 -35],[ 30 -55   0],[ 10 -75   5],[-60 -35  45]
1250,54020,402010,20105,10540,[ 50 -50 -25],[ 40 -55  10],[ 20 -65   5],[-50 -25  25]
1251,54020,402015,20155,15540,[ 50 -45 -20],[ 45 -55  15],[ 25 -60   5],[-45 -20  15]
1252,54020,402025,20255,25540,[ 50 -35 -10],[ 55 -55  25],[ 35 -50   5],[-35 -10  -5]
1253,54020,402030,20305,30540,[ 50 -30  -5],[ 60 -55  30],[ 40 -45   5],[-30  -5 -15]
1254,54020,402035,20355,35540,[ 50 -25   0],[ 65 -55  35],[ 45 -40   5],[-25   0 -25]
1255,54020,402045,20455,45540,[ 50 -15  10],[ 75 -55  45],[ 55 -30   5],[-15  10 -45]
1256,54020,402050,20505,50540,[ 50 -10  15],[ 80 -55  50],[ 60 -25   5],[-10  15 -55]
1257,54025,40250,2505,0540,[ 32 -28   5],[ 30 -73  40],[ -8 -25  -5],[-78  51 -55]
1258,54025,402510,25105,10540,[ 55 -45 -35],[ 40 -50   0],[ 25 -65  -5],[-45 -35  25]
1259,54025,402515,25155,15540,[ 55 -40 -30],[ 45 -50   5],[ 30 -60  -5],[-40 -30  15]
1260,54025,402520,25205,20540,[ 55 -35 -25],[ 50 -50  10],[ 35 -55  -5],[-35 -25   5]
1261,54025,402530,25305,30540,[ 55 -25 -15],[ 60 -50  20],[ 45 -45  -5],[-25 -15 -15]
1262,54025,402535,25355,35540,[ 55 -20 -10],[ 65 -50  25],[ 50 -40  -5],[-20 -10 -25]
1263,54025,402545,25455,45540,[ 55 -10   0],[ 75 -50  35],[ 60 -30  -5],[-10   0 -45]
1264,54025,402550,25505,50540,[55 -5  5],[ 80 -50  40],[ 65 -25  -5],[ -5   5 -55]
1265,54030,40300,3005,0540,[ 60 -50 -55],[ 30 -45 -20],[ 20 -75 -15],[-50 -55  45]
1266,54030,403010,30105,10540,[ 60 -40 -45],[ 40 -45 -10],[ 30 -65 -15],[-40 -45  25]
1267,54030,403015,30155,15540,[ 60 -35 -40],[ 45 -45  -5],[ 35 -60 -15],[-35 -40  15]
1268,54030,403020,30205,20540,[ 60 -30 -35],[ 50 -45   0],[ 40 -55 -15],[-30 -35   5]
1269,54030,403025,30255,25540,[ 60 -25 -30],[ 55 -45   5],[ 45 -50 -15],[-25 -30  -5]
1270,54030,403035,30355,35540,[ 60 -15 -20],[ 65 -45  15],[ 55 -40 -15],[-15 -20 -25]
1271,54030,403045,30455,45540,[ 60  -5 -10],[ 75 -45  25],[ 65 -30 -15],[ -5 -10 -45]
1272,54030,403050,30505,50540,[60  0 -5],[ 80 -45  30],[ 70 -25 -15],[  0  -5 -55]
1273,54035,40350,3505,0540,[ 33 -27 -15],[ 30 -72  20],[ -7 -25 -25],[-77  49 -55]
1274,54035,403510,35105,10540,[ 65 -35 -55],[ 40 -40 -20],[ 35 -65 -25],[-35 -55  25]
1275,54035,403515,35155,15540,[ 65 -30 -50],[ 45 -40 -15],[ 40 -60 -25],[-30 -50  15]
1276,54035,403520,35205,20540,[ 65 -25 -45],[ 50 -40 -10],[ 45 -55 -25],[-25 -45   5]
1277,54035,403525,35255,25540,[ 65 -20 -40],[ 55 -40  -5],[ 50 -50 -25],[-20 -40  -5]
1278,54035,403530,35305,30540,[ 65 -15 -35],[ 60 -40   0],[ 55 -45 -25],[-15 -35 -15]
1279,54035,403545,35455,45540,[ 65   0 -20],[ 75 -40  15],[ 70 -30 -25],[  0 -20 -45]
1280,54035,403550,35505,50540,[ 65   5 -15],[ 80 -40  20],[ 75 -25 -25],[  5 -15 -55]
1281,54045,40450,4505,0540,[ 34 -26 -35],[ 30 -71   0],[ -6 -25 -45],[-76  47 -55]
1282,54045,404510,45105,10540,[ 75 -25 -75],[ 40 -30 -40],[ 45 -65 -45],[-25 -75  25]
1283,54045,404515,45155,15540,[ 75 -20 -70],[ 45 -30 -35],[ 50 -60 -45],[-20 -70  15]
1284,54045,404520,45205,20540,[ 75 -15 -65],[ 50 -30 -30],[ 55 -55 -45],[-15 -65   5]
1285,54045,404525,45255,25540,[ 75 -10 -60],[ 55 -30 -25],[ 60 -50 -45],[-10 -60  -5]
1286,54045,404530,45305,30540,[ 75  -5 -55],[ 60 -30 -20],[ 65 -45 -45],[ -5 -55 -15]
1287,54045,404535,45355,35540,[ 75   0 -50],[ 65 -30 -15],[ 70 -40 -45],[  0 -50 -25]
1288,54045,404550,45505,50540,[ 75  15 -35],[ 80 -30   0],[ 85 -25 -45],[ 15 -35 -55]
1289,54050,40500,5005,0540,[ 80 -30 -95],[ 30 -25 -60],[ 40 -75 -55],[-30 -95  45]
1290,54050,405010,50105,10540,[ 80 -20 -85],[ 40 -25 -50],[ 50 -65 -55],[-20 -85  25]
1291,54050,405015,50155,15540,[ 80 -15 -80],[ 45 -25 -45],[ 55 -60 -55],[-15 -80  15]
1292,54050,405020,50205,20540,[ 80 -10 -75],[ 50 -25 -40],[ 60 -55 -55],[-10 -75   5]
1293,54050,405025,50255,25540,[ 80  -5 -70],[ 55 -25 -35],[ 65 -50 -55],[ -5 -70  -5]
1294,54050,405030,50305,30540,[ 80   0 -65],[ 60 -25 -30],[ 70 -45 -55],[  0 -65 -15]
1295,54050,405035,50355,35540,[ 80   5 -60],[ 65 -25 -25],[ 75 -40 -55],[  5 -60 -25]
1296,54050,405045,50455,45540,[ 80  15 -50],[ 75 -25 -15],[ 85 -30 -55],[ 15 -50 -45]
1297,5450,45010,0105,10545,[ -6  52 -85],[  4  47 -45],[  0   7 -50],[  2 -85  30]
1298,5450,45015,0155,15545,[ -6  57 -80],[  9  47 -40],[  5  12 -50],[  7 -80  20]
1299,5450,45020,0205,20545,[ -6  62 -75],[ 14  47 -35],[ 10  17 -50],[ 12 -75  10]
1300,5450,45025,0255,25545,[ -6  67 -70],[ 19  47 -30],[ 15  22 -50],[ 17 -70   0]
1301,5450,45030,0305,30545,[ -6  72 -65],[ 24  47 -25],[ 20  27 -50],[ 22 -65 -10]
1302,5450,45035,0355,35545,[ -6  77 -60],[ 29  47 -20],[ 25  32 -50],[ 27 -60 -20]
1303,5450,45040,0405,40545,[ -6  82 -55],[ 34  47 -15],[ 30  37 -50],[ 32 -55 -30]
1304,5450,45050,0505,50545,[ -6  92 -45],[44 47 -5],[ 40  47 -50],[ 42 -45 -50]
1305,54510,45100,1005,0545,[ 45 -80 -15],[ 35 -75  25],[  0 -85  30],[-80 -15  50]
1306,54510,451015,10155,15545,[ 45 -65   0],[ 50 -75  40],[ 15 -70  30],[-65   0  20]
1307,54510,451020,10205,20545,[ 45 -60   5],[ 55 -75  45],[ 20 -65  30],[-60   5  10]
1308,54510,451025,10255,25545,[ 45 -55  10],[ 60 -75  50],[ 25 -60  30],[-55  10   0]
1309,54510,451030,10305,30545,[ 45 -50  15],[ 65 -75  55],[ 30 -55  30],[-50  15 -10]
1310,54510,451035,10355,35545,[ 45 -45  20],[ 70 -75  60],[ 35 -50  30],[-45  20 -20]
1311,54510,451040,10405,40545,[ 45 -40  25],[ 75 -75  65],[ 40 -45  30],[-40  25 -30]
1312,54510,451050,10505,50545,[ 45 -30  35],[ 85 -75  75],[ 50 -35  30],[-30  35 -50]
1313,54515,45150,1505,0545,[ 36 -39  25],[ 35 -84  65],[ -9 -35  20],[-89  53 -50]
1314,54515,451510,15105,10545,[ 50 -65 -15],[ 45 -70  25],[ 15 -75  20],[-65 -15  30]
1315,54515,451520,15205,20545,[ 50 -55  -5],[ 55 -70  35],[ 25 -65  20],[-55  -5  10]
1316,54515,451525,15255,25545,[ 50 -50   0],[ 60 -70  40],[ 30 -60  20],[-50   0   0]
1317,54515,451530,15305,30545,[ 50 -45   5],[ 65 -70  45],[ 35 -55  20],[-45   5 -10]
1318,54515,451535,15355,35545,[ 50 -40  10],[ 70 -70  50],[ 40 -50  20],[-40  10 -20]
1319,54515,451540,15405,40545,[ 50 -35  15],[ 75 -70  55],[ 45 -45  20],[-35  15 -30]
1320,54515,451550,15505,50545,[ 50 -25  25],[ 85 -70  65],[ 55 -35  20],[-25  25 -50]
1321,54520,45200,2005,0545,[ 55 -70 -35],[ 35 -65   5],[ 10 -85  10],[-70 -35  50]
1322,54520,452010,20105,10545,[ 55 -60 -25],[ 45 -65  15],[ 20 -75  10],[-60 -25  30]
1323,54520,452015,20155,15545,[ 55 -55 -20],[ 50 -65  20],[ 25 -70  10],[-55 -20  20]
1324,54520,452025,20255,25545,[ 55 -45 -10],[ 60 -65  30],[ 35 -60  10],[-45 -10   0]
1325,54520,452030,20305,30545,[ 55 -40  -5],[ 65 -65  35],[ 40 -55  10],[-40  -5 -10]
1326,54520,452035,20355,35545,[ 55 -35   0],[ 70 -65  40],[ 45 -50  10],[-35   0 -20]
1327,54520,452040,20405,40545,[ 55 -30   5],[ 75 -65  45],[ 50 -45  10],[-30   5 -30]
1328,54520,452050,20505,50545,[ 55 -20  15],[ 85 -65  55],[ 60 -35  10],[-20  15 -50]
1329,54525,45250,2505,0545,[ 37 -38   5],[ 35 -83  45],[ -8 -35   0],[-88  51 -50]
1330,54525,452510,25105,10545,[ 60 -55 -35],[ 45 -60   5],[ 25 -75   0],[-55 -35  30]
1331,54525,452515,25155,15545,[ 60 -50 -30],[ 50 -60  10],[ 30 -70   0],[-50 -30  20]
1332,54525,452520,25205,20545,[ 60 -45 -25],[ 55 -60  15],[ 35 -65   0],[-45 -25  10]
1333,54525,452530,25305,30545,[ 60 -35 -15],[ 65 -60  25],[ 45 -55   0],[-35 -15 -10]
1334,54525,452535,25355,35545,[ 60 -30 -10],[ 70 -60  30],[ 50 -50   0],[-30 -10 -20]
1335,54525,452540,25405,40545,[ 60 -25  -5],[ 75 -60  35],[ 55 -45   0],[-25  -5 -30]
1336,54525,452550,25505,50545,[ 60 -15   5],[ 85 -60  45],[ 65 -35   0],[-15   5 -50]
1337,54530,45300,3005,0545,[ 65 -60 -55],[ 35 -55 -15],[ 20 -85 -10],[-60 -55  50]
1338,54530,453010,30105,10545,[ 65 -50 -45],[ 45 -55  -5],[ 30 -75 -10],[-50 -45  30]
1339,54530,453015,30155,15545,[ 65 -45 -40],[ 50 -55   0],[ 35 -70 -10],[-45 -40  20]
1340,54530,453020,30205,20545,[ 65 -40 -35],[ 55 -55   5],[ 40 -65 -10],[-40 -35  10]
1341,54530,453025,30255,25545,[ 65 -35 -30],[ 60 -55  10],[ 45 -60 -10],[-35 -30   0]
1342,54530,453035,30355,35545,[ 65 -25 -20],[ 70 -55  20],[ 55 -50 -10],[-25 -20 -20]
1343,54530,453040,30405,40545,[ 65 -20 -15],[ 75 -55  25],[ 60 -45 -10],[-20 -15 -30]
1344,54530,453050,30505,50545,[ 65 -10  -5],[ 85 -55  35],[ 70 -35 -10],[-10  -5 -50]
1345,54535,45350,3505,0545,[ 38 -37 -15],[ 35 -82  25],[ -7 -35 -20],[-87  49 -50]
1346,54535,453510,35105,10545,[ 70 -45 -55],[ 45 -50 -15],[ 35 -75 -20],[-45 -55  30]
1347,54535,453515,35155,15545,[ 70 -40 -50],[ 50 -50 -10],[ 40 -70 -20],[-40 -50  20]
1348,54535,453520,35205,20545,[ 70 -35 -45],[ 55 -50  -5],[ 45 -65 -20],[-35 -45  10]
1349,54535,453525,35255,25545,[ 70 -30 -40],[ 60 -50   0],[ 50 -60 -20],[-30 -40   0]
1350,54535,453530,35305,30545,[ 70 -25 -35],[ 65 -50   5],[ 55 -55 -20],[-25 -35 -10]
1351,54535,453540,35405,40545,[ 70 -15 -25],[ 75 -50  15],[ 65 -45 -20],[-15 -25 -30]
1352,54535,453550,35505,50545,[ 70  -5 -15],[ 85 -50  25],[ 75 -35 -20],[ -5 -15 -50]
1353,54540,45400,4005,0545,[ 75 -50 -75],[ 35 -45 -35],[ 30 -85 -30],[-50 -75  50]
1354,54540,454010,40105,10545,[ 75 -40 -65],[ 45 -45 -25],[ 40 -75 -30],[-40 -65  30]
1355,54540,454015,40155,15545,[ 75 -35 -60],[ 50 -45 -20],[ 45 -70 -30],[-35 -60  20]
1356,54540,454020,40205,20545,[ 75 -30 -55],[ 55 -45 -15],[ 50 -65 -30],[-30 -55  10]
1357,54540,454025,40255,25545,[ 75 -25 -50],[ 60 -45 -10],[ 55 -60 -30],[-25 -50   0]
1358,54540,454030,40305,30545,[ 75 -20 -45],[ 65 -45  -5],[ 60 -55 -30],[-20 -45 -10]
1359,54540,454035,40355,35545,[ 75 -15 -40],[ 70 -45   0],[ 65 -50 -30],[-15 -40 -20]
1360,54540,454050,40505,50545,[ 75   0 -25],[ 85 -45  15],[ 80 -35 -30],[  0 -25 -50]
1361,54550,45500,5005,0545,[ 85 -40 -95],[ 35 -35 -55],[ 40 -85 -50],[-40 -95  50]
1362,54550,455010,50105,10545,[ 85 -30 -85],[ 45 -35 -45],[ 50 -75 -50],[-30 -85  30]
1363,54550,455015,50155,15545,[ 85 -25 -80],[ 50 -35 -40],[ 55 -70 -50],[-25 -80  20]
1364,54550,455020,50205,20545,[ 85 -20 -75],[ 55 -35 -35],[ 60 -65 -50],[-20 -75  10]
1365,54550,455025,50255,25545,[ 85 -15 -70],[ 60 -35 -30],[ 65 -60 -50],[-15 -70   0]
1366,54550,455030,50305,30545,[ 85 -10 -65],[ 65 -35 -25],[ 70 -55 -50],[-10 -65 -10]
1367,54550,455035,50355,35545,[ 85  -5 -60],[ 70 -35 -20],[ 75 -50 -50],[ -5 -60 -20]
1368,54550,455040,50405,40545,[ 85   0 -55],[ 75 -35 -15],[ 80 -45 -50],[  0 -55 -30]
1369,5500,50010,0105,10550,[ 40 -90  15],[ 50 -95  60],[  0 -85  55],[-90  15  35]
1370,5500,50015,0155,15550,[ 40 -85  20],[ 55 -95  65],[  5 -80  55],[-85  20  25]
1371,5500,50020,0205,20550,[ 40 -80  25],[ 60 -95  70],[ 10 -75  55],[-80  25  15]
1372,5500,50025,0255,25550,[ 40 -75  30],[ 65 -95  75],[ 15 -70  55],[-75  30   5]
1373,5500,50030,0305,30550,[ 40 -70  35],[ 70 -95  80],[ 20 -65  55],[-70  35  -5]
1374,5500,50035,0355,35550,[ 40 -65  40],[ 75 -95  85],[ 25 -60  55],[-65  40 -15]
1375,5500,50040,0405,40550,[ 40 -60  45],[ 80 -95  90],[ 30 -55  55],[-60  45 -25]
1376,5500,50045,0455,45550,[ 40 -55  50],[ 85 -95  95],[ 35 -50  55],[-55  50 -35]
1377,55010,50100,1005,0550,[ 50 -90 -15],[ 40 -85  30],[  0 -95  35],[-90 -15  55]
1378,55010,501015,10155,15550,[ 50 -75   0],[ 55 -85  45],[ 15 -80  35],[-75   0  25]
1379,55010,501020,10205,20550,[ 50 -70   5],[ 60 -85  50],[ 20 -75  35],[-70   5  15]
1380,55010,501025,10255,25550,[ 50 -65  10],[ 65 -85  55],[ 25 -70  35],[-65  10   5]
1381,55010,501030,10305,30550,[ 50 -60  15],[ 70 -85  60],[ 30 -65  35],[-60  15  -5]
1382,55010,501035,10355,35550,[ 50 -55  20],[ 75 -85  65],[ 35 -60  35],[-55  20 -15]
1383,55010,501040,10405,40550,[ 50 -50  25],[ 80 -85  70],[ 40 -55  35],[-50  25 -25]
1384,55010,501045,10455,45550,[ 50 -45  30],[ 85 -85  75],[ 45 -50  35],[-45  30 -35]
1385,55015,50150,1505,0550,[ 41 -49  25],[ 40 -94  70],[ -9 -45  25],[-99  53 -45]
1386,55015,501510,15105,10550,[ 55 -75 -15],[ 50 -80  30],[ 15 -85  25],[-75 -15  35]
1387,55015,501520,15205,20550,[ 55 -65  -5],[ 60 -80  40],[ 25 -75  25],[-65  -5  15]
1388,55015,501525,15255,25550,[ 55 -60   0],[ 65 -80  45],[ 30 -70  25],[-60   0   5]
1389,55015,501530,15305,30550,[ 55 -55   5],[ 70 -80  50],[ 35 -65  25],[-55   5  -5]
1390,55015,501535,15355,35550,[ 55 -50  10],[ 75 -80  55],[ 40 -60  25],[-50  10 -15]
1391,55015,501540,15405,40550,[ 55 -45  15],[ 80 -80  60],[ 45 -55  25],[-45  15 -25]
1392,55015,501545,15455,45550,[ 55 -40  20],[ 85 -80  65],[ 50 -50  25],[-40  20 -35]
1393,55020,50200,2005,0550,[ 60 -80 -35],[ 40 -75  10],[ 10 -95  15],[-80 -35  55]
1394,55020,502010,20105,10550,[ 60 -70 -25],[ 50 -75  20],[ 20 -85  15],[-70 -25  35]
1395,55020,502015,20155,15550,[ 60 -65 -20],[ 55 -75  25],[ 25 -80  15],[-65 -20  25]
1396,55020,502025,20255,25550,[ 60 -55 -10],[ 65 -75  35],[ 35 -70  15],[-55 -10   5]
1397,55020,502030,20305,30550,[ 60 -50  -5],[ 70 -75  40],[ 40 -65  15],[-50  -5  -5]
1398,55020,502035,20355,35550,[ 60 -45   0],[ 75 -75  45],[ 45 -60  15],[-45   0 -15]
1399,55020,502040,20405,40550,[ 60 -40   5],[ 80 -75  50],[ 50 -55  15],[-40   5 -25]
1400,55020,502045,20455,45550,[ 60 -35  10],[ 85 -75  55],[ 55 -50  15],[-35  10 -35]
1401,55025,50250,2505,0550,[ 42 -48   5],[ 40 -93  50],[ -8 -45   5],[-98  51 -45]
1402,55025,502510,25105,10550,[ 65 -65 -35],[ 50 -70  10],[ 25 -85   5],[-65 -35  35]
1403,55025,502515,25155,15550,[ 65 -60 -30],[ 55 -70  15],[ 30 -80   5],[-60 -30  25]
1404,55025,502520,25205,20550,[ 65 -55 -25],[ 60 -70  20],[ 35 -75   5],[-55 -25  15]
1405,55025,502530,25305,30550,[ 65 -45 -15],[ 70 -70  30],[ 45 -65   5],[-45 -15  -5]
1406,55025,502535,25355,35550,[ 65 -40 -10],[ 75 -70  35],[ 50 -60   5],[-40 -10 -15]
1407,55025,502540,25405,40550,[ 65 -35  -5],[ 80 -70  40],[ 55 -55   5],[-35  -5 -25]
1408,55025,502545,25455,45550,[ 65 -30   0],[ 85 -70  45],[ 60 -50   5],[-30   0 -35]
1409,55030,50300,3005,0550,[ 70 -70 -55],[ 40 -65 -10],[ 20 -95  -5],[-70 -55  55]
1410,55030,503010,30105,10550,[ 70 -60 -45],[ 50 -65   0],[ 30 -85  -5],[-60 -45  35]
1411,55030,503015,30155,15550,[ 70 -55 -40],[ 55 -65   5],[ 35 -80  -5],[-55 -40  25]
1412,55030,503020,30205,20550,[ 70 -50 -35],[ 60 -65  10],[ 40 -75  -5],[-50 -35  15]
1413,55030,503025,30255,25550,[ 70 -45 -30],[ 65 -65  15],[ 45 -70  -5],[-45 -30   5]
1414,55030,503035,30355,35550,[ 70 -35 -20],[ 75 -65  25],[ 55 -60  -5],[-35 -20 -15]
1415,55030,503040,30405,40550,[ 70 -30 -15],[ 80 -65  30],[ 60 -55  -5],[-30 -15 -25]
1416,55030,503045,30455,45550,[ 70 -25 -10],[ 85 -65  35],[ 65 -50  -5],[-25 -10 -35]
1417,55035,50350,3505,0550,[ 43 -47 -15],[ 40 -92  30],[ -7 -45 -15],[-97  49 -45]
1418,55035,503510,35105,10550,[ 75 -55 -55],[ 50 -60 -10],[ 35 -85 -15],[-55 -55  35]
1419,55035,503515,35155,15550,[ 75 -50 -50],[ 55 -60  -5],[ 40 -80 -15],[-50 -50  25]
1420,55035,503520,35205,20550,[ 75 -45 -45],[ 60 -60   0],[ 45 -75 -15],[-45 -45  15]
1421,55035,503525,35255,25550,[ 75 -40 -40],[ 65 -60   5],[ 50 -70 -15],[-40 -40   5]
1422,55035,503530,35305,30550,[ 75 -35 -35],[ 70 -60  10],[ 55 -65 -15],[-35 -35  -5]
1423,55035,503540,35405,40550,[ 75 -25 -25],[ 80 -60  20],[ 65 -55 -15],[-25 -25 -25]
1424,55035,503545,35455,45550,[ 75 -20 -20],[ 85 -60  25],[ 70 -50 -15],[-20 -20 -35]
1425,55040,50400,4005,0550,[ 80 -60 -75],[ 40 -55 -30],[ 30 -95 -25],[-60 -75  55]
1426,55040,504010,40105,10550,[ 80 -50 -65],[ 50 -55 -20],[ 40 -85 -25],[-50 -65  35]
1427,55040,504015,40155,15550,[ 80 -45 -60],[ 55 -55 -15],[ 45 -80 -25],[-45 -60  25]
1428,55040,504020,40205,20550,[ 80 -40 -55],[ 60 -55 -10],[ 50 -75 -25],[-40 -55  15]
1429,55040,504025,40255,25550,[ 80 -35 -50],[ 65 -55  -5],[ 55 -70 -25],[-35 -50   5]
1430,55040,504030,40305,30550,[ 80 -30 -45],[ 70 -55   0],[ 60 -65 -25],[-30 -45  -5]
1431,55040,504035,40355,35550,[ 80 -25 -40],[ 75 -55   5],[ 65 -60 -25],[-25 -40 -15]
1432,55040,504045,40455,45550,[ 80 -15 -30],[ 85 -55  15],[ 75 -50 -25],[-15 -30 -35]
1433,55045,50450,4505,0550,[ 44 -46 -35],[ 40 -91  10],[ -6 -45 -35],[-96  47 -45]
1434,55045,504510,45105,10550,[ 85 -45 -75],[ 50 -50 -30],[ 45 -85 -35],[-45 -75  35]
1435,55045,504515,45155,15550,[ 85 -40 -70],[ 55 -50 -25],[ 50 -80 -35],[-40 -70  25]
1436,55045,504520,45205,20550,[ 85 -35 -65],[ 60 -50 -20],[ 55 -75 -35],[-35 -65  15]
1437,55045,504525,45255,25550,[ 85 -30 -60],[ 65 -50 -15],[ 60 -70 -35],[-30 -60   5]
1438,55045,504530,45305,30550,[ 85 -25 -55],[ 70 -50 -10],[ 65 -65 -35],[-25 -55  -5]
1439,55045,504535,45355,35550,[ 85 -20 -50],[ 75 -50  -5],[ 70 -60 -35],[-20 -50 -15]
1440,55045,504540,45405,40550,[ 85 -15 -45],[ 80 -50   0],[ 75 -55 -35],[-15 -45 -25]
1441,1005,0515,51510,15100,[-15  20  15],[-5 15  5],[ 0 25  0],[ 20  15 -20]
1442,1005,0520,52010,20100,[-15  25  20],[ 0 15 10],[ 5 30  0],[ 25  20 -30]
1443,1005,0525,52510,25100,[-15  30  25],[ 5 15 15],[10 35  0],[ 30  25 -40]
1444,1005,0530,53010,30100,[-15  35  30],[10 15 20],[15 40  0],[ 35  30 -50]
1445,1005,0535,53510,35100,[-15  40  35],[15 15 25],[20 45  0],[ 40  35 -60]
1446,1005,0540,54010,40100,[-15  45  40],[20 15 30],[25 50  0],[ 45  40 -70]
1447,1005,0545,54510,45100,[-15  50  45],[25 15 35],[30 55  0],[ 50  45 -80]
1448,1005,0550,55010,50100,[-15  55  50],[30 15 40],[35 60  0],[ 55  50 -90]
1449,10015,0155,15510,5100,[ -5  20 -15],[-15  25 -25],[  0  15 -20],[ 20 -15   0]
1450,10015,01520,152010,20100,[-5 35  0],[  0  25 -10],[ 15  30 -20],[ 35   0 -30]
1451,10015,01525,152510,25100,[-5 40  5],[ 5 25 -5],[ 20  35 -20],[ 40   5 -40]
1452,10015,01530,153010,30100,[-5 45 10],[10 25  0],[ 25  40 -20],[ 45  10 -50]
1453,10015,01535,153510,35100,[-5 50 15],[15 25  5],[ 30  45 -20],[ 50  15 -60]
1454,10015,01540,154010,40100,[-5 55 20],[20 25 10],[ 35  50 -20],[ 55  20 -70]
1455,10015,01545,154510,45100,[-5 60 25],[25 25 15],[ 40  55 -20],[ 60  25 -80]
1456,10015,01550,155010,50100,[-5 65 30],[30 25 20],[ 45  60 -20],[ 65  30 -90]
1457,10020,0205,20510,5100,[  0  25 -25],[-15  30 -35],[  5  15 -30],[ 25 -25   0]
1458,10020,02015,201510,15100,[  0  35 -15],[ -5  30 -25],[ 15  25 -30],[ 35 -15 -20]
1459,10020,02025,202510,25100,[ 0 45 -5],[  5  30 -15],[ 25  35 -30],[ 45  -5 -40]
1460,10020,02030,203010,30100,[ 0 50  0],[ 10  30 -10],[ 30  40 -30],[ 50   0 -50]
1461,10020,02035,203510,35100,[ 0 55  5],[15 30 -5],[ 35  45 -30],[ 55   5 -60]
1462,10020,02040,204010,40100,[ 0 60 10],[20 30  0],[ 40  50 -30],[ 60  10 -70]
1463,10020,02045,204510,45100,[ 0 65 15],[25 30  5],[ 45  55 -30],[ 65  15 -80]
1464,10020,02050,205010,50100,[ 0 70 20],[30 30 10],[ 50  60 -30],[ 70  20 -90]
1465,10025,0255,25510,5100,[  5  30 -35],[-15  35 -45],[ 10  15 -40],[ 30 -35   0]
1466,10025,02515,251510,15100,[  5  40 -25],[ -5  35 -35],[ 20  25 -40],[ 40 -25 -20]
1467,10025,02520,252010,20100,[  5  45 -20],[  0  35 -30],[ 25  30 -40],[ 45 -20 -30]
1468,10025,02530,253010,30100,[  5  55 -10],[ 10  35 -20],[ 35  40 -40],[ 55 -10 -50]
1469,10025,02535,253510,35100,[ 5 60 -5],[ 15  35 -15],[ 40  45 -40],[ 60  -5 -60]
1470,10025,02540,254010,40100,[ 5 65  0],[ 20  35 -10],[ 45  50 -40],[ 65   0 -70]
1471,10025,02545,254510,45100,[ 5 70  5],[25 35 -5],[ 50  55 -40],[ 70   5 -80]
1472,10025,02550,255010,50100,[ 5 75 10],[30 35  0],[ 55  60 -40],[ 75  10 -90]
1473,10030,0305,30510,5100,[ 10  35 -45],[-15  40 -55],[ 15  15 -50],[ 35 -45   0]
1474,10030,03015,301510,15100,[ 10  45 -35],[ -5  40 -45],[ 25  25 -50],[ 45 -35 -20]
1475,10030,03020,302010,20100,[ 10  50 -30],[  0  40 -40],[ 30  30 -50],[ 50 -30 -30]
1476,10030,03025,302510,25100,[ 10  55 -25],[  5  40 -35],[ 35  35 -50],[ 55 -25 -40]
1477,10030,03035,303510,35100,[ 10  65 -15],[ 15  40 -25],[ 45  45 -50],[ 65 -15 -60]
1478,10030,03040,304010,40100,[ 10  70 -10],[ 20  40 -20],[ 50  50 -50],[ 70 -10 -70]
1479,10030,03045,304510,45100,[10 75 -5],[ 25  40 -15],[ 55  55 -50],[ 75  -5 -80]
1480,10030,03050,305010,50100,[10 80  0],[ 30  40 -10],[ 60  60 -50],[ 80   0 -90]
1481,10035,0355,35510,5100,[ 15  40 -55],[-15  45 -65],[ 20  15 -60],[ 40 -55   0]
1482,10035,03515,351510,15100,[ 15  50 -45],[ -5  45 -55],[ 30  25 -60],[ 50 -45 -20]
1483,10035,03520,352010,20100,[ 15  55 -40],[  0  45 -50],[ 35  30 -60],[ 55 -40 -30]
1484,10035,03525,352510,25100,[ 15  60 -35],[  5  45 -45],[ 40  35 -60],[ 60 -35 -40]
1485,10035,03530,353010,30100,[ 15  65 -30],[ 10  45 -40],[ 45  40 -60],[ 65 -30 -50]
1486,10035,03540,354010,40100,[ 15  75 -20],[ 20  45 -30],[ 55  50 -60],[ 75 -20 -70]
1487,10035,03545,354510,45100,[ 15  80 -15],[ 25  45 -25],[ 60  55 -60],[ 80 -15 -80]
1488,10035,03550,355010,50100,[ 15  85 -10],[ 30  45 -20],[ 65  60 -60],[ 85 -10 -90]
1489,10040,0405,40510,5100,[ 20  45 -65],[-15  50 -75],[ 25  15 -70],[ 45 -65   0]
1490,10040,04015,401510,15100,[ 20  55 -55],[ -5  50 -65],[ 35  25 -70],[ 55 -55 -20]
1491,10040,04020,402010,20100,[ 20  60 -50],[  0  50 -60],[ 40  30 -70],[ 60 -50 -30]
1492,10040,04025,402510,25100,[ 20  65 -45],[  5  50 -55],[ 45  35 -70],[ 65 -45 -40]
1493,10040,04030,403010,30100,[ 20  70 -40],[ 10  50 -50],[ 50  40 -70],[ 70 -40 -50]
1494,10040,04035,403510,35100,[ 20  75 -35],[ 15  50 -45],[ 55  45 -70],[ 75 -35 -60]
1495,10040,04045,404510,45100,[ 20  85 -25],[ 25  50 -35],[ 65  55 -70],[ 85 -25 -80]
1496,10040,04050,405010,50100,[ 20  90 -20],[ 30  50 -30],[ 70  60 -70],[ 90 -20 -90]
1497,10045,0455,45510,5100,[ 25  50 -75],[-15  55 -85],[ 30  15 -80],[ 50 -75   0]
1498,10045,04515,451510,15100,[ 25  60 -65],[ -5  55 -75],[ 40  25 -80],[ 60 -65 -20]
1499,10045,04520,452010,20100,[ 25  65 -60],[  0  55 -70],[ 45  30 -80],[ 65 -60 -30]
1500,10045,04525,452510,25100,[ 25  70 -55],[  5  55 -65],[ 50  35 -80],[ 70 -55 -40]
1501,10045,04530,453010,30100,[ 25  75 -50],[ 10  55 -60],[ 55  40 -80],[ 75 -50 -50]
1502,10045,04535,453510,35100,[ 25  80 -45],[ 15  55 -55],[ 60  45 -80],[ 80 -45 -60]
1503,10045,04540,454010,40100,[ 25  85 -40],[ 20  55 -50],[ 65  50 -80],[ 85 -40 -70]
1504,10045,04550,455010,50100,[ 25  95 -30],[ 30  55 -40],[ 75  60 -80],[ 95 -30 -90]
1505,10050,0505,50510,5100,[ 30  55 -85],[-15  60 -95],[ 35  15 -90],[ 55 -85   0]
1506,10050,05015,501510,15100,[ 30  65 -75],[ -5  60 -85],[ 45  25 -90],[ 65 -75 -20]
1507,10050,05020,502010,20100,[ 30  70 -70],[  0  60 -80],[ 50  30 -90],[ 70 -70 -30]
1508,10050,05025,502510,25100,[ 30  75 -65],[  5  60 -75],[ 55  35 -90],[ 75 -65 -40]
1509,10050,05030,503010,30100,[ 30  80 -60],[ 10  60 -70],[ 60  40 -90],[ 80 -60 -50]
1510,10050,05035,503510,35100,[ 30  85 -55],[ 15  60 -65],[ 65  45 -90],[ 85 -55 -60]
1511,10050,05040,504010,40100,[ 30  90 -50],[ 20  60 -60],[ 70  50 -90],[ 90 -50 -70]
1512,10050,05045,504510,45100,[ 30  95 -45],[ 25  60 -55],[ 75  55 -90],[ 95 -45 -80]
1513,1050,5015,01510,15105,[  3  15 -75],[ 18  10 -80],[ 13  25 -85],[  5  25 -15]
1514,1050,5020,02010,20105,[  3  20 -70],[ 23  10 -75],[ 18  30 -85],[ 10  30 -25]
1515,1050,5025,02510,25105,[  3  25 -65],[ 28  10 -70],[ 23  35 -85],[ 15  35 -35]
1516,1050,5030,03010,30105,[  3  30 -60],[ 33  10 -65],[ 28  40 -85],[ 20  40 -45]
1517,1050,5035,03510,35105,[  3  35 -55],[ 38  10 -60],[ 33  45 -85],[ 25  45 -55]
1518,1050,5040,04010,40105,[  3  40 -50],[ 43  10 -55],[ 38  50 -85],[ 30  50 -65]
1519,1050,5045,04510,45105,[  3  45 -45],[ 48  10 -50],[ 43  55 -85],[ 35  55 -75]
1520,1050,5050,05010,50105,[  3  50 -40],[ 53  10 -45],[ 48  60 -85],[ 40  60 -85]
1521,10515,5150,15010,0105,[-14  41  30],[-15   1  25],[-19  50 -15],[ -9  58 -85]
1522,10515,51520,152010,20105,[ 0 25  0],[ 5 15 -5],[ 15  20 -15],[ 25   0 -25]
1523,10515,51525,152510,25105,[ 0 30  5],[10 15  0],[ 20  25 -15],[ 30   5 -35]
1524,10515,51530,153010,30105,[ 0 35 10],[15 15  5],[ 25  30 -15],[ 35  10 -45]
1525,10515,51535,153510,35105,[ 0 40 15],[20 15 10],[ 30  35 -15],[ 40  15 -55]
1526,10515,51540,154010,40105,[ 0 45 20],[25 15 15],[ 35  40 -15],[ 45  20 -65]
1527,10515,51545,154510,45105,[ 0 50 25],[30 15 20],[ 40  45 -15],[ 50  25 -75]
1528,10515,51550,155010,50105,[ 0 55 30],[35 15 25],[ 45  50 -15],[ 55  30 -85]
1529,10520,5200,20010,0105,[  5  10 -30],[-15  20 -35],[  0   0 -25],[ 10 -30  15]
1530,10520,52015,201510,15105,[  5  25 -15],[  0  20 -20],[ 15  15 -25],[ 25 -15 -15]
1531,10520,52025,202510,25105,[ 5 35 -5],[ 10  20 -10],[ 25  25 -25],[ 35  -5 -35]
1532,10520,52030,203010,30105,[ 5 40  0],[15 20 -5],[ 30  30 -25],[ 40   0 -45]
1533,10520,52035,203510,35105,[ 5 45  5],[20 20  0],[ 35  35 -25],[ 45   5 -55]
1534,10520,52040,204010,40105,[ 5 50 10],[25 20  5],[ 40  40 -25],[ 50  10 -65]
1535,10520,52045,204510,45105,[ 5 55 15],[30 20 10],[ 45  45 -25],[ 55  15 -75]
1536,10520,52050,205010,50105,[ 5 60 20],[35 20 15],[ 50  50 -25],[ 60  20 -85]
1537,10525,5250,25010,0105,[-13  42  10],[-15   2   5],[-18  50 -35],[ -8  56 -85]
1538,10525,52515,251510,15105,[ 10  30 -25],[  0  25 -30],[ 20  15 -35],[ 30 -25 -15]
1539,10525,52520,252010,20105,[ 10  35 -20],[  5  25 -25],[ 25  20 -35],[ 35 -20 -25]
1540,10525,52530,253010,30105,[ 10  45 -10],[ 15  25 -15],[ 35  30 -35],[ 45 -10 -45]
1541,10525,52535,253510,35105,[10 50 -5],[ 20  25 -10],[ 40  35 -35],[ 50  -5 -55]
1542,10525,52540,254010,40105,[10 55  0],[25 25 -5],[ 45  40 -35],[ 55   0 -65]
1543,10525,52545,254510,45105,[10 60  5],[30 25  0],[ 50  45 -35],[ 60   5 -75]
1544,10525,52550,255010,50105,[10 65 10],[35 25  5],[ 55  50 -35],[ 65  10 -85]
1545,10530,5300,30010,0105,[ 15  20 -50],[-15  30 -55],[ 10   0 -45],[ 20 -50  15]
1546,10530,53015,301510,15105,[ 15  35 -35],[  0  30 -40],[ 25  15 -45],[ 35 -35 -15]
1547,10530,53020,302010,20105,[ 15  40 -30],[  5  30 -35],[ 30  20 -45],[ 40 -30 -25]
1548,10530,53025,302510,25105,[ 15  45 -25],[ 10  30 -30],[ 35  25 -45],[ 45 -25 -35]
1549,10530,53035,303510,35105,[ 15  55 -15],[ 20  30 -20],[ 45  35 -45],[ 55 -15 -55]
1550,10530,53040,304010,40105,[ 15  60 -10],[ 25  30 -15],[ 50  40 -45],[ 60 -10 -65]
1551,10530,53045,304510,45105,[15 65 -5],[ 30  30 -10],[ 55  45 -45],[ 65  -5 -75]
1552,10530,53050,305010,50105,[15 70  0],[35 30 -5],[ 60  50 -45],[ 70   0 -85]
1553,10535,5350,35010,0105,[-12  43 -10],[-15   3 -15],[-17  50 -55],[ -7  54 -85]
1554,10535,53515,351510,15105,[ 20  40 -45],[  0  35 -50],[ 30  15 -55],[ 40 -45 -15]
1555,10535,53520,352010,20105,[ 20  45 -40],[  5  35 -45],[ 35  20 -55],[ 45 -40 -25]
1556,10535,53525,352510,25105,[ 20  50 -35],[ 10  35 -40],[ 40  25 -55],[ 50 -35 -35]
1557,10535,53530,353010,30105,[ 20  55 -30],[ 15  35 -35],[ 45  30 -55],[ 55 -30 -45]
1558,10535,53540,354010,40105,[ 20  65 -20],[ 25  35 -25],[ 55  40 -55],[ 65 -20 -65]
1559,10535,53545,354510,45105,[ 20  70 -15],[ 30  35 -20],[ 60  45 -55],[ 70 -15 -75]
1560,10535,53550,355010,50105,[ 20  75 -10],[ 35  35 -15],[ 65  50 -55],[ 75 -10 -85]
1561,10540,5400,40010,0105,[ 25  30 -70],[-15  40 -75],[ 20   0 -65],[ 30 -70  15]
1562,10540,54015,401510,15105,[ 25  45 -55],[  0  40 -60],[ 35  15 -65],[ 45 -55 -15]
1563,10540,54020,402010,20105,[ 25  50 -50],[  5  40 -55],[ 40  20 -65],[ 50 -50 -25]
1564,10540,54025,402510,25105,[ 25  55 -45],[ 10  40 -50],[ 45  25 -65],[ 55 -45 -35]
1565,10540,54030,403010,30105,[ 25  60 -40],[ 15  40 -45],[ 50  30 -65],[ 60 -40 -45]
1566,10540,54035,403510,35105,[ 25  65 -35],[ 20  40 -40],[ 55  35 -65],[ 65 -35 -55]
1567,10540,54045,404510,45105,[ 25  75 -25],[ 30  40 -30],[ 65  45 -65],[ 75 -25 -75]
1568,10540,54050,405010,50105,[ 25  80 -20],[ 35  40 -25],[ 70  50 -65],[ 80 -20 -85]
1569,10545,5450,45010,0105,[-11  44 -30],[-15   4 -35],[-16  50 -75],[ -6  52 -85]
1570,10545,54515,451510,15105,[ 30  50 -65],[  0  45 -70],[ 40  15 -75],[ 50 -65 -15]
1571,10545,54520,452010,20105,[ 30  55 -60],[  5  45 -65],[ 45  20 -75],[ 55 -60 -25]
1572,10545,54525,452510,25105,[ 30  60 -55],[ 10  45 -60],[ 50  25 -75],[ 60 -55 -35]
1573,10545,54530,453010,30105,[ 30  65 -50],[ 15  45 -55],[ 55  30 -75],[ 65 -50 -45]
1574,10545,54535,453510,35105,[ 30  70 -45],[ 20  45 -50],[ 60  35 -75],[ 70 -45 -55]
1575,10545,54540,454010,40105,[ 30  75 -40],[ 25  45 -45],[ 65  40 -75],[ 75 -40 -65]
1576,10545,54550,455010,50105,[ 30  85 -30],[ 35  45 -35],[ 75  50 -75],[ 85 -30 -85]
1577,10550,5500,50010,0105,[ 35  40 -90],[-15  50 -95],[ 30   0 -85],[ 40 -90  15]
1578,10550,55015,501510,15105,[ 35  55 -75],[  0  50 -80],[ 45  15 -85],[ 55 -75 -15]
1579,10550,55020,502010,20105,[ 35  60 -70],[  5  50 -75],[ 50  20 -85],[ 60 -70 -25]
1580,10550,55025,502510,25105,[ 35  65 -65],[ 10  50 -70],[ 55  25 -85],[ 65 -65 -35]
1581,10550,55030,503010,30105,[ 35  70 -60],[ 15  50 -65],[ 60  30 -85],[ 70 -60 -45]
1582,10550,55035,503510,35105,[ 35  75 -55],[ 20  50 -60],[ 65  35 -85],[ 75 -55 -55]
1583,10550,55040,504010,40105,[ 35  80 -50],[ 25  50 -55],[ 70  40 -85],[ 80 -50 -65]
1584,10550,55045,504510,45105,[ 35  85 -45],[ 30  50 -50],[ 75  45 -85],[ 85 -45 -75]
1585,10150,1505,0510,51015,[-19  53 -85],[-14  58 -80],[-15  13 -75],[  3 -85  15]
1586,10150,15020,02010,201015,[-19  68 -70],[  1  58 -65],[  0  28 -75],[ 18 -70 -15]
1587,10150,15025,02510,251015,[-19  73 -65],[  6  58 -60],[  5  33 -75],[ 23 -65 -25]
1588,10150,15030,03010,301015,[-19  78 -60],[ 11  58 -55],[ 10  38 -75],[ 28 -60 -35]
1589,10150,15035,03510,351015,[-19  83 -55],[ 16  58 -50],[ 15  43 -75],[ 33 -55 -45]
1590,10150,15040,04010,401015,[-19  88 -50],[ 21  58 -45],[ 20  48 -75],[ 38 -50 -55]
1591,10150,15045,04510,451015,[-19  93 -45],[ 26  58 -40],[ 25  53 -75],[ 43 -45 -65]
1592,10150,15050,05010,501015,[-19  98 -40],[ 31  58 -35],[ 30  58 -75],[ 48 -40 -75]
1593,10155,1550,5010,01015,[-14 -25  50],[-19 -15  55],[-15 -20  15],[  3   0 -75]
1594,10155,15520,52010,201015,[ 0 -5 20],[ 15 -15  25],[ 5  0 15],[ -5  20 -15]
1595,10155,15525,52510,251015,[ 0  0 25],[ 20 -15  30],[10  5 15],[  0  25 -25]
1596,10155,15530,53010,301015,[ 0  5 30],[ 25 -15  35],[15 10 15],[  5  30 -35]
1597,10155,15535,53510,351015,[ 0 10 35],[ 30 -15  40],[20 15 15],[ 10  35 -45]
1598,10155,15540,54010,401015,[ 0 15 40],[ 35 -15  45],[25 20 15],[ 15  40 -55]
1599,10155,15545,54510,451015,[ 0 20 45],[ 40 -15  50],[30 25 15],[ 20  45 -65]
1600,10155,15550,55010,501015,[ 0 25 50],[ 45 -15  55],[35 30 15],[ 25  50 -75]
1601,101520,15200,20010,01015,[ 15 -10 -30],[ -5   0 -25],[  0 -20 -15],[-10 -30  25]
1602,101520,15205,20510,51015,[ 15  -5 -25],[  0   0 -20],[  5 -15 -15],[ -5 -25  15]
1603,101520,152025,202510,251015,[15 15 -5],[20  0  0],[ 25   5 -15],[ 15  -5 -25]
1604,101520,152030,203010,301015,[15 20  0],[25  0  5],[ 30  10 -15],[ 20   0 -35]
1605,101520,152035,203510,351015,[15 25  5],[30  0 10],[ 35  15 -15],[ 25   5 -45]
1606,101520,152040,204010,401015,[15 30 10],[35  0 15],[ 40  20 -15],[ 30  10 -55]
1607,101520,152045,204510,451015,[15 35 15],[40  0 20],[ 45  25 -15],[ 35  15 -65]
1608,101520,152050,205010,501015,[15 40 20],[45  0 25],[ 50  30 -15],[ 40  20 -75]
1609,101525,15250,25010,01015,[-3 22 10],[ -5 -18  15],[-18  30 -25],[-28  56 -75]
1610,101525,15255,25510,51015,[ 20   0 -35],[  0   5 -30],[ 10 -15 -25],[  0 -35  15]
1611,101525,152520,252010,201015,[ 20  15 -20],[ 15   5 -15],[ 25   0 -25],[ 15 -20 -15]
1612,101525,152530,253010,301015,[ 20  25 -10],[25  5 -5],[ 35  10 -25],[ 25 -10 -35]
1613,101525,152535,253510,351015,[20 30 -5],[30  5  0],[ 40  15 -25],[ 30  -5 -45]
1614,101525,152540,254010,401015,[20 35  0],[35  5  5],[ 45  20 -25],[ 35   0 -55]
1615,101525,152545,254510,451015,[20 40  5],[40  5 10],[ 50  25 -25],[ 40   5 -65]
1616,101525,152550,255010,501015,[20 45 10],[45  5 15],[ 55  30 -25],[ 45  10 -75]
1617,101530,15300,30010,01015,[ 25   0 -50],[ -5  10 -45],[ 10 -20 -35],[  0 -50  25]
1618,101530,15305,30510,51015,[ 25   5 -45],[  0  10 -40],[ 15 -15 -35],[  5 -45  15]
1619,101530,153020,302010,201015,[ 25  20 -30],[ 15  10 -25],[ 30   0 -35],[ 20 -30 -15]
1620,101530,153025,302510,251015,[ 25  25 -25],[ 20  10 -20],[ 35   5 -35],[ 25 -25 -25]
1621,101530,153035,303510,351015,[ 25  35 -15],[ 30  10 -10],[ 45  15 -35],[ 35 -15 -45]
1622,101530,153040,304010,401015,[ 25  40 -10],[35 10 -5],[ 50  20 -35],[ 40 -10 -55]
1623,101530,153045,304510,451015,[25 45 -5],[40 10  0],[ 55  25 -35],[ 45  -5 -65]
1624,101530,153050,305010,501015,[25 50  0],[45 10  5],[ 60  30 -35],[ 50   0 -75]
1625,101535,15350,35010,01015,[ -2  23 -10],[ -5 -17  -5],[-17  30 -45],[-27  54 -75]
1626,101535,15355,35510,51015,[ 30  10 -55],[  0  15 -50],[ 20 -15 -45],[ 10 -55  15]
1627,101535,153520,352010,201015,[ 30  25 -40],[ 15  15 -35],[ 35   0 -45],[ 25 -40 -15]
1628,101535,153525,352510,251015,[ 30  30 -35],[ 20  15 -30],[ 40   5 -45],[ 30 -35 -25]
1629,101535,153530,353010,301015,[ 30  35 -30],[ 25  15 -25],[ 45  10 -45],[ 35 -30 -35]
1630,101535,153540,354010,401015,[ 30  45 -20],[ 35  15 -15],[ 55  20 -45],[ 45 -20 -55]
1631,101535,153545,354510,451015,[ 30  50 -15],[ 40  15 -10],[ 60  25 -45],[ 50 -15 -65]
1632,101535,153550,355010,501015,[ 30  55 -10],[45 15 -5],[ 65  30 -45],[ 55 -10 -75]
1633,101540,15400,40010,01015,[ 35  10 -70],[ -5  20 -65],[ 20 -20 -55],[ 10 -70  25]
1634,101540,15405,40510,51015,[ 35  15 -65],[  0  20 -60],[ 25 -15 -55],[ 15 -65  15]
1635,101540,154020,402010,201015,[ 35  30 -50],[ 15  20 -45],[ 40   0 -55],[ 30 -50 -15]
1636,101540,154025,402510,251015,[ 35  35 -45],[ 20  20 -40],[ 45   5 -55],[ 35 -45 -25]
1637,101540,154030,403010,301015,[ 35  40 -40],[ 25  20 -35],[ 50  10 -55],[ 40 -40 -35]
1638,101540,154035,403510,351015,[ 35  45 -35],[ 30  20 -30],[ 55  15 -55],[ 45 -35 -45]
1639,101540,154045,404510,451015,[ 35  55 -25],[ 40  20 -20],[ 65  25 -55],[ 55 -25 -65]
1640,101540,154050,405010,501015,[ 35  60 -20],[ 45  20 -15],[ 70  30 -55],[ 60 -20 -75]
1641,101545,15450,45010,01015,[ -1  24 -30],[ -5 -16 -25],[-16  30 -65],[-26  52 -75]
1642,101545,15455,45510,51015,[ 40  20 -75],[  0  25 -70],[ 30 -15 -65],[ 20 -75  15]
1643,101545,154520,452010,201015,[ 40  35 -60],[ 15  25 -55],[ 45   0 -65],[ 35 -60 -15]
1644,101545,154525,452510,251015,[ 40  40 -55],[ 20  25 -50],[ 50   5 -65],[ 40 -55 -25]
1645,101545,154530,453010,301015,[ 40  45 -50],[ 25  25 -45],[ 55  10 -65],[ 45 -50 -35]
1646,101545,154535,453510,351015,[ 40  50 -45],[ 30  25 -40],[ 60  15 -65],[ 50 -45 -45]
1647,101545,154540,454010,401015,[ 40  55 -40],[ 35  25 -35],[ 65  20 -65],[ 55 -40 -55]
1648,101545,154550,455010,501015,[ 40  65 -30],[ 45  25 -25],[ 75  30 -65],[ 65 -30 -75]
1649,101550,15500,50010,01015,[ 45  20 -90],[ -5  30 -85],[ 30 -20 -75],[ 20 -90  25]
1650,101550,15505,50510,51015,[ 45  25 -85],[  0  30 -80],[ 35 -15 -75],[ 25 -85  15]
1651,101550,155020,502010,201015,[ 45  40 -70],[ 15  30 -65],[ 50   0 -75],[ 40 -70 -15]
1652,101550,155025,502510,251015,[ 45  45 -65],[ 20  30 -60],[ 55   5 -75],[ 45 -65 -25]
1653,101550,155030,503010,301015,[ 45  50 -60],[ 25  30 -55],[ 60  10 -75],[ 50 -60 -35]
1654,101550,155035,503510,351015,[ 45  55 -55],[ 30  30 -50],[ 65  15 -75],[ 55 -55 -45]
1655,101550,155040,504010,401015,[ 45  60 -50],[ 35  30 -45],[ 70  20 -75],[ 60 -50 -55]
1656,101550,155045,504510,451015,[ 45  65 -45],[ 40  30 -40],[ 75  25 -75],[ 65 -45 -65]
1657,10200,2005,0510,51020,[  0 -35  15],[  5 -30  25],[-15 -25  30],[-35  15  20]
1658,10200,20015,01510,151020,[  0 -25  25],[ 15 -30  35],[ -5 -15  30],[-25  25   0]
1659,10200,20025,02510,251020,[  0 -15  35],[ 25 -30  45],[ 5 -5 30],[-15  35 -20]
1660,10200,20030,03010,301020,[  0 -10  40],[ 30 -30  50],[10  0 30],[-10  40 -30]
1661,10200,20035,03510,351020,[ 0 -5 45],[ 35 -30  55],[15  5 30],[ -5  45 -40]
1662,10200,20040,04010,401020,[ 0  0 50],[ 40 -30  60],[20 10 30],[  0  50 -50]
1663,10200,20045,04510,451020,[ 0  5 55],[ 45 -30  65],[25 15 30],[  5  55 -60]
1664,10200,20050,05010,501020,[ 0 10 60],[ 50 -30  70],[30 20 30],[ 10  60 -70]
1665,10205,2050,5010,01020,[-13 -40  50],[-18 -30  60],[-15 -30  20],[  1  10 -70]
1666,10205,20515,51510,151020,[  5 -20  15],[ 15 -25  25],[  0 -15  20],[-20  15   0]
1667,10205,20525,52510,251020,[  5 -10  25],[ 25 -25  35],[10 -5 20],[-10  25 -20]
1668,10205,20530,53010,301020,[ 5 -5 30],[ 30 -25  40],[15  0 20],[ -5  30 -30]
1669,10205,20535,53510,351020,[ 5  0 35],[ 35 -25  45],[20  5 20],[  0  35 -40]
1670,10205,20540,54010,401020,[ 5  5 40],[ 40 -25  50],[25 10 20],[  5  40 -50]
1671,10205,20545,54510,451020,[ 5 10 45],[ 45 -25  55],[30 15 20],[ 10  45 -60]
1672,10205,20550,55010,501020,[ 5 15 50],[ 50 -25  60],[35 20 20],[ 15  50 -70]
1673,102015,20150,15010,01020,[ 1 11 30],[  0 -29  40],[-19  20   0],[-39  58 -70]
1674,102015,20155,15510,51020,[ 15 -20 -15],[  5 -15  -5],[  0 -25   0],[-20 -15  20]
1675,102015,201525,152510,251020,[15  0  5],[ 25 -15  15],[20 -5  0],[  0   5 -20]
1676,102015,201530,153010,301020,[15  5 10],[ 30 -15  20],[25  0  0],[  5  10 -30]
1677,102015,201535,153510,351020,[15 10 15],[ 35 -15  25],[30  5  0],[ 10  15 -40]
1678,102015,201540,154010,401020,[15 15 20],[ 40 -15  30],[35 10  0],[ 15  20 -50]
1679,102015,201545,154510,451020,[15 20 25],[ 45 -15  35],[40 15  0],[ 20  25 -60]
1680,102015,201550,155010,501020,[15 25 30],[ 50 -15  40],[45 20  0],[ 25  30 -70]
1681,102025,20250,25010,01020,[ 2 12 10],[  0 -28  20],[-18  20 -20],[-38  56 -70]
1682,102025,20255,25510,51020,[ 25 -10 -35],[  5  -5 -25],[ 10 -25 -20],[-10 -35  20]
1683,102025,202515,251510,151020,[ 25   0 -25],[ 15  -5 -15],[ 20 -15 -20],[  0 -25   0]
1684,102025,202530,253010,301020,[ 25  15 -10],[30 -5  0],[ 35   0 -20],[ 15 -10 -30]
1685,102025,202535,253510,351020,[25 20 -5],[35 -5  5],[ 40   5 -20],[ 20  -5 -40]
1686,102025,202540,254010,401020,[25 25  0],[40 -5 10],[ 45  10 -20],[ 25   0 -50]
1687,102025,202545,254510,451020,[25 30  5],[45 -5 15],[ 50  15 -20],[ 30   5 -60]
1688,102025,202550,255010,501020,[25 35 10],[50 -5 20],[ 55  20 -20],[ 35  10 -70]
1689,102030,20300,30010,01020,[ 30 -10 -50],[  0   0 -40],[ 10 -30 -30],[-10 -50  30]
1690,102030,20305,30510,51020,[ 30  -5 -45],[  5   0 -35],[ 15 -25 -30],[ -5 -45  20]
1691,102030,203015,301510,151020,[ 30   5 -35],[ 15   0 -25],[ 25 -15 -30],[  5 -35   0]
1692,102030,203025,302510,251020,[ 30  15 -25],[ 25   0 -15],[ 35  -5 -30],[ 15 -25 -20]
1693,102030,203035,303510,351020,[ 30  25 -15],[35  0 -5],[ 45   5 -30],[ 25 -15 -40]
1694,102030,203040,304010,401020,[ 30  30 -10],[40  0  0],[ 50  10 -30],[ 30 -10 -50]
1695,102030,203045,304510,451020,[30 35 -5],[45  0  5],[ 55  15 -30],[ 35  -5 -60]
1696,102030,203050,305010,501020,[30 40  0],[50  0 10],[ 60  20 -30],[ 40   0 -70]
1697,102035,20350,35010,01020,[  3  13 -10],[  0 -27   0],[-17  20 -40],[-37  54 -70]
1698,102035,20355,35510,51020,[ 35   0 -55],[  5   5 -45],[ 20 -25 -40],[  0 -55  20]
1699,102035,203515,351510,151020,[ 35  10 -45],[ 15   5 -35],[ 30 -15 -40],[ 10 -45   0]
1700,102035,203525,352510,251020,[ 35  20 -35],[ 25   5 -25],[ 40  -5 -40],[ 20 -35 -20]
1701,102035,203530,353010,301020,[ 35  25 -30],[ 30   5 -20],[ 45   0 -40],[ 25 -30 -30]
1702,102035,203540,354010,401020,[ 35  35 -20],[ 40   5 -10],[ 55  10 -40],[ 35 -20 -50]
1703,102035,203545,354510,451020,[ 35  40 -15],[45  5 -5],[ 60  15 -40],[ 40 -15 -60]
1704,102035,203550,355010,501020,[ 35  45 -10],[50  5  0],[ 65  20 -40],[ 45 -10 -70]
1705,102040,20400,40010,01020,[ 40   0 -70],[  0  10 -60],[ 20 -30 -50],[  0 -70  30]
1706,102040,20405,40510,51020,[ 40   5 -65],[  5  10 -55],[ 25 -25 -50],[  5 -65  20]
1707,102040,204015,401510,151020,[ 40  15 -55],[ 15  10 -45],[ 35 -15 -50],[ 15 -55   0]
1708,102040,204025,402510,251020,[ 40  25 -45],[ 25  10 -35],[ 45  -5 -50],[ 25 -45 -20]
1709,102040,204030,403010,301020,[ 40  30 -40],[ 30  10 -30],[ 50   0 -50],[ 30 -40 -30]
1710,102040,204035,403510,351020,[ 40  35 -35],[ 35  10 -25],[ 55   5 -50],[ 35 -35 -40]
1711,102040,204045,404510,451020,[ 40  45 -25],[ 45  10 -15],[ 65  15 -50],[ 45 -25 -60]
1712,102040,204050,405010,501020,[ 40  50 -20],[ 50  10 -10],[ 70  20 -50],[ 50 -20 -70]
1713,102045,20450,45010,01020,[  4  14 -30],[  0 -26 -20],[-16  20 -60],[-36  52 -70]
1714,102045,20455,45510,51020,[ 45  10 -75],[  5  15 -65],[ 30 -25 -60],[ 10 -75  20]
1715,102045,204515,451510,151020,[ 45  20 -65],[ 15  15 -55],[ 40 -15 -60],[ 20 -65   0]
1716,102045,204525,452510,251020,[ 45  30 -55],[ 25  15 -45],[ 50  -5 -60],[ 30 -55 -20]
1717,102045,204530,453010,301020,[ 45  35 -50],[ 30  15 -40],[ 55   0 -60],[ 35 -50 -30]
1718,102045,204535,453510,351020,[ 45  40 -45],[ 35  15 -35],[ 60   5 -60],[ 40 -45 -40]
1719,102045,204540,454010,401020,[ 45  45 -40],[ 40  15 -30],[ 65  10 -60],[ 45 -40 -50]
1720,102045,204550,455010,501020,[ 45  55 -30],[ 50  15 -20],[ 75  20 -60],[ 55 -30 -70]
1721,102050,20500,50010,01020,[ 50  10 -90],[  0  20 -80],[ 30 -30 -70],[ 10 -90  30]
1722,102050,20505,50510,51020,[ 50  15 -85],[  5  20 -75],[ 35 -25 -70],[ 15 -85  20]
1723,102050,205015,501510,151020,[ 50  25 -75],[ 15  20 -65],[ 45 -15 -70],[ 25 -75   0]
1724,102050,205025,502510,251020,[ 50  35 -65],[ 25  20 -55],[ 55  -5 -70],[ 35 -65 -20]
1725,102050,205030,503010,301020,[ 50  40 -60],[ 30  20 -50],[ 60   0 -70],[ 40 -60 -30]
1726,102050,205035,503510,351020,[ 50  45 -55],[ 35  20 -45],[ 65   5 -70],[ 45 -55 -40]
1727,102050,205040,504010,401020,[ 50  50 -50],[ 40  20 -40],[ 70  10 -70],[ 50 -50 -50]
1728,102050,205045,504510,451020,[ 50  55 -45],[ 45  20 -35],[ 75  15 -70],[ 55 -45 -60]
1729,10250,2505,0510,51025,[-18  51 -85],[-13  56 -70],[-15  11 -65],[  1 -85  25]
1730,10250,25015,01510,151025,[-18  61 -75],[ -3  56 -60],[ -5  21 -65],[ 11 -75   5]
1731,10250,25020,02010,201025,[-18  66 -70],[  2  56 -55],[  0  26 -65],[ 16 -70  -5]
1732,10250,25030,03010,301025,[-18  76 -60],[ 12  56 -45],[ 10  36 -65],[ 26 -60 -25]
1733,10250,25035,03510,351025,[-18  81 -55],[ 17  56 -40],[ 15  41 -65],[ 31 -55 -35]
1734,10250,25040,04010,401025,[-18  86 -50],[ 22  56 -35],[ 20  46 -65],[ 36 -50 -45]
1735,10250,25045,04510,451025,[-18  91 -45],[ 27  56 -30],[ 25  51 -65],[ 41 -45 -55]
1736,10250,25050,05010,501025,[-18  96 -40],[ 32  56 -25],[ 30  56 -65],[ 46 -40 -65]
1737,10255,2550,5010,01025,[-13 -45  50],[-18 -35  65],[-15 -40  25],[  1   0 -65]
1738,10255,25515,51510,151025,[ 10 -30  15],[ 20 -35  30],[  0 -25  25],[-30  15   5]
1739,10255,25520,52010,201025,[ 10 -25  20],[ 25 -35  35],[  5 -20  25],[-25  20  -5]
1740,10255,25530,53010,301025,[ 10 -15  30],[ 35 -35  45],[ 15 -10  25],[-15  30 -25]
1741,10255,25535,53510,351025,[ 10 -10  35],[ 40 -35  50],[20 -5 25],[-10  35 -35]
1742,10255,25540,54010,401025,[10 -5 40],[ 45 -35  55],[25  0 25],[ -5  40 -45]
1743,10255,25545,54510,451025,[10  0 45],[ 50 -35  60],[30  5 25],[  0  45 -55]
1744,10255,25550,55010,501025,[10  5 50],[ 55 -35  65],[35 10 25],[  5  50 -65]
1745,102515,25150,15010,01025,[ 6  1 30],[  5 -39  45],[-19  10   5],[-49  58 -65]
1746,102515,25155,15510,51025,[ 20 -30 -15],[ 10 -25   0],[  0 -35   5],[-30 -15  25]
1747,102515,251520,152010,201025,[ 20 -15   0],[ 25 -25  15],[ 15 -20   5],[-15   0  -5]
1748,102515,251530,153010,301025,[20 -5 10],[ 35 -25  25],[ 25 -10   5],[ -5  10 -25]
1749,102515,251535,153510,351025,[20  0 15],[ 40 -25  30],[30 -5  5],[  0  15 -35]
1750,102515,251540,154010,401025,[20  5 20],[ 45 -25  35],[35  0  5],[  5  20 -45]
1751,102515,251545,154510,451025,[20 10 25],[ 50 -25  40],[40  5  5],[ 10  25 -55]
1752,102515,251550,155010,501025,[20 15 30],[ 55 -25  45],[45 10  5],[ 15  30 -65]
1753,102520,25200,20010,01025,[ 25 -30 -30],[  5 -20 -15],[  0 -40  -5],[-30 -30  35]
1754,102520,25205,20510,51025,[ 25 -25 -25],[ 10 -20 -10],[  5 -35  -5],[-25 -25  25]
1755,102520,252015,201510,151025,[ 25 -15 -15],[ 20 -20   0],[ 15 -25  -5],[-15 -15   5]
1756,102520,252030,203010,301025,[25  0  0],[ 35 -20  15],[ 30 -10  -5],[  0   0 -25]
1757,102520,252035,203510,351025,[25  5  5],[ 40 -20  20],[35 -5 -5],[  5   5 -35]
1758,102520,252040,204010,401025,[25 10 10],[ 45 -20  25],[40  0 -5],[ 10  10 -45]
1759,102520,252045,204510,451025,[25 15 15],[ 50 -20  30],[45  5 -5],[ 15  15 -55]
1760,102520,252050,205010,501025,[25 20 20],[ 55 -20  35],[50 10 -5],[ 20  20 -65]
1761,102530,25300,30010,01025,[ 35 -20 -50],[  5 -10 -35],[ 10 -40 -25],[-20 -50  35]
1762,102530,25305,30510,51025,[ 35 -15 -45],[ 10 -10 -30],[ 15 -35 -25],[-15 -45  25]
1763,102530,253015,301510,151025,[ 35  -5 -35],[ 20 -10 -20],[ 25 -25 -25],[ -5 -35   5]
1764,102530,253020,302010,201025,[ 35   0 -30],[ 25 -10 -15],[ 30 -20 -25],[  0 -30  -5]
1765,102530,253035,303510,351025,[ 35  15 -15],[ 40 -10   0],[ 45  -5 -25],[ 15 -15 -35]
1766,102530,253040,304010,401025,[ 35  20 -10],[ 45 -10   5],[ 50   0 -25],[ 20 -10 -45]
1767,102530,253045,304510,451025,[35 25 -5],[ 50 -10  10],[ 55   5 -25],[ 25  -5 -55]
1768,102530,253050,305010,501025,[35 30  0],[ 55 -10  15],[ 60  10 -25],[ 30   0 -65]
1769,102535,25350,35010,01025,[  8   3 -10],[  5 -37   5],[-17  10 -35],[-47  54 -65]
1770,102535,25355,35510,51025,[ 40 -10 -55],[ 10  -5 -40],[ 20 -35 -35],[-10 -55  25]
1771,102535,253515,351510,151025,[ 40   0 -45],[ 20  -5 -30],[ 30 -25 -35],[  0 -45   5]
1772,102535,253520,352010,201025,[ 40   5 -40],[ 25  -5 -25],[ 35 -20 -35],[  5 -40  -5]
1773,102535,253530,353010,301025,[ 40  15 -30],[ 35  -5 -15],[ 45 -10 -35],[ 15 -30 -25]
1774,102535,253540,354010,401025,[ 40  25 -20],[45 -5 -5],[ 55   0 -35],[ 25 -20 -45]
1775,102535,253545,354510,451025,[ 40  30 -15],[50 -5  0],[ 60   5 -35],[ 30 -15 -55]
1776,102535,253550,355010,501025,[ 40  35 -10],[55 -5  5],[ 65  10 -35],[ 35 -10 -65]
1777,102540,25400,40010,01025,[ 45 -10 -70],[  5   0 -55],[ 20 -40 -45],[-10 -70  35]
1778,102540,25405,40510,51025,[ 45  -5 -65],[ 10   0 -50],[ 25 -35 -45],[ -5 -65  25]
1779,102540,254015,401510,151025,[ 45   5 -55],[ 20   0 -40],[ 35 -25 -45],[  5 -55   5]
1780,102540,254020,402010,201025,[ 45  10 -50],[ 25   0 -35],[ 40 -20 -45],[ 10 -50  -5]
1781,102540,254030,403010,301025,[ 45  20 -40],[ 35   0 -25],[ 50 -10 -45],[ 20 -40 -25]
1782,102540,254035,403510,351025,[ 45  25 -35],[ 40   0 -20],[ 55  -5 -45],[ 25 -35 -35]
1783,102540,254045,404510,451025,[ 45  35 -25],[ 50   0 -10],[ 65   5 -45],[ 35 -25 -55]
1784,102540,254050,405010,501025,[ 45  40 -20],[55  0 -5],[ 70  10 -45],[ 40 -20 -65]
1785,102545,25450,45010,01025,[  9   4 -30],[  5 -36 -15],[-16  10 -55],[-46  52 -65]
1786,102545,25455,45510,51025,[ 50   0 -75],[ 10   5 -60],[ 30 -35 -55],[  0 -75  25]
1787,102545,254515,451510,151025,[ 50  10 -65],[ 20   5 -50],[ 40 -25 -55],[ 10 -65   5]
1788,102545,254520,452010,201025,[ 50  15 -60],[ 25   5 -45],[ 45 -20 -55],[ 15 -60  -5]
1789,102545,254530,453010,301025,[ 50  25 -50],[ 35   5 -35],[ 55 -10 -55],[ 25 -50 -25]
1790,102545,254535,453510,351025,[ 50  30 -45],[ 40   5 -30],[ 60  -5 -55],[ 30 -45 -35]
1791,102545,254540,454010,401025,[ 50  35 -40],[ 45   5 -25],[ 65   0 -55],[ 35 -40 -45]
1792,102545,254550,455010,501025,[ 50  45 -30],[ 55   5 -15],[ 75  10 -55],[ 45 -30 -65]
1793,102550,25500,50010,01025,[ 55   0 -90],[  5  10 -75],[ 30 -40 -65],[  0 -90  35]
1794,102550,25505,50510,51025,[ 55   5 -85],[ 10  10 -70],[ 35 -35 -65],[  5 -85  25]
1795,102550,255015,501510,151025,[ 55  15 -75],[ 20  10 -60],[ 45 -25 -65],[ 15 -75   5]
1796,102550,255020,502010,201025,[ 55  20 -70],[ 25  10 -55],[ 50 -20 -65],[ 20 -70  -5]
1797,102550,255030,503010,301025,[ 55  30 -60],[ 35  10 -45],[ 60 -10 -65],[ 30 -60 -25]
1798,102550,255035,503510,351025,[ 55  35 -55],[ 40  10 -40],[ 65  -5 -65],[ 35 -55 -35]
1799,102550,255040,504010,401025,[ 55  40 -50],[ 45  10 -35],[ 70   0 -65],[ 40 -50 -45]
1800,102550,255045,504510,451025,[ 55  45 -45],[ 50  10 -30],[ 75   5 -65],[ 45 -45 -55]
1801,10300,3005,0510,51030,[ 10 -55  15],[ 15 -50  35],[-15 -45  40],[-55  15  30]
1802,10300,30015,01510,151030,[ 10 -45  25],[ 25 -50  45],[ -5 -35  40],[-45  25  10]
1803,10300,30020,02010,201030,[ 10 -40  30],[ 30 -50  50],[  0 -30  40],[-40  30   0]
1804,10300,30025,02510,251030,[ 10 -35  35],[ 35 -50  55],[  5 -25  40],[-35  35 -10]
1805,10300,30035,03510,351030,[ 10 -25  45],[ 45 -50  65],[ 15 -15  40],[-25  45 -30]
1806,10300,30040,04010,401030,[ 10 -20  50],[ 50 -50  70],[ 20 -10  40],[-20  50 -40]
1807,10300,30045,04510,451030,[ 10 -15  55],[ 55 -50  75],[25 -5 40],[-15  55 -50]
1808,10300,30050,05010,501030,[ 10 -10  60],[ 60 -50  80],[30  0 40],[-10  60 -60]
1809,10305,3050,5010,01030,[-12 -60  50],[-17 -50  70],[-15 -50  30],[ -1  10 -60]
1810,10305,30515,51510,151030,[ 15 -40  15],[ 25 -45  35],[  0 -35  30],[-40  15  10]
1811,10305,30520,52010,201030,[ 15 -35  20],[ 30 -45  40],[  5 -30  30],[-35  20   0]
1812,10305,30525,52510,251030,[ 15 -30  25],[ 35 -45  45],[ 10 -25  30],[-30  25 -10]
1813,10305,30535,53510,351030,[ 15 -20  35],[ 45 -45  55],[ 20 -15  30],[-20  35 -30]
1814,10305,30540,54010,401030,[ 15 -15  40],[ 50 -45  60],[ 25 -10  30],[-15  40 -40]
1815,10305,30545,54510,451030,[ 15 -10  45],[ 55 -45  65],[30 -5 30],[-10  45 -50]
1816,10305,30550,55010,501030,[15 -5 50],[ 60 -45  70],[35  0 30],[ -5  50 -60]
1817,103015,30150,15010,01030,[11 -9 30],[ 10 -49  50],[-19   0  10],[-59  58 -60]
1818,103015,30155,15510,51030,[ 25 -40 -15],[ 15 -35   5],[  0 -45  10],[-40 -15  30]
1819,103015,301520,152010,201030,[ 25 -25   0],[ 30 -35  20],[ 15 -30  10],[-25   0   0]
1820,103015,301525,152510,251030,[ 25 -20   5],[ 35 -35  25],[ 20 -25  10],[-20   5 -10]
1821,103015,301535,153510,351030,[ 25 -10  15],[ 45 -35  35],[ 30 -15  10],[-10  15 -30]
1822,103015,301540,154010,401030,[25 -5 20],[ 50 -35  40],[ 35 -10  10],[ -5  20 -40]
1823,103015,301545,154510,451030,[25  0 25],[ 55 -35  45],[40 -5 10],[  0  25 -50]
1824,103015,301550,155010,501030,[25  5 30],[ 60 -35  50],[45  0 10],[  5  30 -60]
1825,103020,30200,20010,01030,[ 30 -40 -30],[ 10 -30 -10],[  0 -50   0],[-40 -30  40]
1826,103020,30205,20510,51030,[ 30 -35 -25],[ 15 -30  -5],[  5 -45   0],[-35 -25  30]
1827,103020,302015,201510,151030,[ 30 -25 -15],[ 25 -30   5],[ 15 -35   0],[-25 -15  10]
1828,103020,302025,202510,251030,[ 30 -15  -5],[ 35 -30  15],[ 25 -25   0],[-15  -5 -10]
1829,103020,302035,203510,351030,[30 -5  5],[ 45 -30  25],[ 35 -15   0],[ -5   5 -30]
1830,103020,302040,204010,401030,[30  0 10],[ 50 -30  30],[ 40 -10   0],[  0  10 -40]
1831,103020,302045,204510,451030,[30  5 15],[ 55 -30  35],[45 -5  0],[  5  15 -50]
1832,103020,302050,205010,501030,[30 10 20],[ 60 -30  40],[50  0  0],[ 10  20 -60]
1833,103025,30250,25010,01030,[12 -8 10],[ 10 -48  30],[-18   0 -10],[-58  56 -60]
1834,103025,30255,25510,51030,[ 35 -30 -35],[ 15 -25 -15],[ 10 -45 -10],[-30 -35  30]
1835,103025,302515,251510,151030,[ 35 -20 -25],[ 25 -25  -5],[ 20 -35 -10],[-20 -25  10]
1836,103025,302520,252010,201030,[ 35 -15 -20],[ 30 -25   0],[ 25 -30 -10],[-15 -20   0]
1837,103025,302535,253510,351030,[35  0 -5],[ 45 -25  15],[ 40 -15 -10],[  0  -5 -30]
1838,103025,302540,254010,401030,[35  5  0],[ 50 -25  20],[ 45 -10 -10],[  5   0 -40]
1839,103025,302545,254510,451030,[35 10  5],[ 55 -25  25],[ 50  -5 -10],[ 10   5 -50]
1840,103025,302550,255010,501030,[35 15 10],[ 60 -25  30],[ 55   0 -10],[ 15  10 -60]
1841,103035,30350,35010,01030,[ 13  -7 -10],[ 10 -47  10],[-17   0 -30],[-57  54 -60]
1842,103035,30355,35510,51030,[ 45 -20 -55],[ 15 -15 -35],[ 20 -45 -30],[-20 -55  30]
1843,103035,303515,351510,151030,[ 45 -10 -45],[ 25 -15 -25],[ 30 -35 -30],[-10 -45  10]
1844,103035,303520,352010,201030,[ 45  -5 -40],[ 30 -15 -20],[ 35 -30 -30],[ -5 -40   0]
1845,103035,303525,352510,251030,[ 45   0 -35],[ 35 -15 -15],[ 40 -25 -30],[  0 -35 -10]
1846,103035,303540,354010,401030,[ 45  15 -20],[ 50 -15   0],[ 55 -10 -30],[ 15 -20 -40]
1847,103035,303545,354510,451030,[ 45  20 -15],[ 55 -15   5],[ 60  -5 -30],[ 20 -15 -50]
1848,103035,303550,355010,501030,[ 45  25 -10],[ 60 -15  10],[ 65   0 -30],[ 25 -10 -60]
1849,103040,30400,40010,01030,[ 50 -20 -70],[ 10 -10 -50],[ 20 -50 -40],[-20 -70  40]
1850,103040,30405,40510,51030,[ 50 -15 -65],[ 15 -10 -45],[ 25 -45 -40],[-15 -65  30]
1851,103040,304015,401510,151030,[ 50  -5 -55],[ 25 -10 -35],[ 35 -35 -40],[ -5 -55  10]
1852,103040,304020,402010,201030,[ 50   0 -50],[ 30 -10 -30],[ 40 -30 -40],[  0 -50   0]
1853,103040,304025,402510,251030,[ 50   5 -45],[ 35 -10 -25],[ 45 -25 -40],[  5 -45 -10]
1854,103040,304035,403510,351030,[ 50  15 -35],[ 45 -10 -15],[ 55 -15 -40],[ 15 -35 -30]
1855,103040,304045,404510,451030,[ 50  25 -25],[ 55 -10  -5],[ 65  -5 -40],[ 25 -25 -50]
1856,103040,304050,405010,501030,[ 50  30 -20],[ 60 -10   0],[ 70   0 -40],[ 30 -20 -60]
1857,103045,30450,45010,01030,[ 14  -6 -30],[ 10 -46 -10],[-16   0 -50],[-56  52 -60]
1858,103045,30455,45510,51030,[ 55 -10 -75],[ 15  -5 -55],[ 30 -45 -50],[-10 -75  30]
1859,103045,304515,451510,151030,[ 55   0 -65],[ 25  -5 -45],[ 40 -35 -50],[  0 -65  10]
1860,103045,304520,452010,201030,[ 55   5 -60],[ 30  -5 -40],[ 45 -30 -50],[  5 -60   0]
1861,103045,304525,452510,251030,[ 55  10 -55],[ 35  -5 -35],[ 50 -25 -50],[ 10 -55 -10]
1862,103045,304535,453510,351030,[ 55  20 -45],[ 45  -5 -25],[ 60 -15 -50],[ 20 -45 -30]
1863,103045,304540,454010,401030,[ 55  25 -40],[ 50  -5 -20],[ 65 -10 -50],[ 25 -40 -40]
1864,103045,304550,455010,501030,[ 55  35 -30],[ 60  -5 -10],[ 75   0 -50],[ 35 -30 -60]
1865,103050,30500,50010,01030,[ 60 -10 -90],[ 10   0 -70],[ 30 -50 -60],[-10 -90  40]
1866,103050,30505,50510,51030,[ 60  -5 -85],[ 15   0 -65],[ 35 -45 -60],[ -5 -85  30]
1867,103050,305015,501510,151030,[ 60   5 -75],[ 25   0 -55],[ 45 -35 -60],[  5 -75  10]
1868,103050,305020,502010,201030,[ 60  10 -70],[ 30   0 -50],[ 50 -30 -60],[ 10 -70   0]
1869,103050,305025,502510,251030,[ 60  15 -65],[ 35   0 -45],[ 55 -25 -60],[ 15 -65 -10]
1870,103050,305035,503510,351030,[ 60  25 -55],[ 45   0 -35],[ 65 -15 -60],[ 25 -55 -30]
1871,103050,305040,504010,401030,[ 60  30 -50],[ 50   0 -30],[ 70 -10 -60],[ 30 -50 -40]
1872,103050,305045,504510,451030,[ 60  35 -45],[ 55   0 -25],[ 75  -5 -60],[ 35 -45 -50]
1873,10350,3505,0510,51035,[-17  49 -85],[-12  54 -60],[-15   9 -55],[ -1 -85  35]
1874,10350,35015,01510,151035,[-17  59 -75],[ -2  54 -50],[ -5  19 -55],[  9 -75  15]
1875,10350,35020,02010,201035,[-17  64 -70],[  3  54 -45],[  0  24 -55],[ 14 -70   5]
1876,10350,35025,02510,251035,[-17  69 -65],[  8  54 -40],[  5  29 -55],[ 19 -65  -5]
1877,10350,35030,03010,301035,[-17  74 -60],[ 13  54 -35],[ 10  34 -55],[ 24 -60 -15]
1878,10350,35040,04010,401035,[-17  84 -50],[ 23  54 -25],[ 20  44 -55],[ 34 -50 -35]
1879,10350,35045,04510,451035,[-17  89 -45],[ 28  54 -20],[ 25  49 -55],[ 39 -45 -45]
1880,10350,35050,05010,501035,[-17  94 -40],[ 33  54 -15],[ 30  54 -55],[ 44 -40 -55]
1881,10355,3550,5010,01035,[-12 -65  50],[-17 -55  75],[-15 -60  35],[ -1   0 -55]
1882,10355,35515,51510,151035,[ 20 -50  15],[ 30 -55  40],[  0 -45  35],[-50  15  15]
1883,10355,35520,52010,201035,[ 20 -45  20],[ 35 -55  45],[  5 -40  35],[-45  20   5]
1884,10355,35525,52510,251035,[ 20 -40  25],[ 40 -55  50],[ 10 -35  35],[-40  25  -5]
1885,10355,35530,53010,301035,[ 20 -35  30],[ 45 -55  55],[ 15 -30  35],[-35  30 -15]
1886,10355,35540,54010,401035,[ 20 -25  40],[ 55 -55  65],[ 25 -20  35],[-25  40 -35]
1887,10355,35545,54510,451035,[ 20 -20  45],[ 60 -55  70],[ 30 -15  35],[-20  45 -45]
1888,10355,35550,55010,501035,[ 20 -15  50],[ 65 -55  75],[ 35 -10  35],[-15  50 -55]
1889,103515,35150,15010,01035,[ 16 -19  30],[ 15 -59  55],[-19 -10  15],[-69  58 -55]
1890,103515,35155,15510,51035,[ 30 -50 -15],[ 20 -45  10],[  0 -55  15],[-50 -15  35]
1891,103515,351520,152010,201035,[ 30 -35   0],[ 35 -45  25],[ 15 -40  15],[-35   0   5]
1892,103515,351525,152510,251035,[ 30 -30   5],[ 40 -45  30],[ 20 -35  15],[-30   5  -5]
1893,103515,351530,153010,301035,[ 30 -25  10],[ 45 -45  35],[ 25 -30  15],[-25  10 -15]
1894,103515,351540,154010,401035,[ 30 -15  20],[ 55 -45  45],[ 35 -20  15],[-15  20 -35]
1895,103515,351545,154510,451035,[ 30 -10  25],[ 60 -45  50],[ 40 -15  15],[-10  25 -45]
1896,103515,351550,155010,501035,[30 -5 30],[ 65 -45  55],[ 45 -10  15],[ -5  30 -55]
1897,103520,35200,20010,01035,[ 35 -50 -30],[ 15 -40  -5],[  0 -60   5],[-50 -30  45]
1898,103520,35205,20510,51035,[ 35 -45 -25],[ 20 -40   0],[  5 -55   5],[-45 -25  35]
1899,103520,352015,201510,151035,[ 35 -35 -15],[ 30 -40  10],[ 15 -45   5],[-35 -15  15]
1900,103520,352025,202510,251035,[ 35 -25  -5],[ 40 -40  20],[ 25 -35   5],[-25  -5  -5]
1901,103520,352030,203010,301035,[ 35 -20   0],[ 45 -40  25],[ 30 -30   5],[-20   0 -15]
1902,103520,352040,204010,401035,[ 35 -10  10],[ 55 -40  35],[ 40 -20   5],[-10  10 -35]
1903,103520,352045,204510,451035,[35 -5 15],[ 60 -40  40],[ 45 -15   5],[ -5  15 -45]
1904,103520,352050,205010,501035,[35  0 20],[ 65 -40  45],[ 50 -10   5],[  0  20 -55]
1905,103525,35250,25010,01035,[ 17 -18  10],[ 15 -58  35],[-18 -10  -5],[-68  56 -55]
1906,103525,35255,25510,51035,[ 40 -40 -35],[ 20 -35 -10],[ 10 -55  -5],[-40 -35  35]
1907,103525,352515,251510,151035,[ 40 -30 -25],[ 30 -35   0],[ 20 -45  -5],[-30 -25  15]
1908,103525,352520,252010,201035,[ 40 -25 -20],[ 35 -35   5],[ 25 -40  -5],[-25 -20   5]
1909,103525,352530,253010,301035,[ 40 -15 -10],[ 45 -35  15],[ 35 -30  -5],[-15 -10 -15]
1910,103525,352540,254010,401035,[40 -5  0],[ 55 -35  25],[ 45 -20  -5],[ -5   0 -35]
1911,103525,352545,254510,451035,[40  0  5],[ 60 -35  30],[ 50 -15  -5],[  0   5 -45]
1912,103525,352550,255010,501035,[40  5 10],[ 65 -35  35],[ 55 -10  -5],[  5  10 -55]
1913,103530,35300,30010,01035,[ 45 -40 -50],[ 15 -30 -25],[ 10 -60 -15],[-40 -50  45]
1914,103530,35305,30510,51035,[ 45 -35 -45],[ 20 -30 -20],[ 15 -55 -15],[-35 -45  35]
1915,103530,353015,301510,151035,[ 45 -25 -35],[ 30 -30 -10],[ 25 -45 -15],[-25 -35  15]
1916,103530,353020,302010,201035,[ 45 -20 -30],[ 35 -30  -5],[ 30 -40 -15],[-20 -30   5]
1917,103530,353025,302510,251035,[ 45 -15 -25],[ 40 -30   0],[ 35 -35 -15],[-15 -25  -5]
1918,103530,353040,304010,401035,[ 45   0 -10],[ 55 -30  15],[ 50 -20 -15],[  0 -10 -35]
1919,103530,353045,304510,451035,[45  5 -5],[ 60 -30  20],[ 55 -15 -15],[  5  -5 -45]
1920,103530,353050,305010,501035,[45 10  0],[ 65 -30  25],[ 60 -10 -15],[ 10   0 -55]
1921,103540,35400,40010,01035,[ 55 -30 -70],[ 15 -20 -45],[ 20 -60 -35],[-30 -70  45]
1922,103540,35405,40510,51035,[ 55 -25 -65],[ 20 -20 -40],[ 25 -55 -35],[-25 -65  35]
1923,103540,354015,401510,151035,[ 55 -15 -55],[ 30 -20 -30],[ 35 -45 -35],[-15 -55  15]
1924,103540,354020,402010,201035,[ 55 -10 -50],[ 35 -20 -25],[ 40 -40 -35],[-10 -50   5]
1925,103540,354025,402510,251035,[ 55  -5 -45],[ 40 -20 -20],[ 45 -35 -35],[ -5 -45  -5]
1926,103540,354030,403010,301035,[ 55   0 -40],[ 45 -20 -15],[ 50 -30 -35],[  0 -40 -15]
1927,103540,354045,404510,451035,[ 55  15 -25],[ 60 -20   0],[ 65 -15 -35],[ 15 -25 -45]
1928,103540,354050,405010,501035,[ 55  20 -20],[ 65 -20   5],[ 70 -10 -35],[ 20 -20 -55]
1929,103545,35450,45010,01035,[ 19 -16 -30],[ 15 -56  -5],[-16 -10 -45],[-66  52 -55]
1930,103545,35455,45510,51035,[ 60 -20 -75],[ 20 -15 -50],[ 30 -55 -45],[-20 -75  35]
1931,103545,354515,451510,151035,[ 60 -10 -65],[ 30 -15 -40],[ 40 -45 -45],[-10 -65  15]
1932,103545,354520,452010,201035,[ 60  -5 -60],[ 35 -15 -35],[ 45 -40 -45],[ -5 -60   5]
1933,103545,354525,452510,251035,[ 60   0 -55],[ 40 -15 -30],[ 50 -35 -45],[  0 -55  -5]
1934,103545,354530,453010,301035,[ 60   5 -50],[ 45 -15 -25],[ 55 -30 -45],[  5 -50 -15]
1935,103545,354540,454010,401035,[ 60  15 -40],[ 55 -15 -15],[ 65 -20 -45],[ 15 -40 -35]
1936,103545,354550,455010,501035,[ 60  25 -30],[ 65 -15  -5],[ 75 -10 -45],[ 25 -30 -55]
1937,103550,35500,50010,01035,[ 65 -20 -90],[ 15 -10 -65],[ 30 -60 -55],[-20 -90  45]
1938,103550,35505,50510,51035,[ 65 -15 -85],[ 20 -10 -60],[ 35 -55 -55],[-15 -85  35]
1939,103550,355015,501510,151035,[ 65  -5 -75],[ 30 -10 -50],[ 45 -45 -55],[ -5 -75  15]
1940,103550,355020,502010,201035,[ 65   0 -70],[ 35 -10 -45],[ 50 -40 -55],[  0 -70   5]
1941,103550,355025,502510,251035,[ 65   5 -65],[ 40 -10 -40],[ 55 -35 -55],[  5 -65  -5]
1942,103550,355030,503010,301035,[ 65  10 -60],[ 45 -10 -35],[ 60 -30 -55],[ 10 -60 -15]
1943,103550,355040,504010,401035,[ 65  20 -50],[ 55 -10 -25],[ 70 -20 -55],[ 20 -50 -35]
1944,103550,355045,504510,451035,[ 65  25 -45],[ 60 -10 -20],[ 75 -15 -55],[ 25 -45 -45]
1945,10400,4005,0510,51040,[ 20 -75  15],[ 25 -70  45],[-15 -65  50],[-75  15  40]
1946,10400,40015,01510,151040,[ 20 -65  25],[ 35 -70  55],[ -5 -55  50],[-65  25  20]
1947,10400,40020,02010,201040,[ 20 -60  30],[ 40 -70  60],[  0 -50  50],[-60  30  10]
1948,10400,40025,02510,251040,[ 20 -55  35],[ 45 -70  65],[  5 -45  50],[-55  35   0]
1949,10400,40030,03010,301040,[ 20 -50  40],[ 50 -70  70],[ 10 -40  50],[-50  40 -10]
1950,10400,40035,03510,351040,[ 20 -45  45],[ 55 -70  75],[ 15 -35  50],[-45  45 -20]
1951,10400,40045,04510,451040,[ 20 -35  55],[ 65 -70  85],[ 25 -25  50],[-35  55 -40]
1952,10400,40050,05010,501040,[ 20 -30  60],[ 70 -70  90],[ 30 -20  50],[-30  60 -50]
1953,10405,4050,5010,01040,[-11 -80  50],[-16 -70  80],[-15 -70  40],[ -3  10 -50]
1954,10405,40515,51510,151040,[ 25 -60  15],[ 35 -65  45],[  0 -55  40],[-60  15  20]
1955,10405,40520,52010,201040,[ 25 -55  20],[ 40 -65  50],[  5 -50  40],[-55  20  10]
1956,10405,40525,52510,251040,[ 25 -50  25],[ 45 -65  55],[ 10 -45  40],[-50  25   0]
1957,10405,40530,53010,301040,[ 25 -45  30],[ 50 -65  60],[ 15 -40  40],[-45  30 -10]
1958,10405,40535,53510,351040,[ 25 -40  35],[ 55 -65  65],[ 20 -35  40],[-40  35 -20]
1959,10405,40545,54510,451040,[ 25 -30  45],[ 65 -65  75],[ 30 -25  40],[-30  45 -40]
1960,10405,40550,55010,501040,[ 25 -25  50],[ 70 -65  80],[ 35 -20  40],[-25  50 -50]
1961,104015,40150,15010,01040,[ 21 -29  30],[ 20 -69  60],[-19 -20  20],[-79  58 -50]
1962,104015,40155,15510,51040,[ 35 -60 -15],[ 25 -55  15],[  0 -65  20],[-60 -15  40]
1963,104015,401520,152010,201040,[ 35 -45   0],[ 40 -55  30],[ 15 -50  20],[-45   0  10]
1964,104015,401525,152510,251040,[ 35 -40   5],[ 45 -55  35],[ 20 -45  20],[-40   5   0]
1965,104015,401530,153010,301040,[ 35 -35  10],[ 50 -55  40],[ 25 -40  20],[-35  10 -10]
1966,104015,401535,153510,351040,[ 35 -30  15],[ 55 -55  45],[ 30 -35  20],[-30  15 -20]
1967,104015,401545,154510,451040,[ 35 -20  25],[ 65 -55  55],[ 40 -25  20],[-20  25 -40]
1968,104015,401550,155010,501040,[ 35 -15  30],[ 70 -55  60],[ 45 -20  20],[-15  30 -50]
1969,104020,40200,20010,01040,[ 40 -60 -30],[ 20 -50   0],[  0 -70  10],[-60 -30  50]
1970,104020,40205,20510,51040,[ 40 -55 -25],[ 25 -50   5],[  5 -65  10],[-55 -25  40]
1971,104020,402015,201510,151040,[ 40 -45 -15],[ 35 -50  15],[ 15 -55  10],[-45 -15  20]
1972,104020,402025,202510,251040,[ 40 -35  -5],[ 45 -50  25],[ 25 -45  10],[-35  -5   0]
1973,104020,402030,203010,301040,[ 40 -30   0],[ 50 -50  30],[ 30 -40  10],[-30   0 -10]
1974,104020,402035,203510,351040,[ 40 -25   5],[ 55 -50  35],[ 35 -35  10],[-25   5 -20]
1975,104020,402045,204510,451040,[ 40 -15  15],[ 65 -50  45],[ 45 -25  10],[-15  15 -40]
1976,104020,402050,205010,501040,[ 40 -10  20],[ 70 -50  50],[ 50 -20  10],[-10  20 -50]
1977,104025,40250,25010,01040,[ 22 -28  10],[ 20 -68  40],[-18 -20   0],[-78  56 -50]
1978,104025,40255,25510,51040,[ 45 -50 -35],[ 25 -45  -5],[ 10 -65   0],[-50 -35  40]
1979,104025,402515,251510,151040,[ 45 -40 -25],[ 35 -45   5],[ 20 -55   0],[-40 -25  20]
1980,104025,402520,252010,201040,[ 45 -35 -20],[ 40 -45  10],[ 25 -50   0],[-35 -20  10]
1981,104025,402530,253010,301040,[ 45 -25 -10],[ 50 -45  20],[ 35 -40   0],[-25 -10 -10]
1982,104025,402535,253510,351040,[ 45 -20  -5],[ 55 -45  25],[ 40 -35   0],[-20  -5 -20]
1983,104025,402545,254510,451040,[ 45 -10   5],[ 65 -45  35],[ 50 -25   0],[-10   5 -40]
1984,104025,402550,255010,501040,[45 -5 10],[ 70 -45  40],[ 55 -20   0],[ -5  10 -50]
1985,104030,40300,30010,01040,[ 50 -50 -50],[ 20 -40 -20],[ 10 -70 -10],[-50 -50  50]
1986,104030,40305,30510,51040,[ 50 -45 -45],[ 25 -40 -15],[ 15 -65 -10],[-45 -45  40]
1987,104030,403015,301510,151040,[ 50 -35 -35],[ 35 -40  -5],[ 25 -55 -10],[-35 -35  20]
1988,104030,403020,302010,201040,[ 50 -30 -30],[ 40 -40   0],[ 30 -50 -10],[-30 -30  10]
1989,104030,403025,302510,251040,[ 50 -25 -25],[ 45 -40   5],[ 35 -45 -10],[-25 -25   0]
1990,104030,403035,303510,351040,[ 50 -15 -15],[ 55 -40  15],[ 45 -35 -10],[-15 -15 -20]
1991,104030,403045,304510,451040,[50 -5 -5],[ 65 -40  25],[ 55 -25 -10],[ -5  -5 -40]
1992,104030,403050,305010,501040,[50  0  0],[ 70 -40  30],[ 60 -20 -10],[  0   0 -50]
1993,104035,40350,35010,01040,[ 23 -27 -10],[ 20 -67  20],[-17 -20 -20],[-77  54 -50]
1994,104035,40355,35510,51040,[ 55 -40 -55],[ 25 -35 -25],[ 20 -65 -20],[-40 -55  40]
1995,104035,403515,351510,151040,[ 55 -30 -45],[ 35 -35 -15],[ 30 -55 -20],[-30 -45  20]
1996,104035,403520,352010,201040,[ 55 -25 -40],[ 40 -35 -10],[ 35 -50 -20],[-25 -40  10]
1997,104035,403525,352510,251040,[ 55 -20 -35],[ 45 -35  -5],[ 40 -45 -20],[-20 -35   0]
1998,104035,403530,353010,301040,[ 55 -15 -30],[ 50 -35   0],[ 45 -40 -20],[-15 -30 -10]
1999,104035,403545,354510,451040,[ 55   0 -15],[ 65 -35  15],[ 60 -25 -20],[  0 -15 -40]
2000,104035,403550,355010,501040,[ 55   5 -10],[ 70 -35  20],[ 65 -20 -20],[  5 -10 -50]
2001,104045,40450,45010,01040,[ 24 -26 -30],[ 20 -66   0],[-16 -20 -40],[-76  52 -50]
2002,104045,40455,45510,51040,[ 65 -30 -75],[ 25 -25 -45],[ 30 -65 -40],[-30 -75  40]
2003,104045,404515,451510,151040,[ 65 -20 -65],[ 35 -25 -35],[ 40 -55 -40],[-20 -65  20]
2004,104045,404520,452010,201040,[ 65 -15 -60],[ 40 -25 -30],[ 45 -50 -40],[-15 -60  10]
2005,104045,404525,452510,251040,[ 65 -10 -55],[ 45 -25 -25],[ 50 -45 -40],[-10 -55   0]
2006,104045,404530,453010,301040,[ 65  -5 -50],[ 50 -25 -20],[ 55 -40 -40],[ -5 -50 -10]
2007,104045,404535,453510,351040,[ 65   0 -45],[ 55 -25 -15],[ 60 -35 -40],[  0 -45 -20]
2008,104045,404550,455010,501040,[ 65  15 -30],[ 70 -25   0],[ 75 -20 -40],[ 15 -30 -50]
2009,104050,40500,50010,01040,[ 70 -30 -90],[ 20 -20 -60],[ 30 -70 -50],[-30 -90  50]
2010,104050,40505,50510,51040,[ 70 -25 -85],[ 25 -20 -55],[ 35 -65 -50],[-25 -85  40]
2011,104050,405015,501510,151040,[ 70 -15 -75],[ 35 -20 -45],[ 45 -55 -50],[-15 -75  20]
2012,104050,405020,502010,201040,[ 70 -10 -70],[ 40 -20 -40],[ 50 -50 -50],[-10 -70  10]
2013,104050,405025,502510,251040,[ 70  -5 -65],[ 45 -20 -35],[ 55 -45 -50],[ -5 -65   0]
2014,104050,405030,503010,301040,[ 70   0 -60],[ 50 -20 -30],[ 60 -40 -50],[  0 -60 -10]
2015,104050,405035,503510,351040,[ 70   5 -55],[ 55 -20 -25],[ 65 -35 -50],[  5 -55 -20]
2016,104050,405045,504510,451040,[ 70  15 -45],[ 65 -20 -15],[ 75 -25 -50],[ 15 -45 -40]
2017,10450,4505,0510,51045,[-16  47 -85],[-11  52 -50],[-15   7 -45],[ -3 -85  45]
2018,10450,45015,01510,151045,[-16  57 -75],[ -1  52 -40],[ -5  17 -45],[  7 -75  25]
2019,10450,45020,02010,201045,[-16  62 -70],[  4  52 -35],[  0  22 -45],[ 12 -70  15]
2020,10450,45025,02510,251045,[-16  67 -65],[  9  52 -30],[  5  27 -45],[ 17 -65   5]
2021,10450,45030,03010,301045,[-16  72 -60],[ 14  52 -25],[ 10  32 -45],[ 22 -60  -5]
2022,10450,45035,03510,351045,[-16  77 -55],[ 19  52 -20],[ 15  37 -45],[ 27 -55 -15]
2023,10450,45040,04010,401045,[-16  82 -50],[ 24  52 -15],[ 20  42 -45],[ 32 -50 -25]
2024,10450,45050,05010,501045,[-16  92 -40],[34 52 -5],[ 30  52 -45],[ 42 -40 -45]
2025,10455,4550,5010,01045,[-11 -85  50],[-16 -75  85],[-15 -80  45],[ -3   0 -45]
2026,10455,45515,51510,151045,[ 30 -70  15],[ 40 -75  50],[  0 -65  45],[-70  15  25]
2027,10455,45520,52010,201045,[ 30 -65  20],[ 45 -75  55],[  5 -60  45],[-65  20  15]
2028,10455,45525,52510,251045,[ 30 -60  25],[ 50 -75  60],[ 10 -55  45],[-60  25   5]
2029,10455,45530,53010,301045,[ 30 -55  30],[ 55 -75  65],[ 15 -50  45],[-55  30  -5]
2030,10455,45535,53510,351045,[ 30 -50  35],[ 60 -75  70],[ 20 -45  45],[-50  35 -15]
2031,10455,45540,54010,401045,[ 30 -45  40],[ 65 -75  75],[ 25 -40  45],[-45  40 -25]
2032,10455,45550,55010,501045,[ 30 -35  50],[ 75 -75  85],[ 35 -30  45],[-35  50 -45]
2033,104515,45150,15010,01045,[ 26 -39  30],[ 25 -79  65],[-19 -30  25],[-89  58 -45]
2034,104515,45155,15510,51045,[ 40 -70 -15],[ 30 -65  20],[  0 -75  25],[-70 -15  45]
2035,104515,451520,152010,201045,[ 40 -55   0],[ 45 -65  35],[ 15 -60  25],[-55   0  15]
2036,104515,451525,152510,251045,[ 40 -50   5],[ 50 -65  40],[ 20 -55  25],[-50   5   5]
2037,104515,451530,153010,301045,[ 40 -45  10],[ 55 -65  45],[ 25 -50  25],[-45  10  -5]
2038,104515,451535,153510,351045,[ 40 -40  15],[ 60 -65  50],[ 30 -45  25],[-40  15 -15]
2039,104515,451540,154010,401045,[ 40 -35  20],[ 65 -65  55],[ 35 -40  25],[-35  20 -25]
2040,104515,451550,155010,501045,[ 40 -25  30],[ 75 -65  65],[ 45 -30  25],[-25  30 -45]
2041,104520,45200,20010,01045,[ 45 -70 -30],[ 25 -60   5],[  0 -80  15],[-70 -30  55]
2042,104520,45205,20510,51045,[ 45 -65 -25],[ 30 -60  10],[  5 -75  15],[-65 -25  45]
2043,104520,452015,201510,151045,[ 45 -55 -15],[ 40 -60  20],[ 15 -65  15],[-55 -15  25]
2044,104520,452025,202510,251045,[ 45 -45  -5],[ 50 -60  30],[ 25 -55  15],[-45  -5   5]
2045,104520,452030,203010,301045,[ 45 -40   0],[ 55 -60  35],[ 30 -50  15],[-40   0  -5]
2046,104520,452035,203510,351045,[ 45 -35   5],[ 60 -60  40],[ 35 -45  15],[-35   5 -15]
2047,104520,452040,204010,401045,[ 45 -30  10],[ 65 -60  45],[ 40 -40  15],[-30  10 -25]
2048,104520,452050,205010,501045,[ 45 -20  20],[ 75 -60  55],[ 50 -30  15],[-20  20 -45]
2049,104525,45250,25010,01045,[ 27 -38  10],[ 25 -78  45],[-18 -30   5],[-88  56 -45]
2050,104525,45255,25510,51045,[ 50 -60 -35],[ 30 -55   0],[ 10 -75   5],[-60 -35  45]
2051,104525,452515,251510,151045,[ 50 -50 -25],[ 40 -55  10],[ 20 -65   5],[-50 -25  25]
2052,104525,452520,252010,201045,[ 50 -45 -20],[ 45 -55  15],[ 25 -60   5],[-45 -20  15]
2053,104525,452530,253010,301045,[ 50 -35 -10],[ 55 -55  25],[ 35 -50   5],[-35 -10  -5]
2054,104525,452535,253510,351045,[ 50 -30  -5],[ 60 -55  30],[ 40 -45   5],[-30  -5 -15]
2055,104525,452540,254010,401045,[ 50 -25   0],[ 65 -55  35],[ 45 -40   5],[-25   0 -25]
2056,104525,452550,255010,501045,[ 50 -15  10],[ 75 -55  45],[ 55 -30   5],[-15  10 -45]
2057,104530,45300,30010,01045,[ 55 -60 -50],[ 25 -50 -15],[ 10 -80  -5],[-60 -50  55]
2058,104530,45305,30510,51045,[ 55 -55 -45],[ 30 -50 -10],[ 15 -75  -5],[-55 -45  45]
2059,104530,453015,301510,151045,[ 55 -45 -35],[ 40 -50   0],[ 25 -65  -5],[-45 -35  25]
2060,104530,453020,302010,201045,[ 55 -40 -30],[ 45 -50   5],[ 30 -60  -5],[-40 -30  15]
2061,104530,453025,302510,251045,[ 55 -35 -25],[ 50 -50  10],[ 35 -55  -5],[-35 -25   5]
2062,104530,453035,303510,351045,[ 55 -25 -15],[ 60 -50  20],[ 45 -45  -5],[-25 -15 -15]
2063,104530,453040,304010,401045,[ 55 -20 -10],[ 65 -50  25],[ 50 -40  -5],[-20 -10 -25]
2064,104530,453050,305010,501045,[ 55 -10   0],[ 75 -50  35],[ 60 -30  -5],[-10   0 -45]
2065,104535,45350,35010,01045,[ 28 -37 -10],[ 25 -77  25],[-17 -30 -15],[-87  54 -45]
2066,104535,45355,35510,51045,[ 60 -50 -55],[ 30 -45 -20],[ 20 -75 -15],[-50 -55  45]
2067,104535,453515,351510,151045,[ 60 -40 -45],[ 40 -45 -10],[ 30 -65 -15],[-40 -45  25]
2068,104535,453520,352010,201045,[ 60 -35 -40],[ 45 -45  -5],[ 35 -60 -15],[-35 -40  15]
2069,104535,453525,352510,251045,[ 60 -30 -35],[ 50 -45   0],[ 40 -55 -15],[-30 -35   5]
2070,104535,453530,353010,301045,[ 60 -25 -30],[ 55 -45   5],[ 45 -50 -15],[-25 -30  -5]
2071,104535,453540,354010,401045,[ 60 -15 -20],[ 65 -45  15],[ 55 -40 -15],[-15 -20 -25]
2072,104535,453550,355010,501045,[ 60  -5 -10],[ 75 -45  25],[ 65 -30 -15],[ -5 -10 -45]
2073,104540,45400,40010,01045,[ 65 -50 -70],[ 25 -40 -35],[ 20 -80 -25],[-50 -70  55]
2074,104540,45405,40510,51045,[ 65 -45 -65],[ 30 -40 -30],[ 25 -75 -25],[-45 -65  45]
2075,104540,454015,401510,151045,[ 65 -35 -55],[ 40 -40 -20],[ 35 -65 -25],[-35 -55  25]
2076,104540,454020,402010,201045,[ 65 -30 -50],[ 45 -40 -15],[ 40 -60 -25],[-30 -50  15]
2077,104540,454025,402510,251045,[ 65 -25 -45],[ 50 -40 -10],[ 45 -55 -25],[-25 -45   5]
2078,104540,454030,403010,301045,[ 65 -20 -40],[ 55 -40  -5],[ 50 -50 -25],[-20 -40  -5]
2079,104540,454035,403510,351045,[ 65 -15 -35],[ 60 -40   0],[ 55 -45 -25],[-15 -35 -15]
2080,104540,454050,405010,501045,[ 65   0 -20],[ 75 -40  15],[ 70 -30 -25],[  0 -20 -45]
2081,104550,45500,50010,01045,[ 75 -40 -90],[ 25 -30 -55],[ 30 -80 -45],[-40 -90  55]
2082,104550,45505,50510,51045,[ 75 -35 -85],[ 30 -30 -50],[ 35 -75 -45],[-35 -85  45]
2083,104550,455015,501510,151045,[ 75 -25 -75],[ 40 -30 -40],[ 45 -65 -45],[-25 -75  25]
2084,104550,455020,502010,201045,[ 75 -20 -70],[ 45 -30 -35],[ 50 -60 -45],[-20 -70  15]
2085,104550,455025,502510,251045,[ 75 -15 -65],[ 50 -30 -30],[ 55 -55 -45],[-15 -65   5]
2086,104550,455030,503010,301045,[ 75 -10 -60],[ 55 -30 -25],[ 60 -50 -45],[-10 -60  -5]
2087,104550,455035,503510,351045,[ 75  -5 -55],[ 60 -30 -20],[ 65 -45 -45],[ -5 -55 -15]
2088,104550,455040,504010,401045,[ 75   0 -50],[ 65 -30 -15],[ 70 -40 -45],[  0 -50 -25]
2089,10500,5005,0510,51050,[ 30 -95  15],[ 35 -90  55],[-15 -85  60],[-95  15  50]
2090,10500,50015,01510,151050,[ 30 -85  25],[ 45 -90  65],[ -5 -75  60],[-85  25  30]
2091,10500,50020,02010,201050,[ 30 -80  30],[ 50 -90  70],[  0 -70  60],[-80  30  20]
2092,10500,50025,02510,251050,[ 30 -75  35],[ 55 -90  75],[  5 -65  60],[-75  35  10]
2093,10500,50030,03010,301050,[ 30 -70  40],[ 60 -90  80],[ 10 -60  60],[-70  40   0]
2094,10500,50035,03510,351050,[ 30 -65  45],[ 65 -90  85],[ 15 -55  60],[-65  45 -10]
2095,10500,50040,04010,401050,[ 30 -60  50],[ 70 -90  90],[ 20 -50  60],[-60  50 -20]
2096,10500,50045,04510,451050,[ 30 -55  55],[ 75 -90  95],[ 25 -45  60],[-55  55 -30]
2097,10505,5050,5010,01050,[ -10 -100   50],[-15 -90  90],[-15 -90  50],[ -5  10 -40]
2098,10505,50515,51510,151050,[ 35 -80  15],[ 45 -85  55],[  0 -75  50],[-80  15  30]
2099,10505,50520,52010,201050,[ 35 -75  20],[ 50 -85  60],[  5 -70  50],[-75  20  20]
2100,10505,50525,52510,251050,[ 35 -70  25],[ 55 -85  65],[ 10 -65  50],[-70  25  10]
2101,10505,50530,53010,301050,[ 35 -65  30],[ 60 -85  70],[ 15 -60  50],[-65  30   0]
2102,10505,50535,53510,351050,[ 35 -60  35],[ 65 -85  75],[ 20 -55  50],[-60  35 -10]
2103,10505,50540,54010,401050,[ 35 -55  40],[ 70 -85  80],[ 25 -50  50],[-55  40 -20]
2104,10505,50545,54510,451050,[ 35 -50  45],[ 75 -85  85],[ 30 -45  50],[-50  45 -30]
2105,105015,50150,15010,01050,[ 31 -49  30],[ 30 -89  70],[-19 -40  30],[-99  58 -40]
2106,105015,50155,15510,51050,[ 45 -80 -15],[ 35 -75  25],[  0 -85  30],[-80 -15  50]
2107,105015,501520,152010,201050,[ 45 -65   0],[ 50 -75  40],[ 15 -70  30],[-65   0  20]
2108,105015,501525,152510,251050,[ 45 -60   5],[ 55 -75  45],[ 20 -65  30],[-60   5  10]
2109,105015,501530,153010,301050,[ 45 -55  10],[ 60 -75  50],[ 25 -60  30],[-55  10   0]
2110,105015,501535,153510,351050,[ 45 -50  15],[ 65 -75  55],[ 30 -55  30],[-50  15 -10]
2111,105015,501540,154010,401050,[ 45 -45  20],[ 70 -75  60],[ 35 -50  30],[-45  20 -20]
2112,105015,501545,154510,451050,[ 45 -40  25],[ 75 -75  65],[ 40 -45  30],[-40  25 -30]
2113,105020,50200,20010,01050,[ 50 -80 -30],[ 30 -70  10],[  0 -90  20],[-80 -30  60]
2114,105020,50205,20510,51050,[ 50 -75 -25],[ 35 -70  15],[  5 -85  20],[-75 -25  50]
2115,105020,502015,201510,151050,[ 50 -65 -15],[ 45 -70  25],[ 15 -75  20],[-65 -15  30]
2116,105020,502025,202510,251050,[ 50 -55  -5],[ 55 -70  35],[ 25 -65  20],[-55  -5  10]
2117,105020,502030,203010,301050,[ 50 -50   0],[ 60 -70  40],[ 30 -60  20],[-50   0   0]
2118,105020,502035,203510,351050,[ 50 -45   5],[ 65 -70  45],[ 35 -55  20],[-45   5 -10]
2119,105020,502040,204010,401050,[ 50 -40  10],[ 70 -70  50],[ 40 -50  20],[-40  10 -20]
2120,105020,502045,204510,451050,[ 50 -35  15],[ 75 -70  55],[ 45 -45  20],[-35  15 -30]
2121,105025,50250,25010,01050,[ 32 -48  10],[ 30 -88  50],[-18 -40  10],[-98  56 -40]
2122,105025,50255,25510,51050,[ 55 -70 -35],[ 35 -65   5],[ 10 -85  10],[-70 -35  50]
2123,105025,502515,251510,151050,[ 55 -60 -25],[ 45 -65  15],[ 20 -75  10],[-60 -25  30]
2124,105025,502520,252010,201050,[ 55 -55 -20],[ 50 -65  20],[ 25 -70  10],[-55 -20  20]
2125,105025,502530,253010,301050,[ 55 -45 -10],[ 60 -65  30],[ 35 -60  10],[-45 -10   0]
2126,105025,502535,253510,351050,[ 55 -40  -5],[ 65 -65  35],[ 40 -55  10],[-40  -5 -10]
2127,105025,502540,254010,401050,[ 55 -35   0],[ 70 -65  40],[ 45 -50  10],[-35   0 -20]
2128,105025,502545,254510,451050,[ 55 -30   5],[ 75 -65  45],[ 50 -45  10],[-30   5 -30]
2129,105030,50300,30010,01050,[ 60 -70 -50],[ 30 -60 -10],[ 10 -90   0],[-70 -50  60]
2130,105030,50305,30510,51050,[ 60 -65 -45],[ 35 -60  -5],[ 15 -85   0],[-65 -45  50]
2131,105030,503015,301510,151050,[ 60 -55 -35],[ 45 -60   5],[ 25 -75   0],[-55 -35  30]
2132,105030,503020,302010,201050,[ 60 -50 -30],[ 50 -60  10],[ 30 -70   0],[-50 -30  20]
2133,105030,503025,302510,251050,[ 60 -45 -25],[ 55 -60  15],[ 35 -65   0],[-45 -25  10]
2134,105030,503035,303510,351050,[ 60 -35 -15],[ 65 -60  25],[ 45 -55   0],[-35 -15 -10]
2135,105030,503040,304010,401050,[ 60 -30 -10],[ 70 -60  30],[ 50 -50   0],[-30 -10 -20]
2136,105030,503045,304510,451050,[ 60 -25  -5],[ 75 -60  35],[ 55 -45   0],[-25  -5 -30]
2137,105035,50350,35010,01050,[ 33 -47 -10],[ 30 -87  30],[-17 -40 -10],[-97  54 -40]
2138,105035,50355,35510,51050,[ 65 -60 -55],[ 35 -55 -15],[ 20 -85 -10],[-60 -55  50]
2139,105035,503515,351510,151050,[ 65 -50 -45],[ 45 -55  -5],[ 30 -75 -10],[-50 -45  30]
2140,105035,503520,352010,201050,[ 65 -45 -40],[ 50 -55   0],[ 35 -70 -10],[-45 -40  20]
2141,105035,503525,352510,251050,[ 65 -40 -35],[ 55 -55   5],[ 40 -65 -10],[-40 -35  10]
2142,105035,503530,353010,301050,[ 65 -35 -30],[ 60 -55  10],[ 45 -60 -10],[-35 -30   0]
2143,105035,503540,354010,401050,[ 65 -25 -20],[ 70 -55  20],[ 55 -50 -10],[-25 -20 -20]
2144,105035,503545,354510,451050,[ 65 -20 -15],[ 75 -55  25],[ 60 -45 -10],[-20 -15 -30]
2145,105040,50400,40010,01050,[ 70 -60 -70],[ 30 -50 -30],[ 20 -90 -20],[-60 -70  60]
2146,105040,50405,40510,51050,[ 70 -55 -65],[ 35 -50 -25],[ 25 -85 -20],[-55 -65  50]
2147,105040,504015,401510,151050,[ 70 -45 -55],[ 45 -50 -15],[ 35 -75 -20],[-45 -55  30]
2148,105040,504020,402010,201050,[ 70 -40 -50],[ 50 -50 -10],[ 40 -70 -20],[-40 -50  20]
2149,105040,504025,402510,251050,[ 70 -35 -45],[ 55 -50  -5],[ 45 -65 -20],[-35 -45  10]
2150,105040,504030,403010,301050,[ 70 -30 -40],[ 60 -50   0],[ 50 -60 -20],[-30 -40   0]
2151,105040,504035,403510,351050,[ 70 -25 -35],[ 65 -50   5],[ 55 -55 -20],[-25 -35 -10]
2152,105040,504045,404510,451050,[ 70 -15 -25],[ 75 -50  15],[ 65 -45 -20],[-15 -25 -30]
2153,105045,50450,45010,01050,[ 34 -46 -30],[ 30 -86  10],[-16 -40 -30],[-96  52 -40]
2154,105045,50455,45510,51050,[ 75 -50 -75],[ 35 -45 -35],[ 30 -85 -30],[-50 -75  50]
2155,105045,504515,451510,151050,[ 75 -40 -65],[ 45 -45 -25],[ 40 -75 -30],[-40 -65  30]
2156,105045,504520,452010,201050,[ 75 -35 -60],[ 50 -45 -20],[ 45 -70 -30],[-35 -60  20]
2157,105045,504525,452510,251050,[ 75 -30 -55],[ 55 -45 -15],[ 50 -65 -30],[-30 -55  10]
2158,105045,504530,453010,301050,[ 75 -25 -50],[ 60 -45 -10],[ 55 -60 -30],[-25 -50   0]
2159,105045,504535,453510,351050,[ 75 -20 -45],[ 65 -45  -5],[ 60 -55 -30],[-20 -45 -10]
2160,105045,504540,454010,401050,[ 75 -15 -40],[ 70 -45   0],[ 65 -50 -30],[-15 -40 -20]
2161,1505,0510,51015,10150,[  3 -85  15],[  8 -94  50],[ 13 -89  55],[15  1 45]
2162,1505,0520,52015,20150,[  3 -75  25],[ 18 -94  60],[ 23 -79  55],[25 11 25]
2163,1505,0525,52515,25150,[  3 -70  30],[ 23 -94  65],[ 28 -74  55],[30 16 15]
2164,1505,0530,53015,30150,[  3 -65  35],[ 28 -94  70],[ 33 -69  55],[35 21  5]
2165,1505,0535,53515,35150,[  3 -60  40],[ 33 -94  75],[ 38 -64  55],[40 26 -5]
2166,1505,0540,54015,40150,[  3 -55  45],[ 38 -94  80],[ 43 -59  55],[ 45  31 -15]
2167,1505,0545,54515,45150,[  3 -50  50],[ 43 -94  85],[ 48 -54  55],[ 50  36 -25]
2168,1505,0550,55015,50150,[  3 -45  55],[ 48 -94  90],[ 53 -49  55],[ 55  41 -35]
2169,15010,0105,10515,5150,[  8 -85   0],[  3 -89  35],[ 13 -94  45],[ 15 -14  55]
2170,15010,01020,102015,20150,[  8 -70  15],[ 18 -89  50],[ 28 -79  45],[30  1 25]
2171,15010,01025,102515,25150,[  8 -65  20],[ 23 -89  55],[ 33 -74  45],[35  6 15]
2172,15010,01030,103015,30150,[  8 -60  25],[ 28 -89  60],[ 38 -69  45],[40 11  5]
2173,15010,01035,103515,35150,[  8 -55  30],[ 33 -89  65],[ 43 -64  45],[45 16 -5]
2174,15010,01040,104015,40150,[  8 -50  35],[ 38 -89  70],[ 48 -59  45],[ 50  21 -15]
2175,15010,01045,104515,45150,[  8 -45  40],[ 43 -89  75],[ 53 -54  45],[ 55  26 -25]
2176,15010,01050,105015,50150,[  8 -40  45],[ 48 -89  80],[ 58 -49  45],[ 60  31 -35]
2177,15020,0205,20515,5150,[ 18 -75 -20],[  3 -79  15],[ 23 -94  25],[ 25 -34  55]
2178,15020,02010,201015,10150,[ 18 -70 -15],[  8 -79  20],[ 28 -89  25],[ 30 -29  45]
2179,15020,02025,202515,25150,[ 18 -55   0],[ 23 -79  35],[ 43 -74  25],[ 45 -14  15]
2180,15020,02030,203015,30150,[ 18 -50   5],[ 28 -79  40],[ 48 -69  25],[50 -9  5]
2181,15020,02035,203515,35150,[ 18 -45  10],[ 33 -79  45],[ 53 -64  25],[55 -4 -5]
2182,15020,02040,204015,40150,[ 18 -40  15],[ 38 -79  50],[ 58 -59  25],[ 60   1 -15]
2183,15020,02045,204515,45150,[ 18 -35  20],[ 43 -79  55],[ 63 -54  25],[ 65   6 -25]
2184,15020,02050,205015,50150,[ 18 -30  25],[ 48 -79  60],[ 68 -49  25],[ 70  11 -35]
2185,15025,0255,25515,5150,[ 23 -70 -30],[  3 -74   5],[ 28 -94  15],[ 30 -44  55]
2186,15025,02510,251015,10150,[ 23 -65 -25],[  8 -74  10],[ 33 -89  15],[ 35 -39  45]
2187,15025,02520,252015,20150,[ 23 -55 -15],[ 18 -74  20],[ 43 -79  15],[ 45 -29  25]
2188,15025,02530,253015,30150,[ 23 -45  -5],[ 28 -74  30],[ 53 -69  15],[ 55 -19   5]
2189,15025,02535,253515,35150,[ 23 -40   0],[ 33 -74  35],[ 58 -64  15],[ 60 -14  -5]
2190,15025,02540,254015,40150,[ 23 -35   5],[ 38 -74  40],[ 63 -59  15],[ 65  -9 -15]
2191,15025,02545,254515,45150,[ 23 -30  10],[ 43 -74  45],[ 68 -54  15],[ 70  -4 -25]
2192,15025,02550,255015,50150,[ 23 -25  15],[ 48 -74  50],[ 73 -49  15],[ 75   1 -35]
2193,15030,0305,30515,5150,[ 28 -65 -40],[  3 -69  -5],[ 33 -94   5],[ 35 -54  55]
2194,15030,03010,301015,10150,[ 28 -60 -35],[  8 -69   0],[ 38 -89   5],[ 40 -49  45]
2195,15030,03020,302015,20150,[ 28 -50 -25],[ 18 -69  10],[ 48 -79   5],[ 50 -39  25]
2196,15030,03025,302515,25150,[ 28 -45 -20],[ 23 -69  15],[ 53 -74   5],[ 55 -34  15]
2197,15030,03035,303515,35150,[ 28 -35 -10],[ 33 -69  25],[ 63 -64   5],[ 65 -24  -5]
2198,15030,03040,304015,40150,[ 28 -30  -5],[ 38 -69  30],[ 68 -59   5],[ 70 -19 -15]
2199,15030,03045,304515,45150,[ 28 -25   0],[ 43 -69  35],[ 73 -54   5],[ 75 -14 -25]
2200,15030,03050,305015,50150,[ 28 -20   5],[ 48 -69  40],[ 78 -49   5],[ 80  -9 -35]
2201,15035,0355,35515,5150,[ 33 -60 -50],[  3 -64 -15],[ 38 -94  -5],[ 40 -64  55]
2202,15035,03510,351015,10150,[ 33 -55 -45],[  8 -64 -10],[ 43 -89  -5],[ 45 -59  45]
2203,15035,03520,352015,20150,[ 33 -45 -35],[ 18 -64   0],[ 53 -79  -5],[ 55 -49  25]
2204,15035,03525,352515,25150,[ 33 -40 -30],[ 23 -64   5],[ 58 -74  -5],[ 60 -44  15]
2205,15035,03530,353015,30150,[ 33 -35 -25],[ 28 -64  10],[ 63 -69  -5],[ 65 -39   5]
2206,15035,03540,354015,40150,[ 33 -25 -15],[ 38 -64  20],[ 73 -59  -5],[ 75 -29 -15]
2207,15035,03545,354515,45150,[ 33 -20 -10],[ 43 -64  25],[ 78 -54  -5],[ 80 -24 -25]
2208,15035,03550,355015,50150,[ 33 -15  -5],[ 48 -64  30],[ 83 -49  -5],[ 85 -19 -35]
2209,15040,0405,40515,5150,[ 38 -55 -60],[  3 -59 -25],[ 43 -94 -15],[ 45 -74  55]
2210,15040,04010,401015,10150,[ 38 -50 -55],[  8 -59 -20],[ 48 -89 -15],[ 50 -69  45]
2211,15040,04020,402015,20150,[ 38 -40 -45],[ 18 -59 -10],[ 58 -79 -15],[ 60 -59  25]
2212,15040,04025,402515,25150,[ 38 -35 -40],[ 23 -59  -5],[ 63 -74 -15],[ 65 -54  15]
2213,15040,04030,403015,30150,[ 38 -30 -35],[ 28 -59   0],[ 68 -69 -15],[ 70 -49   5]
2214,15040,04035,403515,35150,[ 38 -25 -30],[ 33 -59   5],[ 73 -64 -15],[ 75 -44  -5]
2215,15040,04045,404515,45150,[ 38 -15 -20],[ 43 -59  15],[ 83 -54 -15],[ 85 -34 -25]
2216,15040,04050,405015,50150,[ 38 -10 -15],[ 48 -59  20],[ 88 -49 -15],[ 90 -29 -35]
2217,15045,0455,45515,5150,[ 43 -50 -70],[  3 -54 -35],[ 48 -94 -25],[ 50 -84  55]
2218,15045,04510,451015,10150,[ 43 -45 -65],[  8 -54 -30],[ 53 -89 -25],[ 55 -79  45]
2219,15045,04520,452015,20150,[ 43 -35 -55],[ 18 -54 -20],[ 63 -79 -25],[ 65 -69  25]
2220,15045,04525,452515,25150,[ 43 -30 -50],[ 23 -54 -15],[ 68 -74 -25],[ 70 -64  15]
2221,15045,04530,453015,30150,[ 43 -25 -45],[ 28 -54 -10],[ 73 -69 -25],[ 75 -59   5]
2222,15045,04535,453515,35150,[ 43 -20 -40],[ 33 -54  -5],[ 78 -64 -25],[ 80 -54  -5]
2223,15045,04540,454015,40150,[ 43 -15 -35],[ 38 -54   0],[ 83 -59 -25],[ 85 -49 -15]
2224,15045,04550,455015,50150,[ 43  -5 -25],[ 48 -54  10],[ 93 -49 -25],[ 95 -39 -35]
2225,15050,0505,50515,5150,[ 48 -45 -80],[  3 -49 -45],[ 53 -94 -35],[ 55 -94  55]
2226,15050,05010,501015,10150,[ 48 -40 -75],[  8 -49 -40],[ 58 -89 -35],[ 60 -89  45]
2227,15050,05020,502015,20150,[ 48 -30 -65],[ 18 -49 -30],[ 68 -79 -35],[ 70 -79  25]
2228,15050,05025,502515,25150,[ 48 -25 -60],[ 23 -49 -25],[ 73 -74 -35],[ 75 -74  15]
2229,15050,05030,503015,30150,[ 48 -20 -55],[ 28 -49 -20],[ 78 -69 -35],[ 80 -69   5]
2230,15050,05035,503515,35150,[ 48 -15 -50],[ 33 -49 -15],[ 83 -64 -35],[ 85 -64  -5]
2231,15050,05040,504015,40150,[ 48 -10 -45],[ 38 -49 -10],[ 88 -59 -35],[ 90 -59 -15]
2232,15050,05045,504515,45150,[ 48  -5 -40],[ 43 -49  -5],[ 93 -54 -35],[ 95 -54 -25]
2233,1550,5010,01015,10155,[  3   0 -75],[ 13   5 -85],[  8  15 -80],[ 0 25  0]
2234,1550,5020,02015,20155,[  3  10 -65],[ 23   5 -75],[ 18  25 -80],[ 10  35 -20]
2235,1550,5025,02515,25155,[  3  15 -60],[ 28   5 -70],[ 23  30 -80],[ 15  40 -30]
2236,1550,5030,03015,30155,[  3  20 -55],[ 33   5 -65],[ 28  35 -80],[ 20  45 -40]
2237,1550,5035,03515,35155,[  3  25 -50],[ 38   5 -60],[ 33  40 -80],[ 25  50 -50]
2238,1550,5040,04015,40155,[  3  30 -45],[ 43   5 -55],[ 38  45 -80],[ 30  55 -60]
2239,1550,5045,04515,45155,[  3  35 -40],[ 48   5 -50],[ 43  50 -80],[ 35  60 -70]
2240,1550,5050,05015,50155,[  3  40 -35],[ 53   5 -45],[ 48  55 -80],[ 40  65 -80]
2241,15510,5100,10015,0155,[-15   0  -5],[-25  15 -15],[-20   5   0],[ 0 -5 20]
2242,15510,51020,102015,20155,[-15  20  15],[-5 15  5],[ 0 25  0],[ 20  15 -20]
2243,15510,51025,102515,25155,[-15  25  20],[ 0 15 10],[ 5 30  0],[ 25  20 -30]
2244,15510,51030,103015,30155,[-15  30  25],[ 5 15 15],[10 35  0],[ 30  25 -40]
2245,15510,51035,103515,35155,[-15  35  30],[10 15 20],[15 40  0],[ 35  30 -50]
2246,15510,51040,104015,40155,[-15  40  35],[15 15 25],[20 45  0],[ 40  35 -60]
2247,15510,51045,104515,45155,[-15  45  40],[20 15 30],[25 50  0],[ 45  40 -70]
2248,15510,51050,105015,50155,[-15  50  45],[25 15 35],[30 55  0],[ 50  45 -80]
2249,15520,5200,20015,0155,[ -5  10 -25],[-25  25 -35],[-10   5 -20],[ 10 -25  20]
2250,15520,52010,201015,10155,[ -5  20 -15],[-15  25 -25],[  0  15 -20],[ 20 -15   0]
2251,15520,52025,202515,25155,[-5 35  0],[  0  25 -10],[ 15  30 -20],[ 35   0 -30]
2252,15520,52030,203015,30155,[-5 40  5],[ 5 25 -5],[ 20  35 -20],[ 40   5 -40]
2253,15520,52035,203515,35155,[-5 45 10],[10 25  0],[ 25  40 -20],[ 45  10 -50]
2254,15520,52040,204015,40155,[-5 50 15],[15 25  5],[ 30  45 -20],[ 50  15 -60]
2255,15520,52045,204515,45155,[-5 55 20],[20 25 10],[ 35  50 -20],[ 55  20 -70]
2256,15520,52050,205015,50155,[-5 60 25],[25 25 15],[ 40  55 -20],[ 60  25 -80]
2257,15525,5250,25015,0155,[-23  42  15],[-25   7   5],[-28  55 -30],[ -8  61 -80]
2258,15525,52510,251015,10155,[  0  25 -25],[-15  30 -35],[  5  15 -30],[ 25 -25   0]
2259,15525,52520,252015,20155,[  0  35 -15],[ -5  30 -25],[ 15  25 -30],[ 35 -15 -20]
2260,15525,52530,253015,30155,[ 0 45 -5],[  5  30 -15],[ 25  35 -30],[ 45  -5 -40]
2261,15525,52535,253515,35155,[ 0 50  0],[ 10  30 -10],[ 30  40 -30],[ 50   0 -50]
2262,15525,52540,254015,40155,[ 0 55  5],[15 30 -5],[ 35  45 -30],[ 55   5 -60]
2263,15525,52545,254515,45155,[ 0 60 10],[20 30  0],[ 40  50 -30],[ 60  10 -70]
2264,15525,52550,255015,50155,[ 0 65 15],[25 30  5],[ 45  55 -30],[ 65  15 -80]
2265,15530,5300,30015,0155,[  5  20 -45],[-25  35 -55],[  0   5 -40],[ 20 -45  20]
2266,15530,53010,301015,10155,[  5  30 -35],[-15  35 -45],[ 10  15 -40],[ 30 -35   0]
2267,15530,53020,302015,20155,[  5  40 -25],[ -5  35 -35],[ 20  25 -40],[ 40 -25 -20]
2268,15530,53025,302515,25155,[  5  45 -20],[  0  35 -30],[ 25  30 -40],[ 45 -20 -30]
2269,15530,53035,303515,35155,[  5  55 -10],[ 10  35 -20],[ 35  40 -40],[ 55 -10 -50]
2270,15530,53040,304015,40155,[ 5 60 -5],[ 15  35 -15],[ 40  45 -40],[ 60  -5 -60]
2271,15530,53045,304515,45155,[ 5 65  0],[ 20  35 -10],[ 45  50 -40],[ 65   0 -70]
2272,15530,53050,305015,50155,[ 5 70  5],[25 35 -5],[ 50  55 -40],[ 70   5 -80]
2273,15535,5350,35015,0155,[-22  43  -5],[-25   8 -15],[-27  55 -50],[ -7  59 -80]
2274,15535,53510,351015,10155,[ 10  35 -45],[-15  40 -55],[ 15  15 -50],[ 35 -45   0]
2275,15535,53520,352015,20155,[ 10  45 -35],[ -5  40 -45],[ 25  25 -50],[ 45 -35 -20]
2276,15535,53525,352515,25155,[ 10  50 -30],[  0  40 -40],[ 30  30 -50],[ 50 -30 -30]
2277,15535,53530,353015,30155,[ 10  55 -25],[  5  40 -35],[ 35  35 -50],[ 55 -25 -40]
2278,15535,53540,354015,40155,[ 10  65 -15],[ 15  40 -25],[ 45  45 -50],[ 65 -15 -60]
2279,15535,53545,354515,45155,[ 10  70 -10],[ 20  40 -20],[ 50  50 -50],[ 70 -10 -70]
2280,15535,53550,355015,50155,[10 75 -5],[ 25  40 -15],[ 55  55 -50],[ 75  -5 -80]
2281,15540,5400,40015,0155,[ 15  30 -65],[-25  45 -75],[ 10   5 -60],[ 30 -65  20]
2282,15540,54010,401015,10155,[ 15  40 -55],[-15  45 -65],[ 20  15 -60],[ 40 -55   0]
2283,15540,54020,402015,20155,[ 15  50 -45],[ -5  45 -55],[ 30  25 -60],[ 50 -45 -20]
2284,15540,54025,402515,25155,[ 15  55 -40],[  0  45 -50],[ 35  30 -60],[ 55 -40 -30]
2285,15540,54030,403015,30155,[ 15  60 -35],[  5  45 -45],[ 40  35 -60],[ 60 -35 -40]
2286,15540,54035,403515,35155,[ 15  65 -30],[ 10  45 -40],[ 45  40 -60],[ 65 -30 -50]
2287,15540,54045,404515,45155,[ 15  75 -20],[ 20  45 -30],[ 55  50 -60],[ 75 -20 -70]
2288,15540,54050,405015,50155,[ 15  80 -15],[ 25  45 -25],[ 60  55 -60],[ 80 -15 -80]
2289,15545,5450,45015,0155,[-21  44 -25],[-25   9 -35],[-26  55 -70],[ -6  57 -80]
2290,15545,54510,451015,10155,[ 20  45 -65],[-15  50 -75],[ 25  15 -70],[ 45 -65   0]
2291,15545,54520,452015,20155,[ 20  55 -55],[ -5  50 -65],[ 35  25 -70],[ 55 -55 -20]
2292,15545,54525,452515,25155,[ 20  60 -50],[  0  50 -60],[ 40  30 -70],[ 60 -50 -30]
2293,15545,54530,453015,30155,[ 20  65 -45],[  5  50 -55],[ 45  35 -70],[ 65 -45 -40]
2294,15545,54535,453515,35155,[ 20  70 -40],[ 10  50 -50],[ 50  40 -70],[ 70 -40 -50]
2295,15545,54540,454015,40155,[ 20  75 -35],[ 15  50 -45],[ 55  45 -70],[ 75 -35 -60]
2296,15545,54550,455015,50155,[ 20  85 -25],[ 25  50 -35],[ 65  55 -70],[ 85 -25 -80]
2297,15550,5500,50015,0155,[ 25  40 -85],[-25  55 -95],[ 20   5 -80],[ 40 -85  20]
2298,15550,55010,501015,10155,[ 25  50 -75],[-15  55 -85],[ 30  15 -80],[ 50 -75   0]
2299,15550,55020,502015,20155,[ 25  60 -65],[ -5  55 -75],[ 40  25 -80],[ 60 -65 -20]
2300,15550,55025,502515,25155,[ 25  65 -60],[  0  55 -70],[ 45  30 -80],[ 65 -60 -30]
2301,15550,55030,503015,30155,[ 25  70 -55],[  5  55 -65],[ 50  35 -80],[ 70 -55 -40]
2302,15550,55035,503515,35155,[ 25  75 -50],[ 10  55 -60],[ 55  40 -80],[ 75 -50 -50]
2303,15550,55040,504015,40155,[ 25  80 -45],[ 15  55 -55],[ 60  45 -80],[ 80 -45 -60]
2304,15550,55045,504515,45155,[ 25  85 -40],[ 20  55 -50],[ 65  50 -80],[ 85 -40 -70]
2305,15100,1005,0515,51510,[-20 -15  20],[-15  -5  15],[-25   0  25],[-15  20  15]
2306,15100,10020,02015,201510,[-20   0  35],[ 0 -5 30],[-10  15  25],[  0  35 -15]
2307,15100,10025,02515,251510,[-20   5  40],[ 5 -5 35],[-5 20 25],[  5  40 -25]
2308,15100,10030,03015,301510,[-20  10  45],[10 -5 40],[ 0 25 25],[ 10  45 -35]
2309,15100,10035,03515,351510,[-20  15  50],[15 -5 45],[ 5 30 25],[ 15  50 -45]
2310,15100,10040,04015,401510,[-20  20  55],[20 -5 50],[10 35 25],[ 20  55 -55]
2311,15100,10045,04515,451510,[-20  25  60],[25 -5 55],[15 40 25],[ 25  60 -65]
2312,15100,10050,05015,501510,[-20  30  65],[30 -5 60],[20 45 25],[ 30  65 -75]
2313,15105,1050,5015,01510,[-24 -20  55],[-29  -5  50],[-25  -5  15],[  3  15 -75]
2314,15105,10520,52015,201510,[-15   5  25],[ 0  0 20],[-5 15 15],[  5  25 -15]
2315,15105,10525,52515,251510,[-15  10  30],[ 5  0 25],[ 0 20 15],[ 10  30 -25]
2316,15105,10530,53015,301510,[-15  15  35],[10  0 30],[ 5 25 15],[ 15  35 -35]
2317,15105,10535,53515,351510,[-15  20  40],[15  0 35],[10 30 15],[ 20  40 -45]
2318,15105,10540,54015,401510,[-15  25  45],[20  0 40],[15 35 15],[ 25  45 -55]
2319,15105,10545,54515,451510,[-15  30  50],[25  0 45],[20 40 15],[ 30  50 -65]
2320,15105,10550,55015,501510,[-15  35  55],[30  0 50],[25 45 15],[ 35  55 -75]
2321,151020,10200,20015,01510,[  0   0 -25],[-20  15 -30],[-10  -5 -15],[  0 -25  25]
2322,151020,10205,20515,51510,[  0   5 -20],[-15  15 -25],[ -5   0 -15],[  5 -20  15]
2323,151020,102025,202515,251510,[ 0 25  0],[ 5 15 -5],[ 15  20 -15],[ 25   0 -25]
2324,151020,102030,203015,301510,[ 0 30  5],[10 15  0],[ 20  25 -15],[ 30   5 -35]
2325,151020,102035,203515,351510,[ 0 35 10],[15 15  5],[ 25  30 -15],[ 35  10 -45]
2326,151020,102040,204015,401510,[ 0 40 15],[20 15 10],[ 30  35 -15],[ 40  15 -55]
2327,151020,102045,204515,451510,[ 0 45 20],[25 15 15],[ 35  40 -15],[ 45  20 -65]
2328,151020,102050,205015,501510,[ 0 50 25],[30 15 20],[ 40  45 -15],[ 50  25 -75]
2329,151025,10250,25015,01510,[-18  32  15],[-20  -3  10],[-28  45 -25],[-18  61 -75]
2330,151025,10255,25515,51510,[  5  10 -30],[-15  20 -35],[  0   0 -25],[ 10 -30  15]
2331,151025,102520,252015,201510,[  5  25 -15],[  0  20 -20],[ 15  15 -25],[ 25 -15 -15]
2332,151025,102530,253015,301510,[ 5 35 -5],[ 10  20 -10],[ 25  25 -25],[ 35  -5 -35]
2333,151025,102535,253515,351510,[ 5 40  0],[15 20 -5],[ 30  30 -25],[ 40   0 -45]
2334,151025,102540,254015,401510,[ 5 45  5],[20 20  0],[ 35  35 -25],[ 45   5 -55]
2335,151025,102545,254515,451510,[ 5 50 10],[25 20  5],[ 40  40 -25],[ 50  10 -65]
2336,151025,102550,255015,501510,[ 5 55 15],[30 20 10],[ 45  45 -25],[ 55  15 -75]
2337,151030,10300,30015,01510,[ 10  10 -45],[-20  25 -50],[  0  -5 -35],[ 10 -45  25]
2338,151030,10305,30515,51510,[ 10  15 -40],[-15  25 -45],[  5   0 -35],[ 15 -40  15]
2339,151030,103020,302015,201510,[ 10  30 -25],[  0  25 -30],[ 20  15 -35],[ 30 -25 -15]
2340,151030,103025,302515,251510,[ 10  35 -20],[  5  25 -25],[ 25  20 -35],[ 35 -20 -25]
2341,151030,103035,303515,351510,[ 10  45 -10],[ 15  25 -15],[ 35  30 -35],[ 45 -10 -45]
2342,151030,103040,304015,401510,[10 50 -5],[ 20  25 -10],[ 40  35 -35],[ 50  -5 -55]
2343,151030,103045,304515,451510,[10 55  0],[25 25 -5],[ 45  40 -35],[ 55   0 -65]
2344,151030,103050,305015,501510,[10 60  5],[30 25  0],[ 50  45 -35],[ 60   5 -75]
2345,151035,10350,35015,01510,[-17  33  -5],[-20  -2 -10],[-27  45 -45],[-17  59 -75]
2346,151035,10355,35515,51510,[ 15  20 -50],[-15  30 -55],[ 10   0 -45],[ 20 -50  15]
2347,151035,103520,352015,201510,[ 15  35 -35],[  0  30 -40],[ 25  15 -45],[ 35 -35 -15]
2348,151035,103525,352515,251510,[ 15  40 -30],[  5  30 -35],[ 30  20 -45],[ 40 -30 -25]
2349,151035,103530,353015,301510,[ 15  45 -25],[ 10  30 -30],[ 35  25 -45],[ 45 -25 -35]
2350,151035,103540,354015,401510,[ 15  55 -15],[ 20  30 -20],[ 45  35 -45],[ 55 -15 -55]
2351,151035,103545,354515,451510,[ 15  60 -10],[ 25  30 -15],[ 50  40 -45],[ 60 -10 -65]
2352,151035,103550,355015,501510,[15 65 -5],[ 30  30 -10],[ 55  45 -45],[ 65  -5 -75]
2353,151040,10400,40015,01510,[ 20  20 -65],[-20  35 -70],[ 10  -5 -55],[ 20 -65  25]
2354,151040,10405,40515,51510,[ 20  25 -60],[-15  35 -65],[ 15   0 -55],[ 25 -60  15]
2355,151040,104020,402015,201510,[ 20  40 -45],[  0  35 -50],[ 30  15 -55],[ 40 -45 -15]
2356,151040,104025,402515,251510,[ 20  45 -40],[  5  35 -45],[ 35  20 -55],[ 45 -40 -25]
2357,151040,104030,403015,301510,[ 20  50 -35],[ 10  35 -40],[ 40  25 -55],[ 50 -35 -35]
2358,151040,104035,403515,351510,[ 20  55 -30],[ 15  35 -35],[ 45  30 -55],[ 55 -30 -45]
2359,151040,104045,404515,451510,[ 20  65 -20],[ 25  35 -25],[ 55  40 -55],[ 65 -20 -65]
2360,151040,104050,405015,501510,[ 20  70 -15],[ 30  35 -20],[ 60  45 -55],[ 70 -15 -75]
2361,151045,10450,45015,01510,[-16  34 -25],[-20  -1 -30],[-26  45 -65],[-16  57 -75]
2362,151045,10455,45515,51510,[ 25  30 -70],[-15  40 -75],[ 20   0 -65],[ 30 -70  15]
2363,151045,104520,452015,201510,[ 25  45 -55],[  0  40 -60],[ 35  15 -65],[ 45 -55 -15]
2364,151045,104525,452515,251510,[ 25  50 -50],[  5  40 -55],[ 40  20 -65],[ 50 -50 -25]
2365,151045,104530,453015,301510,[ 25  55 -45],[ 10  40 -50],[ 45  25 -65],[ 55 -45 -35]
2366,151045,104535,453515,351510,[ 25  60 -40],[ 15  40 -45],[ 50  30 -65],[ 60 -40 -45]
2367,151045,104540,454015,401510,[ 25  65 -35],[ 20  40 -40],[ 55  35 -65],[ 65 -35 -55]
2368,151045,104550,455015,501510,[ 25  75 -25],[ 30  40 -30],[ 65  45 -65],[ 75 -25 -75]
2369,151050,10500,50015,01510,[ 30  30 -85],[-20  45 -90],[ 20  -5 -75],[ 30 -85  25]
2370,151050,10505,50515,51510,[ 30  35 -80],[-15  45 -85],[ 25   0 -75],[ 35 -80  15]
2371,151050,105020,502015,201510,[ 30  50 -65],[  0  45 -70],[ 40  15 -75],[ 50 -65 -15]
2372,151050,105025,502515,251510,[ 30  55 -60],[  5  45 -65],[ 45  20 -75],[ 55 -60 -25]
2373,151050,105030,503015,301510,[ 30  60 -55],[ 10  45 -60],[ 50  25 -75],[ 60 -55 -35]
2374,151050,105035,503515,351510,[ 30  65 -50],[ 15  45 -55],[ 55  30 -75],[ 65 -50 -45]
2375,151050,105040,504015,401510,[ 30  70 -45],[ 20  45 -50],[ 60  35 -75],[ 70 -45 -55]
2376,151050,105045,504515,451510,[ 30  75 -40],[ 25  45 -45],[ 65  40 -75],[ 75 -40 -65]
2377,15200,2005,0515,51520,[-10 -35  20],[ -5 -25  25],[-25 -20  35],[-35  20  25]
2378,15200,20010,01015,101520,[-10 -30  25],[  0 -25  30],[-20 -15  35],[-30  25  15]
2379,15200,20025,02515,251520,[-10 -15  40],[ 15 -25  45],[-5  0 35],[-15  40 -15]
2380,15200,20030,03015,301520,[-10 -10  45],[ 20 -25  50],[ 0  5 35],[-10  45 -25]
2381,15200,20035,03515,351520,[-10  -5  50],[ 25 -25  55],[ 5 10 35],[ -5  50 -35]
2382,15200,20040,04015,401520,[-10   0  55],[ 30 -25  60],[10 15 35],[  0  55 -45]
2383,15200,20045,04515,451520,[-10   5  60],[ 35 -25  65],[15 20 35],[  5  60 -55]
2384,15200,20050,05015,501520,[-10  10  65],[ 40 -25  70],[20 25 35],[ 10  65 -65]
2385,15205,2050,5015,01520,[-23 -40  55],[-28 -25  60],[-25 -25  25],[  1  15 -65]
2386,15205,20510,51015,101520,[ -5 -25  15],[  0 -20  20],[-15 -15  25],[-25  15  15]
2387,15205,20525,52515,251520,[ -5 -10  30],[ 15 -20  35],[ 0  0 25],[-10  30 -15]
2388,15205,20530,53015,301520,[-5 -5 35],[ 20 -20  40],[ 5  5 25],[ -5  35 -25]
2389,15205,20535,53515,351520,[-5  0 40],[ 25 -20  45],[10 10 25],[  0  40 -35]
2390,15205,20540,54015,401520,[-5  5 45],[ 30 -20  50],[15 15 25],[  5  45 -45]
2391,15205,20545,54515,451520,[-5 10 50],[ 35 -20  55],[20 20 25],[ 10  50 -55]
2392,15205,20550,55015,501520,[-5 15 55],[ 40 -20  60],[25 25 25],[ 15  55 -65]
2393,152010,20100,10015,01520,[  0 -30  -5],[-10 -15   0],[-20 -25  15],[-30  -5  35]
2394,152010,20105,10515,51520,[  0 -25   0],[ -5 -15   5],[-15 -20  15],[-25   0  25]
2395,152010,201025,102515,251520,[ 0 -5 20],[ 15 -15  25],[ 5  0 15],[ -5  20 -15]
2396,152010,201030,103015,301520,[ 0  0 25],[ 20 -15  30],[10  5 15],[  0  25 -25]
2397,152010,201035,103515,351520,[ 0  5 30],[ 25 -15  35],[15 10 15],[  5  30 -35]
2398,152010,201040,104015,401520,[ 0 10 35],[ 30 -15  40],[20 15 15],[ 10  35 -45]
2399,152010,201045,104515,451520,[ 0 15 40],[ 35 -15  45],[25 20 15],[ 15  40 -55]
2400,152010,201050,105015,501520,[ 0 20 45],[ 40 -15  50],[30 25 15],[ 20  45 -65]
2401,152025,20250,25015,01520,[-8 12 15],[-10 -23  20],[-28  25 -15],[-38  61 -65]
2402,152025,20255,25515,51520,[ 15 -10 -30],[ -5   0 -25],[  0 -20 -15],[-10 -30  25]
2403,152025,202510,251015,101520,[ 15  -5 -25],[  0   0 -20],[  5 -15 -15],[ -5 -25  15]
2404,152025,202530,253015,301520,[15 15 -5],[20  0  0],[ 25   5 -15],[ 15  -5 -25]
2405,152025,202535,253515,351520,[15 20  0],[25  0  5],[ 30  10 -15],[ 20   0 -35]
2406,152025,202540,254015,401520,[15 25  5],[30  0 10],[ 35  15 -15],[ 25   5 -45]
2407,152025,202545,254515,451520,[15 30 10],[35  0 15],[ 40  20 -15],[ 30  10 -55]
2408,152025,202550,255015,501520,[15 35 15],[40  0 20],[ 45  25 -15],[ 35  15 -65]
2409,152030,20300,30015,01520,[ 20 -10 -45],[-10   5 -40],[  0 -25 -25],[-10 -45  35]
2410,152030,20305,30515,51520,[ 20  -5 -40],[ -5   5 -35],[  5 -20 -25],[ -5 -40  25]
2411,152030,203010,301015,101520,[ 20   0 -35],[  0   5 -30],[ 10 -15 -25],[  0 -35  15]
2412,152030,203025,302515,251520,[ 20  15 -20],[ 15   5 -15],[ 25   0 -25],[ 15 -20 -15]
2413,152030,203035,303515,351520,[ 20  25 -10],[25  5 -5],[ 35  10 -25],[ 25 -10 -35]
2414,152030,203040,304015,401520,[20 30 -5],[30  5  0],[ 40  15 -25],[ 30  -5 -45]
2415,152030,203045,304515,451520,[20 35  0],[35  5  5],[ 45  20 -25],[ 35   0 -55]
2416,152030,203050,305015,501520,[20 40  5],[40  5 10],[ 50  25 -25],[ 40   5 -65]
2417,152035,20350,35015,01520,[-7 13 -5],[-10 -22   0],[-27  25 -35],[-37  59 -65]
2418,152035,20355,35515,51520,[ 25   0 -50],[ -5  10 -45],[ 10 -20 -35],[  0 -50  25]
2419,152035,203510,351015,101520,[ 25   5 -45],[  0  10 -40],[ 15 -15 -35],[  5 -45  15]
2420,152035,203525,352515,251520,[ 25  20 -30],[ 15  10 -25],[ 30   0 -35],[ 20 -30 -15]
2421,152035,203530,353015,301520,[ 25  25 -25],[ 20  10 -20],[ 35   5 -35],[ 25 -25 -25]
2422,152035,203540,354015,401520,[ 25  35 -15],[ 30  10 -10],[ 45  15 -35],[ 35 -15 -45]
2423,152035,203545,354515,451520,[ 25  40 -10],[35 10 -5],[ 50  20 -35],[ 40 -10 -55]
2424,152035,203550,355015,501520,[25 45 -5],[40 10  0],[ 55  25 -35],[ 45  -5 -65]
2425,152040,20400,40015,01520,[ 30   0 -65],[-10  15 -60],[ 10 -25 -45],[  0 -65  35]
2426,152040,20405,40515,51520,[ 30   5 -60],[ -5  15 -55],[ 15 -20 -45],[  5 -60  25]
2427,152040,204010,401015,101520,[ 30  10 -55],[  0  15 -50],[ 20 -15 -45],[ 10 -55  15]
2428,152040,204025,402515,251520,[ 30  25 -40],[ 15  15 -35],[ 35   0 -45],[ 25 -40 -15]
2429,152040,204030,403015,301520,[ 30  30 -35],[ 20  15 -30],[ 40   5 -45],[ 30 -35 -25]
2430,152040,204035,403515,351520,[ 30  35 -30],[ 25  15 -25],[ 45  10 -45],[ 35 -30 -35]
2431,152040,204045,404515,451520,[ 30  45 -20],[ 35  15 -15],[ 55  20 -45],[ 45 -20 -55]
2432,152040,204050,405015,501520,[ 30  50 -15],[ 40  15 -10],[ 60  25 -45],[ 50 -15 -65]
2433,152045,20450,45015,01520,[ -6  14 -25],[-10 -21 -20],[-26  25 -55],[-36  57 -65]
2434,152045,20455,45515,51520,[ 35  10 -70],[ -5  20 -65],[ 20 -20 -55],[ 10 -70  25]
2435,152045,204510,451015,101520,[ 35  15 -65],[  0  20 -60],[ 25 -15 -55],[ 15 -65  15]
2436,152045,204525,452515,251520,[ 35  30 -50],[ 15  20 -45],[ 40   0 -55],[ 30 -50 -15]
2437,152045,204530,453015,301520,[ 35  35 -45],[ 20  20 -40],[ 45   5 -55],[ 35 -45 -25]
2438,152045,204535,453515,351520,[ 35  40 -40],[ 25  20 -35],[ 50  10 -55],[ 40 -40 -35]
2439,152045,204540,454015,401520,[ 35  45 -35],[ 30  20 -30],[ 55  15 -55],[ 45 -35 -45]
2440,152045,204550,455015,501520,[ 35  55 -25],[ 40  20 -20],[ 65  25 -55],[ 55 -25 -65]
2441,152050,20500,50015,01520,[ 40  10 -85],[-10  25 -80],[ 20 -25 -65],[ 10 -85  35]
2442,152050,20505,50515,51520,[ 40  15 -80],[ -5  25 -75],[ 25 -20 -65],[ 15 -80  25]
2443,152050,205010,501015,101520,[ 40  20 -75],[  0  25 -70],[ 30 -15 -65],[ 20 -75  15]
2444,152050,205025,502515,251520,[ 40  35 -60],[ 15  25 -55],[ 45   0 -65],[ 35 -60 -15]
2445,152050,205030,503015,301520,[ 40  40 -55],[ 20  25 -50],[ 50   5 -65],[ 40 -55 -25]
2446,152050,205035,503515,351520,[ 40  45 -50],[ 25  25 -45],[ 55  10 -65],[ 45 -50 -35]
2447,152050,205040,504015,401520,[ 40  50 -45],[ 30  25 -40],[ 60  15 -65],[ 50 -45 -45]
2448,152050,205045,504515,451520,[ 40  55 -40],[ 35  25 -35],[ 65  20 -65],[ 55 -40 -55]
2449,15250,2505,0515,51525,[-28  51 -80],[-23  61 -70],[-25  16 -60],[  1 -80  30]
2450,15250,25010,01015,101525,[-28  56 -75],[-18  61 -65],[-20  21 -60],[  6 -75  20]
2451,15250,25020,02015,201525,[-28  66 -65],[ -8  61 -55],[-10  31 -60],[ 16 -65   0]
2452,15250,25030,03015,301525,[-28  76 -55],[  2  61 -45],[  0  41 -60],[ 26 -55 -20]
2453,15250,25035,03515,351525,[-28  81 -50],[  7  61 -40],[  5  46 -60],[ 31 -50 -30]
2454,15250,25040,04015,401525,[-28  86 -45],[ 12  61 -35],[ 10  51 -60],[ 36 -45 -40]
2455,15250,25045,04515,451525,[-28  91 -40],[ 17  61 -30],[ 15  56 -60],[ 41 -40 -50]
2456,15250,25050,05015,501525,[-28  96 -35],[ 22  61 -25],[ 20  61 -60],[ 46 -35 -60]
2457,15255,2550,5015,01525,[-23 -45  55],[-28 -30  65],[-25 -35  30],[  1   5 -60]
2458,15255,25510,51015,101525,[  0 -35  15],[  5 -30  25],[-15 -25  30],[-35  15  20]
2459,15255,25520,52015,201525,[  0 -25  25],[ 15 -30  35],[ -5 -15  30],[-25  25   0]
2460,15255,25530,53015,301525,[  0 -15  35],[ 25 -30  45],[ 5 -5 30],[-15  35 -20]
2461,15255,25535,53515,351525,[  0 -10  40],[ 30 -30  50],[10  0 30],[-10  40 -30]
2462,15255,25540,54015,401525,[ 0 -5 45],[ 35 -30  55],[15  5 30],[ -5  45 -40]
2463,15255,25545,54515,451525,[ 0  0 50],[ 40 -30  60],[20 10 30],[  0  50 -50]
2464,15255,25550,55015,501525,[ 0  5 55],[ 45 -30  65],[25 15 30],[  5  55 -60]
2465,152510,25100,10015,01525,[  5 -40  -5],[ -5 -25   5],[-20 -35  20],[-40  -5  40]
2466,152510,25105,10515,51525,[  5 -35   0],[  0 -25  10],[-15 -30  20],[-35   0  30]
2467,152510,251020,102015,201525,[  5 -20  15],[ 15 -25  25],[  0 -15  20],[-20  15   0]
2468,152510,251030,103015,301525,[  5 -10  25],[ 25 -25  35],[10 -5 20],[-10  25 -20]
2469,152510,251035,103515,351525,[ 5 -5 30],[ 30 -25  40],[15  0 20],[ -5  30 -30]
2470,152510,251040,104015,401525,[ 5  0 35],[ 35 -25  45],[20  5 20],[  0  35 -40]
2471,152510,251045,104515,451525,[ 5  5 40],[ 40 -25  50],[25 10 20],[  5  40 -50]
2472,152510,251050,105015,501525,[ 5 10 45],[ 45 -25  55],[30 15 20],[ 10  45 -60]
2473,152520,25200,20015,01525,[ 15 -30 -25],[ -5 -15 -15],[-10 -35   0],[-30 -25  40]
2474,152520,25205,20515,51525,[ 15 -25 -20],[  0 -15 -10],[ -5 -30   0],[-25 -20  30]
2475,152520,252010,201015,101525,[ 15 -20 -15],[  5 -15  -5],[  0 -25   0],[-20 -15  20]
2476,152520,252030,203015,301525,[15  0  5],[ 25 -15  15],[20 -5  0],[  0   5 -20]
2477,152520,252035,203515,351525,[15  5 10],[ 30 -15  20],[25  0  0],[  5  10 -30]
2478,152520,252040,204015,401525,[15 10 15],[ 35 -15  25],[30  5  0],[ 10  15 -40]
2479,152520,252045,204515,451525,[15 15 20],[ 40 -15  30],[35 10  0],[ 15  20 -50]
2480,152520,252050,205015,501525,[15 20 25],[ 45 -15  35],[40 15  0],[ 20  25 -60]
2481,152530,25300,30015,01525,[ 25 -20 -45],[ -5  -5 -35],[  0 -35 -20],[-20 -45  40]
2482,152530,25305,30515,51525,[ 25 -15 -40],[  0  -5 -30],[  5 -30 -20],[-15 -40  30]
2483,152530,253010,301015,101525,[ 25 -10 -35],[  5  -5 -25],[ 10 -25 -20],[-10 -35  20]
2484,152530,253020,302015,201525,[ 25   0 -25],[ 15  -5 -15],[ 20 -15 -20],[  0 -25   0]
2485,152530,253035,303515,351525,[ 25  15 -10],[30 -5  0],[ 35   0 -20],[ 15 -10 -30]
2486,152530,253040,304015,401525,[25 20 -5],[35 -5  5],[ 40   5 -20],[ 20  -5 -40]
2487,152530,253045,304515,451525,[25 25  0],[40 -5 10],[ 45  10 -20],[ 25   0 -50]
2488,152530,253050,305015,501525,[25 30  5],[45 -5 15],[ 50  15 -20],[ 30   5 -60]
2489,152535,25350,35015,01525,[-2  3 -5],[ -5 -32   5],[-27  15 -30],[-47  59 -60]
2490,152535,25355,35515,51525,[ 30 -10 -50],[  0   0 -40],[ 10 -30 -30],[-10 -50  30]
2491,152535,253510,351015,101525,[ 30  -5 -45],[  5   0 -35],[ 15 -25 -30],[ -5 -45  20]
2492,152535,253520,352015,201525,[ 30   5 -35],[ 15   0 -25],[ 25 -15 -30],[  5 -35   0]
2493,152535,253530,353015,301525,[ 30  15 -25],[ 25   0 -15],[ 35  -5 -30],[ 15 -25 -20]
2494,152535,253540,354015,401525,[ 30  25 -15],[35  0 -5],[ 45   5 -30],[ 25 -15 -40]
2495,152535,253545,354515,451525,[ 30  30 -10],[40  0  0],[ 50  10 -30],[ 30 -10 -50]
2496,152535,253550,355015,501525,[30 35 -5],[45  0  5],[ 55  15 -30],[ 35  -5 -60]
2497,152540,25400,40015,01525,[ 35 -10 -65],[ -5   5 -55],[ 10 -35 -40],[-10 -65  40]
2498,152540,25405,40515,51525,[ 35  -5 -60],[  0   5 -50],[ 15 -30 -40],[ -5 -60  30]
2499,152540,254010,401015,101525,[ 35   0 -55],[  5   5 -45],[ 20 -25 -40],[  0 -55  20]
2500,152540,254020,402015,201525,[ 35  10 -45],[ 15   5 -35],[ 30 -15 -40],[ 10 -45   0]
2501,152540,254030,403015,301525,[ 35  20 -35],[ 25   5 -25],[ 40  -5 -40],[ 20 -35 -20]
2502,152540,254035,403515,351525,[ 35  25 -30],[ 30   5 -20],[ 45   0 -40],[ 25 -30 -30]
2503,152540,254045,404515,451525,[ 35  35 -20],[ 40   5 -10],[ 55  10 -40],[ 35 -20 -50]
2504,152540,254050,405015,501525,[ 35  40 -15],[45  5 -5],[ 60  15 -40],[ 40 -15 -60]
2505,152545,25450,45015,01525,[ -1   4 -25],[ -5 -31 -15],[-26  15 -50],[-46  57 -60]
2506,152545,25455,45515,51525,[ 40   0 -70],[  0  10 -60],[ 20 -30 -50],[  0 -70  30]
2507,152545,254510,451015,101525,[ 40   5 -65],[  5  10 -55],[ 25 -25 -50],[  5 -65  20]
2508,152545,254520,452015,201525,[ 40  15 -55],[ 15  10 -45],[ 35 -15 -50],[ 15 -55   0]
2509,152545,254530,453015,301525,[ 40  25 -45],[ 25  10 -35],[ 45  -5 -50],[ 25 -45 -20]
2510,152545,254535,453515,351525,[ 40  30 -40],[ 30  10 -30],[ 50   0 -50],[ 30 -40 -30]
2511,152545,254540,454015,401525,[ 40  35 -35],[ 35  10 -25],[ 55   5 -50],[ 35 -35 -40]
2512,152545,254550,455015,501525,[ 40  45 -25],[ 45  10 -15],[ 65  15 -50],[ 45 -25 -60]
2513,152550,25500,50015,01525,[ 45   0 -85],[ -5  15 -75],[ 20 -35 -60],[  0 -85  40]
2514,152550,25505,50515,51525,[ 45   5 -80],[  0  15 -70],[ 25 -30 -60],[  5 -80  30]
2515,152550,255010,501015,101525,[ 45  10 -75],[  5  15 -65],[ 30 -25 -60],[ 10 -75  20]
2516,152550,255020,502015,201525,[ 45  20 -65],[ 15  15 -55],[ 40 -15 -60],[ 20 -65   0]
2517,152550,255030,503015,301525,[ 45  30 -55],[ 25  15 -45],[ 50  -5 -60],[ 30 -55 -20]
2518,152550,255035,503515,351525,[ 45  35 -50],[ 30  15 -40],[ 55   0 -60],[ 35 -50 -30]
2519,152550,255040,504015,401525,[ 45  40 -45],[ 35  15 -35],[ 60   5 -60],[ 40 -45 -40]
2520,152550,255045,504515,451525,[ 45  45 -40],[ 40  15 -30],[ 65  10 -60],[ 45 -40 -50]
2521,15300,3005,0515,51530,[  0 -55  20],[  5 -45  35],[-25 -40  45],[-55  20  35]
2522,15300,30010,01015,101530,[  0 -50  25],[ 10 -45  40],[-20 -35  45],[-50  25  25]
2523,15300,30020,02015,201530,[  0 -40  35],[ 20 -45  50],[-10 -25  45],[-40  35   5]
2524,15300,30025,02515,251530,[  0 -35  40],[ 25 -45  55],[ -5 -20  45],[-35  40  -5]
2525,15300,30035,03515,351530,[  0 -25  50],[ 35 -45  65],[  5 -10  45],[-25  50 -25]
2526,15300,30040,04015,401530,[  0 -20  55],[ 40 -45  70],[10 -5 45],[-20  55 -35]
2527,15300,30045,04515,451530,[  0 -15  60],[ 45 -45  75],[15  0 45],[-15  60 -45]
2528,15300,30050,05015,501530,[  0 -10  65],[ 50 -45  80],[20  5 45],[-10  65 -55]
2529,15305,3050,5015,01530,[-22 -60  55],[-27 -45  70],[-25 -45  35],[ -1  15 -55]
2530,15305,30510,51015,101530,[  5 -45  15],[ 10 -40  30],[-15 -35  35],[-45  15  25]
2531,15305,30520,52015,201530,[  5 -35  25],[ 20 -40  40],[ -5 -25  35],[-35  25   5]
2532,15305,30525,52515,251530,[  5 -30  30],[ 25 -40  45],[  0 -20  35],[-30  30  -5]
2533,15305,30535,53515,351530,[  5 -20  40],[ 35 -40  55],[ 10 -10  35],[-20  40 -25]
2534,15305,30540,54015,401530,[  5 -15  45],[ 40 -40  60],[15 -5 35],[-15  45 -35]
2535,15305,30545,54515,451530,[  5 -10  50],[ 45 -40  65],[20  0 35],[-10  50 -45]
2536,15305,30550,55015,501530,[ 5 -5 55],[ 50 -40  70],[25  5 35],[ -5  55 -55]
2537,153010,30100,10015,01530,[ 10 -50  -5],[  0 -35  10],[-20 -45  25],[-50  -5  45]
2538,153010,30105,10515,51530,[ 10 -45   0],[  5 -35  15],[-15 -40  25],[-45   0  35]
2539,153010,301020,102015,201530,[ 10 -30  15],[ 20 -35  30],[  0 -25  25],[-30  15   5]
2540,153010,301025,102515,251530,[ 10 -25  20],[ 25 -35  35],[  5 -20  25],[-25  20  -5]
2541,153010,301035,103515,351530,[ 10 -15  30],[ 35 -35  45],[ 15 -10  25],[-15  30 -25]
2542,153010,301040,104015,401530,[ 10 -10  35],[ 40 -35  50],[20 -5 25],[-10  35 -35]
2543,153010,301045,104515,451530,[10 -5 40],[ 45 -35  55],[25  0 25],[ -5  40 -45]
2544,153010,301050,105015,501530,[10  0 45],[ 50 -35  60],[30  5 25],[  0  45 -55]
2545,153020,30200,20015,01530,[ 20 -40 -25],[  0 -25 -10],[-10 -45   5],[-40 -25  45]
2546,153020,30205,20515,51530,[ 20 -35 -20],[  5 -25  -5],[ -5 -40   5],[-35 -20  35]
2547,153020,302010,201015,101530,[ 20 -30 -15],[ 10 -25   0],[  0 -35   5],[-30 -15  25]
2548,153020,302025,202515,251530,[ 20 -15   0],[ 25 -25  15],[ 15 -20   5],[-15   0  -5]
2549,153020,302035,203515,351530,[20 -5 10],[ 35 -25  25],[ 25 -10   5],[ -5  10 -25]
2550,153020,302040,204015,401530,[20  0 15],[ 40 -25  30],[30 -5  5],[  0  15 -35]
2551,153020,302045,204515,451530,[20  5 20],[ 45 -25  35],[35  0  5],[  5  20 -45]
2552,153020,302050,205015,501530,[20 10 25],[ 50 -25  40],[40  5  5],[ 10  25 -55]
2553,153025,30250,25015,01530,[ 2 -8 15],[  0 -43  30],[-28   5  -5],[-58  61 -55]
2554,153025,30255,25515,51530,[ 25 -30 -30],[  5 -20 -15],[  0 -40  -5],[-30 -30  35]
2555,153025,302510,251015,101530,[ 25 -25 -25],[ 10 -20 -10],[  5 -35  -5],[-25 -25  25]
2556,153025,302520,252015,201530,[ 25 -15 -15],[ 20 -20   0],[ 15 -25  -5],[-15 -15   5]
2557,153025,302535,253515,351530,[25  0  0],[ 35 -20  15],[ 30 -10  -5],[  0   0 -25]
2558,153025,302540,254015,401530,[25  5  5],[ 40 -20  20],[35 -5 -5],[  5   5 -35]
2559,153025,302545,254515,451530,[25 10 10],[ 45 -20  25],[40  0 -5],[ 10  10 -45]
2560,153025,302550,255015,501530,[25 15 15],[ 50 -20  30],[45  5 -5],[ 15  15 -55]
2561,153035,30350,35015,01530,[ 3 -7 -5],[  0 -42  10],[-27   5 -25],[-57  59 -55]
2562,153035,30355,35515,51530,[ 35 -20 -50],[  5 -10 -35],[ 10 -40 -25],[-20 -50  35]
2563,153035,303510,351015,101530,[ 35 -15 -45],[ 10 -10 -30],[ 15 -35 -25],[-15 -45  25]
2564,153035,303520,352015,201530,[ 35  -5 -35],[ 20 -10 -20],[ 25 -25 -25],[ -5 -35   5]
2565,153035,303525,352515,251530,[ 35   0 -30],[ 25 -10 -15],[ 30 -20 -25],[  0 -30  -5]
2566,153035,303540,354015,401530,[ 35  15 -15],[ 40 -10   0],[ 45  -5 -25],[ 15 -15 -35]
2567,153035,303545,354515,451530,[ 35  20 -10],[ 45 -10   5],[ 50   0 -25],[ 20 -10 -45]
2568,153035,303550,355015,501530,[35 25 -5],[ 50 -10  10],[ 55   5 -25],[ 25  -5 -55]
2569,153040,30400,40015,01530,[ 40 -20 -65],[  0  -5 -50],[ 10 -45 -35],[-20 -65  45]
2570,153040,30405,40515,51530,[ 40 -15 -60],[  5  -5 -45],[ 15 -40 -35],[-15 -60  35]
2571,153040,304010,401015,101530,[ 40 -10 -55],[ 10  -5 -40],[ 20 -35 -35],[-10 -55  25]
2572,153040,304020,402015,201530,[ 40   0 -45],[ 20  -5 -30],[ 30 -25 -35],[  0 -45   5]
2573,153040,304025,402515,251530,[ 40   5 -40],[ 25  -5 -25],[ 35 -20 -35],[  5 -40  -5]
2574,153040,304035,403515,351530,[ 40  15 -30],[ 35  -5 -15],[ 45 -10 -35],[ 15 -30 -25]
2575,153040,304045,404515,451530,[ 40  25 -20],[45 -5 -5],[ 55   0 -35],[ 25 -20 -45]
2576,153040,304050,405015,501530,[ 40  30 -15],[50 -5  0],[ 60   5 -35],[ 30 -15 -55]
2577,153045,30450,45015,01530,[  4  -6 -25],[  0 -41 -10],[-26   5 -45],[-56  57 -55]
2578,153045,30455,45515,51530,[ 45 -10 -70],[  5   0 -55],[ 20 -40 -45],[-10 -70  35]
2579,153045,304510,451015,101530,[ 45  -5 -65],[ 10   0 -50],[ 25 -35 -45],[ -5 -65  25]
2580,153045,304520,452015,201530,[ 45   5 -55],[ 20   0 -40],[ 35 -25 -45],[  5 -55   5]
2581,153045,304525,452515,251530,[ 45  10 -50],[ 25   0 -35],[ 40 -20 -45],[ 10 -50  -5]
2582,153045,304535,453515,351530,[ 45  20 -40],[ 35   0 -25],[ 50 -10 -45],[ 20 -40 -25]
2583,153045,304540,454015,401530,[ 45  25 -35],[ 40   0 -20],[ 55  -5 -45],[ 25 -35 -35]
2584,153045,304550,455015,501530,[ 45  35 -25],[ 50   0 -10],[ 65   5 -45],[ 35 -25 -55]
2585,153050,30500,50015,01530,[ 50 -10 -85],[  0   5 -70],[ 20 -45 -55],[-10 -85  45]
2586,153050,30505,50515,51530,[ 50  -5 -80],[  5   5 -65],[ 25 -40 -55],[ -5 -80  35]
2587,153050,305010,501015,101530,[ 50   0 -75],[ 10   5 -60],[ 30 -35 -55],[  0 -75  25]
2588,153050,305020,502015,201530,[ 50  10 -65],[ 20   5 -50],[ 40 -25 -55],[ 10 -65   5]
2589,153050,305025,502515,251530,[ 50  15 -60],[ 25   5 -45],[ 45 -20 -55],[ 15 -60  -5]
2590,153050,305035,503515,351530,[ 50  25 -50],[ 35   5 -35],[ 55 -10 -55],[ 25 -50 -25]
2591,153050,305040,504015,401530,[ 50  30 -45],[ 40   5 -30],[ 60  -5 -55],[ 30 -45 -35]
2592,153050,305045,504515,451530,[ 50  35 -40],[ 45   5 -25],[ 65   0 -55],[ 35 -40 -45]
2593,15350,3505,0515,51535,[-27  49 -80],[-22  59 -60],[-25  14 -50],[ -1 -80  40]
2594,15350,35010,01015,101535,[-27  54 -75],[-17  59 -55],[-20  19 -50],[  4 -75  30]
2595,15350,35020,02015,201535,[-27  64 -65],[ -7  59 -45],[-10  29 -50],[ 14 -65  10]
2596,15350,35025,02515,251535,[-27  69 -60],[ -2  59 -40],[ -5  34 -50],[ 19 -60   0]
2597,15350,35030,03015,301535,[-27  74 -55],[  3  59 -35],[  0  39 -50],[ 24 -55 -10]
2598,15350,35040,04015,401535,[-27  84 -45],[ 13  59 -25],[ 10  49 -50],[ 34 -45 -30]
2599,15350,35045,04515,451535,[-27  89 -40],[ 18  59 -20],[ 15  54 -50],[ 39 -40 -40]
2600,15350,35050,05015,501535,[-27  94 -35],[ 23  59 -15],[ 20  59 -50],[ 44 -35 -50]
2601,15355,3550,5015,01535,[-22 -65  55],[-27 -50  75],[-25 -55  40],[ -1   5 -50]
2602,15355,35510,51015,101535,[ 10 -55  15],[ 15 -50  35],[-15 -45  40],[-55  15  30]
2603,15355,35520,52015,201535,[ 10 -45  25],[ 25 -50  45],[ -5 -35  40],[-45  25  10]
2604,15355,35525,52515,251535,[ 10 -40  30],[ 30 -50  50],[  0 -30  40],[-40  30   0]
2605,15355,35530,53015,301535,[ 10 -35  35],[ 35 -50  55],[  5 -25  40],[-35  35 -10]
2606,15355,35540,54015,401535,[ 10 -25  45],[ 45 -50  65],[ 15 -15  40],[-25  45 -30]
2607,15355,35545,54515,451535,[ 10 -20  50],[ 50 -50  70],[ 20 -10  40],[-20  50 -40]
2608,15355,35550,55015,501535,[ 10 -15  55],[ 55 -50  75],[25 -5 40],[-15  55 -50]
2609,153510,35100,10015,01535,[ 15 -60  -5],[  5 -45  15],[-20 -55  30],[-60  -5  50]
2610,153510,35105,10515,51535,[ 15 -55   0],[ 10 -45  20],[-15 -50  30],[-55   0  40]
2611,153510,351020,102015,201535,[ 15 -40  15],[ 25 -45  35],[  0 -35  30],[-40  15  10]
2612,153510,351025,102515,251535,[ 15 -35  20],[ 30 -45  40],[  5 -30  30],[-35  20   0]
2613,153510,351030,103015,301535,[ 15 -30  25],[ 35 -45  45],[ 10 -25  30],[-30  25 -10]
2614,153510,351040,104015,401535,[ 15 -20  35],[ 45 -45  55],[ 20 -15  30],[-20  35 -30]
2615,153510,351045,104515,451535,[ 15 -15  40],[ 50 -45  60],[ 25 -10  30],[-15  40 -40]
2616,153510,351050,105015,501535,[ 15 -10  45],[ 55 -45  65],[30 -5 30],[-10  45 -50]
2617,153520,35200,20015,01535,[ 25 -50 -25],[  5 -35  -5],[-10 -55  10],[-50 -25  50]
2618,153520,35205,20515,51535,[ 25 -45 -20],[ 10 -35   0],[ -5 -50  10],[-45 -20  40]
2619,153520,352010,201015,101535,[ 25 -40 -15],[ 15 -35   5],[  0 -45  10],[-40 -15  30]
2620,153520,352025,202515,251535,[ 25 -25   0],[ 30 -35  20],[ 15 -30  10],[-25   0   0]
2621,153520,352030,203015,301535,[ 25 -20   5],[ 35 -35  25],[ 20 -25  10],[-20   5 -10]
2622,153520,352040,204015,401535,[ 25 -10  15],[ 45 -35  35],[ 30 -15  10],[-10  15 -30]
2623,153520,352045,204515,451535,[25 -5 20],[ 50 -35  40],[ 35 -10  10],[ -5  20 -40]
2624,153520,352050,205015,501535,[25  0 25],[ 55 -35  45],[40 -5 10],[  0  25 -50]
2625,153525,35250,25015,01535,[  7 -18  15],[  5 -53  35],[-28  -5   0],[-68  61 -50]
2626,153525,35255,25515,51535,[ 30 -40 -30],[ 10 -30 -10],[  0 -50   0],[-40 -30  40]
2627,153525,352510,251015,101535,[ 30 -35 -25],[ 15 -30  -5],[  5 -45   0],[-35 -25  30]
2628,153525,352520,252015,201535,[ 30 -25 -15],[ 25 -30   5],[ 15 -35   0],[-25 -15  10]
2629,153525,352530,253015,301535,[ 30 -15  -5],[ 35 -30  15],[ 25 -25   0],[-15  -5 -10]
2630,153525,352540,254015,401535,[30 -5  5],[ 45 -30  25],[ 35 -15   0],[ -5   5 -30]
2631,153525,352545,254515,451535,[30  0 10],[ 50 -30  30],[ 40 -10   0],[  0  10 -40]
2632,153525,352550,255015,501535,[30  5 15],[ 55 -30  35],[45 -5  0],[  5  15 -50]
2633,153530,35300,30015,01535,[ 35 -40 -45],[  5 -25 -25],[  0 -55 -10],[-40 -45  50]
2634,153530,35305,30515,51535,[ 35 -35 -40],[ 10 -25 -20],[  5 -50 -10],[-35 -40  40]
2635,153530,353010,301015,101535,[ 35 -30 -35],[ 15 -25 -15],[ 10 -45 -10],[-30 -35  30]
2636,153530,353020,302015,201535,[ 35 -20 -25],[ 25 -25  -5],[ 20 -35 -10],[-20 -25  10]
2637,153530,353025,302515,251535,[ 35 -15 -20],[ 30 -25   0],[ 25 -30 -10],[-15 -20   0]
2638,153530,353040,304015,401535,[35  0 -5],[ 45 -25  15],[ 40 -15 -10],[  0  -5 -30]
2639,153530,353045,304515,451535,[35  5  0],[ 50 -25  20],[ 45 -10 -10],[  5   0 -40]
2640,153530,353050,305015,501535,[35 10  5],[ 55 -25  25],[ 50  -5 -10],[ 10   5 -50]
2641,153540,35400,40015,01535,[ 45 -30 -65],[  5 -15 -45],[ 10 -55 -30],[-30 -65  50]
2642,153540,35405,40515,51535,[ 45 -25 -60],[ 10 -15 -40],[ 15 -50 -30],[-25 -60  40]
2643,153540,354010,401015,101535,[ 45 -20 -55],[ 15 -15 -35],[ 20 -45 -30],[-20 -55  30]
2644,153540,354020,402015,201535,[ 45 -10 -45],[ 25 -15 -25],[ 30 -35 -30],[-10 -45  10]
2645,153540,354025,402515,251535,[ 45  -5 -40],[ 30 -15 -20],[ 35 -30 -30],[ -5 -40   0]
2646,153540,354030,403015,301535,[ 45   0 -35],[ 35 -15 -15],[ 40 -25 -30],[  0 -35 -10]
2647,153540,354045,404515,451535,[ 45  15 -20],[ 50 -15   0],[ 55 -10 -30],[ 15 -20 -40]
2648,153540,354050,405015,501535,[ 45  20 -15],[ 55 -15   5],[ 60  -5 -30],[ 20 -15 -50]
2649,153545,35450,45015,01535,[  9 -16 -25],[  5 -51  -5],[-26  -5 -40],[-66  57 -50]
2650,153545,35455,45515,51535,[ 50 -20 -70],[ 10 -10 -50],[ 20 -50 -40],[-20 -70  40]
2651,153545,354510,451015,101535,[ 50 -15 -65],[ 15 -10 -45],[ 25 -45 -40],[-15 -65  30]
2652,153545,354520,452015,201535,[ 50  -5 -55],[ 25 -10 -35],[ 35 -35 -40],[ -5 -55  10]
2653,153545,354525,452515,251535,[ 50   0 -50],[ 30 -10 -30],[ 40 -30 -40],[  0 -50   0]
2654,153545,354530,453015,301535,[ 50   5 -45],[ 35 -10 -25],[ 45 -25 -40],[  5 -45 -10]
2655,153545,354540,454015,401535,[ 50  15 -35],[ 45 -10 -15],[ 55 -15 -40],[ 15 -35 -30]
2656,153545,354550,455015,501535,[ 50  25 -25],[ 55 -10  -5],[ 65  -5 -40],[ 25 -25 -50]
2657,153550,35500,50015,01535,[ 55 -20 -85],[  5  -5 -65],[ 20 -55 -50],[-20 -85  50]
2658,153550,35505,50515,51535,[ 55 -15 -80],[ 10  -5 -60],[ 25 -50 -50],[-15 -80  40]
2659,153550,355010,501015,101535,[ 55 -10 -75],[ 15  -5 -55],[ 30 -45 -50],[-10 -75  30]
2660,153550,355020,502015,201535,[ 55   0 -65],[ 25  -5 -45],[ 40 -35 -50],[  0 -65  10]
2661,153550,355025,502515,251535,[ 55   5 -60],[ 30  -5 -40],[ 45 -30 -50],[  5 -60   0]
2662,153550,355030,503015,301535,[ 55  10 -55],[ 35  -5 -35],[ 50 -25 -50],[ 10 -55 -10]
2663,153550,355040,504015,401535,[ 55  20 -45],[ 45  -5 -25],[ 60 -15 -50],[ 20 -45 -30]
2664,153550,355045,504515,451535,[ 55  25 -40],[ 50  -5 -20],[ 65 -10 -50],[ 25 -40 -40]
2665,15400,4005,0515,51540,[ 10 -75  20],[ 15 -65  45],[-25 -60  55],[-75  20  45]
2666,15400,40010,01015,101540,[ 10 -70  25],[ 20 -65  50],[-20 -55  55],[-70  25  35]
2667,15400,40020,02015,201540,[ 10 -60  35],[ 30 -65  60],[-10 -45  55],[-60  35  15]
2668,15400,40025,02515,251540,[ 10 -55  40],[ 35 -65  65],[ -5 -40  55],[-55  40   5]
2669,15400,40030,03015,301540,[ 10 -50  45],[ 40 -65  70],[  0 -35  55],[-50  45  -5]
2670,15400,40035,03515,351540,[ 10 -45  50],[ 45 -65  75],[  5 -30  55],[-45  50 -15]
2671,15400,40045,04515,451540,[ 10 -35  60],[ 55 -65  85],[ 15 -20  55],[-35  60 -35]
2672,15400,40050,05015,501540,[ 10 -30  65],[ 60 -65  90],[ 20 -15  55],[-30  65 -45]
2673,15405,4050,5015,01540,[-21 -80  55],[-26 -65  80],[-25 -65  45],[ -3  15 -45]
2674,15405,40510,51015,101540,[ 15 -65  15],[ 20 -60  40],[-15 -55  45],[-65  15  35]
2675,15405,40520,52015,201540,[ 15 -55  25],[ 30 -60  50],[ -5 -45  45],[-55  25  15]
2676,15405,40525,52515,251540,[ 15 -50  30],[ 35 -60  55],[  0 -40  45],[-50  30   5]
2677,15405,40530,53015,301540,[ 15 -45  35],[ 40 -60  60],[  5 -35  45],[-45  35  -5]
2678,15405,40535,53515,351540,[ 15 -40  40],[ 45 -60  65],[ 10 -30  45],[-40  40 -15]
2679,15405,40545,54515,451540,[ 15 -30  50],[ 55 -60  75],[ 20 -20  45],[-30  50 -35]
2680,15405,40550,55015,501540,[ 15 -25  55],[ 60 -60  80],[ 25 -15  45],[-25  55 -45]
2681,154010,40100,10015,01540,[ 20 -70  -5],[ 10 -55  20],[-20 -65  35],[-70  -5  55]
2682,154010,40105,10515,51540,[ 20 -65   0],[ 15 -55  25],[-15 -60  35],[-65   0  45]
2683,154010,401020,102015,201540,[ 20 -50  15],[ 30 -55  40],[  0 -45  35],[-50  15  15]
2684,154010,401025,102515,251540,[ 20 -45  20],[ 35 -55  45],[  5 -40  35],[-45  20   5]
2685,154010,401030,103015,301540,[ 20 -40  25],[ 40 -55  50],[ 10 -35  35],[-40  25  -5]
2686,154010,401035,103515,351540,[ 20 -35  30],[ 45 -55  55],[ 15 -30  35],[-35  30 -15]
2687,154010,401045,104515,451540,[ 20 -25  40],[ 55 -55  65],[ 25 -20  35],[-25  40 -35]
2688,154010,401050,105015,501540,[ 20 -20  45],[ 60 -55  70],[ 30 -15  35],[-20  45 -45]
2689,154020,40200,20015,01540,[ 30 -60 -25],[ 10 -45   0],[-10 -65  15],[-60 -25  55]
2690,154020,40205,20515,51540,[ 30 -55 -20],[ 15 -45   5],[ -5 -60  15],[-55 -20  45]
2691,154020,402010,201015,101540,[ 30 -50 -15],[ 20 -45  10],[  0 -55  15],[-50 -15  35]
2692,154020,402025,202515,251540,[ 30 -35   0],[ 35 -45  25],[ 15 -40  15],[-35   0   5]
2693,154020,402030,203015,301540,[ 30 -30   5],[ 40 -45  30],[ 20 -35  15],[-30   5  -5]
2694,154020,402035,203515,351540,[ 30 -25  10],[ 45 -45  35],[ 25 -30  15],[-25  10 -15]
2695,154020,402045,204515,451540,[ 30 -15  20],[ 55 -45  45],[ 35 -20  15],[-15  20 -35]
2696,154020,402050,205015,501540,[ 30 -10  25],[ 60 -45  50],[ 40 -15  15],[-10  25 -45]
2697,154025,40250,25015,01540,[ 12 -28  15],[ 10 -63  40],[-28 -15   5],[-78  61 -45]
2698,154025,40255,25515,51540,[ 35 -50 -30],[ 15 -40  -5],[  0 -60   5],[-50 -30  45]
2699,154025,402510,251015,101540,[ 35 -45 -25],[ 20 -40   0],[  5 -55   5],[-45 -25  35]
2700,154025,402520,252015,201540,[ 35 -35 -15],[ 30 -40  10],[ 15 -45   5],[-35 -15  15]
2701,154025,402530,253015,301540,[ 35 -25  -5],[ 40 -40  20],[ 25 -35   5],[-25  -5  -5]
2702,154025,402535,253515,351540,[ 35 -20   0],[ 45 -40  25],[ 30 -30   5],[-20   0 -15]
2703,154025,402545,254515,451540,[ 35 -10  10],[ 55 -40  35],[ 40 -20   5],[-10  10 -35]
2704,154025,402550,255015,501540,[35 -5 15],[ 60 -40  40],[ 45 -15   5],[ -5  15 -45]
2705,154030,40300,30015,01540,[ 40 -50 -45],[ 10 -35 -20],[  0 -65  -5],[-50 -45  55]
2706,154030,40305,30515,51540,[ 40 -45 -40],[ 15 -35 -15],[  5 -60  -5],[-45 -40  45]
2707,154030,403010,301015,101540,[ 40 -40 -35],[ 20 -35 -10],[ 10 -55  -5],[-40 -35  35]
2708,154030,403020,302015,201540,[ 40 -30 -25],[ 30 -35   0],[ 20 -45  -5],[-30 -25  15]
2709,154030,403025,302515,251540,[ 40 -25 -20],[ 35 -35   5],[ 25 -40  -5],[-25 -20   5]
2710,154030,403035,303515,351540,[ 40 -15 -10],[ 45 -35  15],[ 35 -30  -5],[-15 -10 -15]
2711,154030,403045,304515,451540,[40 -5  0],[ 55 -35  25],[ 45 -20  -5],[ -5   0 -35]
2712,154030,403050,305015,501540,[40  0  5],[ 60 -35  30],[ 50 -15  -5],[  0   5 -45]
2713,154035,40350,35015,01540,[ 13 -27  -5],[ 10 -62  20],[-27 -15 -15],[-77  59 -45]
2714,154035,40355,35515,51540,[ 45 -40 -50],[ 15 -30 -25],[ 10 -60 -15],[-40 -50  45]
2715,154035,403510,351015,101540,[ 45 -35 -45],[ 20 -30 -20],[ 15 -55 -15],[-35 -45  35]
2716,154035,403520,352015,201540,[ 45 -25 -35],[ 30 -30 -10],[ 25 -45 -15],[-25 -35  15]
2717,154035,403525,352515,251540,[ 45 -20 -30],[ 35 -30  -5],[ 30 -40 -15],[-20 -30   5]
2718,154035,403530,353015,301540,[ 45 -15 -25],[ 40 -30   0],[ 35 -35 -15],[-15 -25  -5]
2719,154035,403545,354515,451540,[ 45   0 -10],[ 55 -30  15],[ 50 -20 -15],[  0 -10 -35]
2720,154035,403550,355015,501540,[45  5 -5],[ 60 -30  20],[ 55 -15 -15],[  5  -5 -45]
2721,154045,40450,45015,01540,[ 14 -26 -25],[ 10 -61   0],[-26 -15 -35],[-76  57 -45]
2722,154045,40455,45515,51540,[ 55 -30 -70],[ 15 -20 -45],[ 20 -60 -35],[-30 -70  45]
2723,154045,404510,451015,101540,[ 55 -25 -65],[ 20 -20 -40],[ 25 -55 -35],[-25 -65  35]
2724,154045,404520,452015,201540,[ 55 -15 -55],[ 30 -20 -30],[ 35 -45 -35],[-15 -55  15]
2725,154045,404525,452515,251540,[ 55 -10 -50],[ 35 -20 -25],[ 40 -40 -35],[-10 -50   5]
2726,154045,404530,453015,301540,[ 55  -5 -45],[ 40 -20 -20],[ 45 -35 -35],[ -5 -45  -5]
2727,154045,404535,453515,351540,[ 55   0 -40],[ 45 -20 -15],[ 50 -30 -35],[  0 -40 -15]
2728,154045,404550,455015,501540,[ 55  15 -25],[ 60 -20   0],[ 65 -15 -35],[ 15 -25 -45]
2729,154050,40500,50015,01540,[ 60 -30 -85],[ 10 -15 -60],[ 20 -65 -45],[-30 -85  55]
2730,154050,40505,50515,51540,[ 60 -25 -80],[ 15 -15 -55],[ 25 -60 -45],[-25 -80  45]
2731,154050,405010,501015,101540,[ 60 -20 -75],[ 20 -15 -50],[ 30 -55 -45],[-20 -75  35]
2732,154050,405020,502015,201540,[ 60 -10 -65],[ 30 -15 -40],[ 40 -45 -45],[-10 -65  15]
2733,154050,405025,502515,251540,[ 60  -5 -60],[ 35 -15 -35],[ 45 -40 -45],[ -5 -60   5]
2734,154050,405030,503015,301540,[ 60   0 -55],[ 40 -15 -30],[ 50 -35 -45],[  0 -55  -5]
2735,154050,405035,503515,351540,[ 60   5 -50],[ 45 -15 -25],[ 55 -30 -45],[  5 -50 -15]
2736,154050,405045,504515,451540,[ 60  15 -40],[ 55 -15 -15],[ 65 -20 -45],[ 15 -40 -35]
2737,15450,4505,0515,51545,[-26  47 -80],[-21  57 -50],[-25  12 -40],[ -3 -80  50]
2738,15450,45010,01015,101545,[-26  52 -75],[-16  57 -45],[-20  17 -40],[  2 -75  40]
2739,15450,45020,02015,201545,[-26  62 -65],[ -6  57 -35],[-10  27 -40],[ 12 -65  20]
2740,15450,45025,02515,251545,[-26  67 -60],[ -1  57 -30],[ -5  32 -40],[ 17 -60  10]
2741,15450,45030,03015,301545,[-26  72 -55],[  4  57 -25],[  0  37 -40],[ 22 -55   0]
2742,15450,45035,03515,351545,[-26  77 -50],[  9  57 -20],[  5  42 -40],[ 27 -50 -10]
2743,15450,45040,04015,401545,[-26  82 -45],[ 14  57 -15],[ 10  47 -40],[ 32 -45 -20]
2744,15450,45050,05015,501545,[-26  92 -35],[24 57 -5],[ 20  57 -40],[ 42 -35 -40]
2745,15455,4550,5015,01545,[-21 -85  55],[-26 -70  85],[-25 -75  50],[ -3   5 -40]
2746,15455,45510,51015,101545,[ 20 -75  15],[ 25 -70  45],[-15 -65  50],[-75  15  40]
2747,15455,45520,52015,201545,[ 20 -65  25],[ 35 -70  55],[ -5 -55  50],[-65  25  20]
2748,15455,45525,52515,251545,[ 20 -60  30],[ 40 -70  60],[  0 -50  50],[-60  30  10]
2749,15455,45530,53015,301545,[ 20 -55  35],[ 45 -70  65],[  5 -45  50],[-55  35   0]
2750,15455,45535,53515,351545,[ 20 -50  40],[ 50 -70  70],[ 10 -40  50],[-50  40 -10]
2751,15455,45540,54015,401545,[ 20 -45  45],[ 55 -70  75],[ 15 -35  50],[-45  45 -20]
2752,15455,45550,55015,501545,[ 20 -35  55],[ 65 -70  85],[ 25 -25  50],[-35  55 -40]
2753,154510,45100,10015,01545,[ 25 -80  -5],[ 15 -65  25],[-20 -75  40],[-80  -5  60]
2754,154510,45105,10515,51545,[ 25 -75   0],[ 20 -65  30],[-15 -70  40],[-75   0  50]
2755,154510,451020,102015,201545,[ 25 -60  15],[ 35 -65  45],[  0 -55  40],[-60  15  20]
2756,154510,451025,102515,251545,[ 25 -55  20],[ 40 -65  50],[  5 -50  40],[-55  20  10]
2757,154510,451030,103015,301545,[ 25 -50  25],[ 45 -65  55],[ 10 -45  40],[-50  25   0]
2758,154510,451035,103515,351545,[ 25 -45  30],[ 50 -65  60],[ 15 -40  40],[-45  30 -10]
2759,154510,451040,104015,401545,[ 25 -40  35],[ 55 -65  65],[ 20 -35  40],[-40  35 -20]
2760,154510,451050,105015,501545,[ 25 -30  45],[ 65 -65  75],[ 30 -25  40],[-30  45 -40]
2761,154520,45200,20015,01545,[ 35 -70 -25],[ 15 -55   5],[-10 -75  20],[-70 -25  60]
2762,154520,45205,20515,51545,[ 35 -65 -20],[ 20 -55  10],[ -5 -70  20],[-65 -20  50]
2763,154520,452010,201015,101545,[ 35 -60 -15],[ 25 -55  15],[  0 -65  20],[-60 -15  40]
2764,154520,452025,202515,251545,[ 35 -45   0],[ 40 -55  30],[ 15 -50  20],[-45   0  10]
2765,154520,452030,203015,301545,[ 35 -40   5],[ 45 -55  35],[ 20 -45  20],[-40   5   0]
2766,154520,452035,203515,351545,[ 35 -35  10],[ 50 -55  40],[ 25 -40  20],[-35  10 -10]
2767,154520,452040,204015,401545,[ 35 -30  15],[ 55 -55  45],[ 30 -35  20],[-30  15 -20]
2768,154520,452050,205015,501545,[ 35 -20  25],[ 65 -55  55],[ 40 -25  20],[-20  25 -40]
2769,154525,45250,25015,01545,[ 17 -38  15],[ 15 -73  45],[-28 -25  10],[-88  61 -40]
2770,154525,45255,25515,51545,[ 40 -60 -30],[ 20 -50   0],[  0 -70  10],[-60 -30  50]
2771,154525,452510,251015,101545,[ 40 -55 -25],[ 25 -50   5],[  5 -65  10],[-55 -25  40]
2772,154525,452520,252015,201545,[ 40 -45 -15],[ 35 -50  15],[ 15 -55  10],[-45 -15  20]
2773,154525,452530,253015,301545,[ 40 -35  -5],[ 45 -50  25],[ 25 -45  10],[-35  -5   0]
2774,154525,452535,253515,351545,[ 40 -30   0],[ 50 -50  30],[ 30 -40  10],[-30   0 -10]
2775,154525,452540,254015,401545,[ 40 -25   5],[ 55 -50  35],[ 35 -35  10],[-25   5 -20]
2776,154525,452550,255015,501545,[ 40 -15  15],[ 65 -50  45],[ 45 -25  10],[-15  15 -40]
2777,154530,45300,30015,01545,[ 45 -60 -45],[ 15 -45 -15],[  0 -75   0],[-60 -45  60]
2778,154530,45305,30515,51545,[ 45 -55 -40],[ 20 -45 -10],[  5 -70   0],[-55 -40  50]
2779,154530,453010,301015,101545,[ 45 -50 -35],[ 25 -45  -5],[ 10 -65   0],[-50 -35  40]
2780,154530,453020,302015,201545,[ 45 -40 -25],[ 35 -45   5],[ 20 -55   0],[-40 -25  20]
2781,154530,453025,302515,251545,[ 45 -35 -20],[ 40 -45  10],[ 25 -50   0],[-35 -20  10]
2782,154530,453035,303515,351545,[ 45 -25 -10],[ 50 -45  20],[ 35 -40   0],[-25 -10 -10]
2783,154530,453040,304015,401545,[ 45 -20  -5],[ 55 -45  25],[ 40 -35   0],[-20  -5 -20]
2784,154530,453050,305015,501545,[ 45 -10   5],[ 65 -45  35],[ 50 -25   0],[-10   5 -40]
2785,154535,45350,35015,01545,[ 18 -37  -5],[ 15 -72  25],[-27 -25 -10],[-87  59 -40]
2786,154535,45355,35515,51545,[ 50 -50 -50],[ 20 -40 -20],[ 10 -70 -10],[-50 -50  50]
2787,154535,453510,351015,101545,[ 50 -45 -45],[ 25 -40 -15],[ 15 -65 -10],[-45 -45  40]
2788,154535,453520,352015,201545,[ 50 -35 -35],[ 35 -40  -5],[ 25 -55 -10],[-35 -35  20]
2789,154535,453525,352515,251545,[ 50 -30 -30],[ 40 -40   0],[ 30 -50 -10],[-30 -30  10]
2790,154535,453530,353015,301545,[ 50 -25 -25],[ 45 -40   5],[ 35 -45 -10],[-25 -25   0]
2791,154535,453540,354015,401545,[ 50 -15 -15],[ 55 -40  15],[ 45 -35 -10],[-15 -15 -20]
2792,154535,453550,355015,501545,[50 -5 -5],[ 65 -40  25],[ 55 -25 -10],[ -5  -5 -40]
2793,154540,45400,40015,01545,[ 55 -50 -65],[ 15 -35 -35],[ 10 -75 -20],[-50 -65  60]
2794,154540,45405,40515,51545,[ 55 -45 -60],[ 20 -35 -30],[ 15 -70 -20],[-45 -60  50]
2795,154540,454010,401015,101545,[ 55 -40 -55],[ 25 -35 -25],[ 20 -65 -20],[-40 -55  40]
2796,154540,454020,402015,201545,[ 55 -30 -45],[ 35 -35 -15],[ 30 -55 -20],[-30 -45  20]
2797,154540,454025,402515,251545,[ 55 -25 -40],[ 40 -35 -10],[ 35 -50 -20],[-25 -40  10]
2798,154540,454030,403015,301545,[ 55 -20 -35],[ 45 -35  -5],[ 40 -45 -20],[-20 -35   0]
2799,154540,454035,403515,351545,[ 55 -15 -30],[ 50 -35   0],[ 45 -40 -20],[-15 -30 -10]
2800,154540,454050,405015,501545,[ 55   0 -15],[ 65 -35  15],[ 60 -25 -20],[  0 -15 -40]
2801,154550,45500,50015,01545,[ 65 -40 -85],[ 15 -25 -55],[ 20 -75 -40],[-40 -85  60]
2802,154550,45505,50515,51545,[ 65 -35 -80],[ 20 -25 -50],[ 25 -70 -40],[-35 -80  50]
2803,154550,455010,501015,101545,[ 65 -30 -75],[ 25 -25 -45],[ 30 -65 -40],[-30 -75  40]
2804,154550,455020,502015,201545,[ 65 -20 -65],[ 35 -25 -35],[ 40 -55 -40],[-20 -65  20]
2805,154550,455025,502515,251545,[ 65 -15 -60],[ 40 -25 -30],[ 45 -50 -40],[-15 -60  10]
2806,154550,455030,503015,301545,[ 65 -10 -55],[ 45 -25 -25],[ 50 -45 -40],[-10 -55   0]
2807,154550,455035,503515,351545,[ 65  -5 -50],[ 50 -25 -20],[ 55 -40 -40],[ -5 -50 -10]
2808,154550,455040,504015,401545,[ 65   0 -45],[ 55 -25 -15],[ 60 -35 -40],[  0 -45 -20]
2809,15500,5005,0515,51550,[ 20 -95  20],[ 25 -85  55],[-25 -80  65],[-95  20  55]
2810,15500,50010,01015,101550,[ 20 -90  25],[ 30 -85  60],[-20 -75  65],[-90  25  45]
2811,15500,50020,02015,201550,[ 20 -80  35],[ 40 -85  70],[-10 -65  65],[-80  35  25]
2812,15500,50025,02515,251550,[ 20 -75  40],[ 45 -85  75],[ -5 -60  65],[-75  40  15]
2813,15500,50030,03015,301550,[ 20 -70  45],[ 50 -85  80],[  0 -55  65],[-70  45   5]
2814,15500,50035,03515,351550,[ 20 -65  50],[ 55 -85  85],[  5 -50  65],[-65  50  -5]
2815,15500,50040,04015,401550,[ 20 -60  55],[ 60 -85  90],[ 10 -45  65],[-60  55 -15]
2816,15500,50045,04515,451550,[ 20 -55  60],[ 65 -85  95],[ 15 -40  65],[-55  60 -25]
2817,15505,5050,5015,01550,[ -20 -100   55],[-25 -85  90],[-25 -85  55],[ -5  15 -35]
2818,15505,50510,51015,101550,[ 25 -85  15],[ 30 -80  50],[-15 -75  55],[-85  15  45]
2819,15505,50520,52015,201550,[ 25 -75  25],[ 40 -80  60],[ -5 -65  55],[-75  25  25]
2820,15505,50525,52515,251550,[ 25 -70  30],[ 45 -80  65],[  0 -60  55],[-70  30  15]
2821,15505,50530,53015,301550,[ 25 -65  35],[ 50 -80  70],[  5 -55  55],[-65  35   5]
2822,15505,50535,53515,351550,[ 25 -60  40],[ 55 -80  75],[ 10 -50  55],[-60  40  -5]
2823,15505,50540,54015,401550,[ 25 -55  45],[ 60 -80  80],[ 15 -45  55],[-55  45 -15]
2824,15505,50545,54515,451550,[ 25 -50  50],[ 65 -80  85],[ 20 -40  55],[-50  50 -25]
2825,155010,50100,10015,01550,[ 30 -90  -5],[ 20 -75  30],[-20 -85  45],[-90  -5  65]
2826,155010,50105,10515,51550,[ 30 -85   0],[ 25 -75  35],[-15 -80  45],[-85   0  55]
2827,155010,501020,102015,201550,[ 30 -70  15],[ 40 -75  50],[  0 -65  45],[-70  15  25]
2828,155010,501025,102515,251550,[ 30 -65  20],[ 45 -75  55],[  5 -60  45],[-65  20  15]
2829,155010,501030,103015,301550,[ 30 -60  25],[ 50 -75  60],[ 10 -55  45],[-60  25   5]
2830,155010,501035,103515,351550,[ 30 -55  30],[ 55 -75  65],[ 15 -50  45],[-55  30  -5]
2831,155010,501040,104015,401550,[ 30 -50  35],[ 60 -75  70],[ 20 -45  45],[-50  35 -15]
2832,155010,501045,104515,451550,[ 30 -45  40],[ 65 -75  75],[ 25 -40  45],[-45  40 -25]
2833,155020,50200,20015,01550,[ 40 -80 -25],[ 20 -65  10],[-10 -85  25],[-80 -25  65]
2834,155020,50205,20515,51550,[ 40 -75 -20],[ 25 -65  15],[ -5 -80  25],[-75 -20  55]
2835,155020,502010,201015,101550,[ 40 -70 -15],[ 30 -65  20],[  0 -75  25],[-70 -15  45]
2836,155020,502025,202515,251550,[ 40 -55   0],[ 45 -65  35],[ 15 -60  25],[-55   0  15]
2837,155020,502030,203015,301550,[ 40 -50   5],[ 50 -65  40],[ 20 -55  25],[-50   5   5]
2838,155020,502035,203515,351550,[ 40 -45  10],[ 55 -65  45],[ 25 -50  25],[-45  10  -5]
2839,155020,502040,204015,401550,[ 40 -40  15],[ 60 -65  50],[ 30 -45  25],[-40  15 -15]
2840,155020,502045,204515,451550,[ 40 -35  20],[ 65 -65  55],[ 35 -40  25],[-35  20 -25]
2841,155025,50250,25015,01550,[ 22 -48  15],[ 20 -83  50],[-28 -35  15],[-98  61 -35]
2842,155025,50255,25515,51550,[ 45 -70 -30],[ 25 -60   5],[  0 -80  15],[-70 -30  55]
2843,155025,502510,251015,101550,[ 45 -65 -25],[ 30 -60  10],[  5 -75  15],[-65 -25  45]
2844,155025,502520,252015,201550,[ 45 -55 -15],[ 40 -60  20],[ 15 -65  15],[-55 -15  25]
2845,155025,502530,253015,301550,[ 45 -45  -5],[ 50 -60  30],[ 25 -55  15],[-45  -5   5]
2846,155025,502535,253515,351550,[ 45 -40   0],[ 55 -60  35],[ 30 -50  15],[-40   0  -5]
2847,155025,502540,254015,401550,[ 45 -35   5],[ 60 -60  40],[ 35 -45  15],[-35   5 -15]
2848,155025,502545,254515,451550,[ 45 -30  10],[ 65 -60  45],[ 40 -40  15],[-30  10 -25]
2849,155030,50300,30015,01550,[ 50 -70 -45],[ 20 -55 -10],[  0 -85   5],[-70 -45  65]
2850,155030,50305,30515,51550,[ 50 -65 -40],[ 25 -55  -5],[  5 -80   5],[-65 -40  55]
2851,155030,503010,301015,101550,[ 50 -60 -35],[ 30 -55   0],[ 10 -75   5],[-60 -35  45]
2852,155030,503020,302015,201550,[ 50 -50 -25],[ 40 -55  10],[ 20 -65   5],[-50 -25  25]
2853,155030,503025,302515,251550,[ 50 -45 -20],[ 45 -55  15],[ 25 -60   5],[-45 -20  15]
2854,155030,503035,303515,351550,[ 50 -35 -10],[ 55 -55  25],[ 35 -50   5],[-35 -10  -5]
2855,155030,503040,304015,401550,[ 50 -30  -5],[ 60 -55  30],[ 40 -45   5],[-30  -5 -15]
2856,155030,503045,304515,451550,[ 50 -25   0],[ 65 -55  35],[ 45 -40   5],[-25   0 -25]
2857,155035,50350,35015,01550,[ 23 -47  -5],[ 20 -82  30],[-27 -35  -5],[-97  59 -35]
2858,155035,50355,35515,51550,[ 55 -60 -50],[ 25 -50 -15],[ 10 -80  -5],[-60 -50  55]
2859,155035,503510,351015,101550,[ 55 -55 -45],[ 30 -50 -10],[ 15 -75  -5],[-55 -45  45]
2860,155035,503520,352015,201550,[ 55 -45 -35],[ 40 -50   0],[ 25 -65  -5],[-45 -35  25]
2861,155035,503525,352515,251550,[ 55 -40 -30],[ 45 -50   5],[ 30 -60  -5],[-40 -30  15]
2862,155035,503530,353015,301550,[ 55 -35 -25],[ 50 -50  10],[ 35 -55  -5],[-35 -25   5]
2863,155035,503540,354015,401550,[ 55 -25 -15],[ 60 -50  20],[ 45 -45  -5],[-25 -15 -15]
2864,155035,503545,354515,451550,[ 55 -20 -10],[ 65 -50  25],[ 50 -40  -5],[-20 -10 -25]
2865,155040,50400,40015,01550,[ 60 -60 -65],[ 20 -45 -30],[ 10 -85 -15],[-60 -65  65]
2866,155040,50405,40515,51550,[ 60 -55 -60],[ 25 -45 -25],[ 15 -80 -15],[-55 -60  55]
2867,155040,504010,401015,101550,[ 60 -50 -55],[ 30 -45 -20],[ 20 -75 -15],[-50 -55  45]
2868,155040,504020,402015,201550,[ 60 -40 -45],[ 40 -45 -10],[ 30 -65 -15],[-40 -45  25]
2869,155040,504025,402515,251550,[ 60 -35 -40],[ 45 -45  -5],[ 35 -60 -15],[-35 -40  15]
2870,155040,504030,403015,301550,[ 60 -30 -35],[ 50 -45   0],[ 40 -55 -15],[-30 -35   5]
2871,155040,504035,403515,351550,[ 60 -25 -30],[ 55 -45   5],[ 45 -50 -15],[-25 -30  -5]
2872,155040,504045,404515,451550,[ 60 -15 -20],[ 65 -45  15],[ 55 -40 -15],[-15 -20 -25]
2873,155045,50450,45015,01550,[ 24 -46 -25],[ 20 -81  10],[-26 -35 -25],[-96  57 -35]
2874,155045,50455,45515,51550,[ 65 -50 -70],[ 25 -40 -35],[ 20 -80 -25],[-50 -70  55]
2875,155045,504510,451015,101550,[ 65 -45 -65],[ 30 -40 -30],[ 25 -75 -25],[-45 -65  45]
2876,155045,504520,452015,201550,[ 65 -35 -55],[ 40 -40 -20],[ 35 -65 -25],[-35 -55  25]
2877,155045,504525,452515,251550,[ 65 -30 -50],[ 45 -40 -15],[ 40 -60 -25],[-30 -50  15]
2878,155045,504530,453015,301550,[ 65 -25 -45],[ 50 -40 -10],[ 45 -55 -25],[-25 -45   5]
2879,155045,504535,453515,351550,[ 65 -20 -40],[ 55 -40  -5],[ 50 -50 -25],[-20 -40  -5]
2880,155045,504540,454015,401550,[ 65 -15 -35],[ 60 -40   0],[ 55 -45 -25],[-15 -35 -15]
2881,2005,0510,51020,10200,[-35  15  20],[-30  25   0],[-25  30  10],[15 20  0]
2882,2005,0515,51520,15200,[-35  20  25],[-25  25   5],[-20  35  10],[ 20  25 -10]
2883,2005,0525,52520,25200,[-35  30  35],[-15  25  15],[-10  45  10],[ 30  35 -30]
2884,2005,0530,53020,30200,[-35  35  40],[-10  25  20],[-5 50 10],[ 35  40 -40]
2885,2005,0535,53520,35200,[-35  40  45],[-5 25 25],[ 0 55 10],[ 40  45 -50]
2886,2005,0540,54020,40200,[-35  45  50],[ 0 25 30],[ 5 60 10],[ 45  50 -60]
2887,2005,0545,54520,45200,[-35  50  55],[ 5 25 35],[10 65 10],[ 50  55 -70]
2888,2005,0550,55020,50200,[-35  55  60],[10 25 40],[15 70 10],[ 55  60 -80]
2889,20010,0105,10520,5200,[-30  15   5],[-35  30 -15],[-25  25   0],[15  5 10]
2890,20010,01015,101520,15200,[-30  25  15],[-25  30  -5],[-15  35   0],[ 25  15 -10]
2891,20010,01025,102520,25200,[-30  35  25],[-15  30   5],[-5 45  0],[ 35  25 -30]
2892,20010,01030,103020,30200,[-30  40  30],[-10  30  10],[ 0 50  0],[ 40  30 -40]
2893,20010,01035,103520,35200,[-30  45  35],[-5 30 15],[ 5 55  0],[ 45  35 -50]
2894,20010,01040,104020,40200,[-30  50  40],[ 0 30 20],[10 60  0],[ 50  40 -60]
2895,20010,01045,104520,45200,[-30  55  45],[ 5 30 25],[15 65  0],[ 55  45 -70]
2896,20010,01050,105020,50200,[-30  60  50],[10 30 30],[20 70  0],[ 60  50 -80]
2897,20015,0155,15520,5200,[-25  20  -5],[-35  35 -25],[-20  25 -10],[20 -5 10]
2898,20015,01510,151020,10200,[-25  25   0],[-30  35 -20],[-15  30 -10],[25  0  0]
2899,20015,01525,152520,25200,[-25  40  15],[-15  35  -5],[  0  45 -10],[ 40  15 -30]
2900,20015,01530,153020,30200,[-25  45  20],[-10  35   0],[  5  50 -10],[ 45  20 -40]
2901,20015,01535,153520,35200,[-25  50  25],[-5 35  5],[ 10  55 -10],[ 50  25 -50]
2902,20015,01540,154020,40200,[-25  55  30],[ 0 35 10],[ 15  60 -10],[ 55  30 -60]
2903,20015,01545,154520,45200,[-25  60  35],[ 5 35 15],[ 20  65 -10],[ 60  35 -70]
2904,20015,01550,155020,50200,[-25  65  40],[10 35 20],[ 25  70 -10],[ 65  40 -80]
2905,20025,0255,25520,5200,[-15  30 -25],[-35  45 -45],[-10  25 -30],[ 30 -25  10]
2906,20025,02510,251020,10200,[-15  35 -20],[-30  45 -40],[ -5  30 -30],[ 35 -20   0]
2907,20025,02515,251520,15200,[-15  40 -15],[-25  45 -35],[  0  35 -30],[ 40 -15 -10]
2908,20025,02530,253020,30200,[-15  55   0],[-10  45 -20],[ 15  50 -30],[ 55   0 -40]
2909,20025,02535,253520,35200,[-15  60   5],[ -5  45 -15],[ 20  55 -30],[ 60   5 -50]
2910,20025,02540,254020,40200,[-15  65  10],[  0  45 -10],[ 25  60 -30],[ 65  10 -60]
2911,20025,02545,254520,45200,[-15  70  15],[ 5 45 -5],[ 30  65 -30],[ 70  15 -70]
2912,20025,02550,255020,50200,[-15  75  20],[10 45  0],[ 35  70 -30],[ 75  20 -80]
2913,20030,0305,30520,5200,[-10  35 -35],[-35  50 -55],[ -5  25 -40],[ 35 -35  10]
2914,20030,03010,301020,10200,[-10  40 -30],[-30  50 -50],[  0  30 -40],[ 40 -30   0]
2915,20030,03015,301520,15200,[-10  45 -25],[-25  50 -45],[  5  35 -40],[ 45 -25 -10]
2916,20030,03025,302520,25200,[-10  55 -15],[-15  50 -35],[ 15  45 -40],[ 55 -15 -30]
2917,20030,03035,303520,35200,[-10  65  -5],[ -5  50 -25],[ 25  55 -40],[ 65  -5 -50]
2918,20030,03040,304020,40200,[-10  70   0],[  0  50 -20],[ 30  60 -40],[ 70   0 -60]
2919,20030,03045,304520,45200,[-10  75   5],[  5  50 -15],[ 35  65 -40],[ 75   5 -70]
2920,20030,03050,305020,50200,[-10  80  10],[ 10  50 -10],[ 40  70 -40],[ 80  10 -80]
2921,20035,0355,35520,5200,[ -5  40 -45],[-35  55 -65],[  0  25 -50],[ 40 -45  10]
2922,20035,03510,351020,10200,[ -5  45 -40],[-30  55 -60],[  5  30 -50],[ 45 -40   0]
2923,20035,03515,351520,15200,[ -5  50 -35],[-25  55 -55],[ 10  35 -50],[ 50 -35 -10]
2924,20035,03525,352520,25200,[ -5  60 -25],[-15  55 -45],[ 20  45 -50],[ 60 -25 -30]
2925,20035,03530,353020,30200,[ -5  65 -20],[-10  55 -40],[ 25  50 -50],[ 65 -20 -40]
2926,20035,03540,354020,40200,[ -5  75 -10],[  0  55 -30],[ 35  60 -50],[ 75 -10 -60]
2927,20035,03545,354520,45200,[-5 80 -5],[  5  55 -25],[ 40  65 -50],[ 80  -5 -70]
2928,20035,03550,355020,50200,[-5 85  0],[ 10  55 -20],[ 45  70 -50],[ 85   0 -80]
2929,20040,0405,40520,5200,[  0  45 -55],[-35  60 -75],[  5  25 -60],[ 45 -55  10]
2930,20040,04010,401020,10200,[  0  50 -50],[-30  60 -70],[ 10  30 -60],[ 50 -50   0]
2931,20040,04015,401520,15200,[  0  55 -45],[-25  60 -65],[ 15  35 -60],[ 55 -45 -10]
2932,20040,04025,402520,25200,[  0  65 -35],[-15  60 -55],[ 25  45 -60],[ 65 -35 -30]
2933,20040,04030,403020,30200,[  0  70 -30],[-10  60 -50],[ 30  50 -60],[ 70 -30 -40]
2934,20040,04035,403520,35200,[  0  75 -25],[ -5  60 -45],[ 35  55 -60],[ 75 -25 -50]
2935,20040,04045,404520,45200,[  0  85 -15],[  5  60 -35],[ 45  65 -60],[ 85 -15 -70]
2936,20040,04050,405020,50200,[  0  90 -10],[ 10  60 -30],[ 50  70 -60],[ 90 -10 -80]
2937,20045,0455,45520,5200,[  5  50 -65],[-35  65 -85],[ 10  25 -70],[ 50 -65  10]
2938,20045,04510,451020,10200,[  5  55 -60],[-30  65 -80],[ 15  30 -70],[ 55 -60   0]
2939,20045,04515,451520,15200,[  5  60 -55],[-25  65 -75],[ 20  35 -70],[ 60 -55 -10]
2940,20045,04525,452520,25200,[  5  70 -45],[-15  65 -65],[ 30  45 -70],[ 70 -45 -30]
2941,20045,04530,453020,30200,[  5  75 -40],[-10  65 -60],[ 35  50 -70],[ 75 -40 -40]
2942,20045,04535,453520,35200,[  5  80 -35],[ -5  65 -55],[ 40  55 -70],[ 80 -35 -50]
2943,20045,04540,454020,40200,[  5  85 -30],[  0  65 -50],[ 45  60 -70],[ 85 -30 -60]
2944,20045,04550,455020,50200,[  5  95 -20],[ 10  65 -40],[ 55  70 -70],[ 95 -20 -80]
2945,20050,0505,50520,5200,[ 10  55 -75],[-35  70 -95],[ 15  25 -80],[ 55 -75  10]
2946,20050,05010,501020,10200,[ 10  60 -70],[-30  70 -90],[ 20  30 -80],[ 60 -70   0]
2947,20050,05015,501520,15200,[ 10  65 -65],[-25  70 -85],[ 25  35 -80],[ 65 -65 -10]
2948,20050,05025,502520,25200,[ 10  75 -55],[-15  70 -75],[ 35  45 -80],[ 75 -55 -30]
2949,20050,05030,503020,30200,[ 10  80 -50],[-10  70 -70],[ 40  50 -80],[ 80 -50 -40]
2950,20050,05035,503520,35200,[ 10  85 -45],[ -5  70 -65],[ 45  55 -80],[ 85 -45 -50]
2951,20050,05040,504020,40200,[ 10  90 -40],[  0  70 -60],[ 50  60 -80],[ 90 -40 -60]
2952,20050,05045,504520,45200,[ 10  95 -35],[  5  70 -55],[ 55  65 -80],[ 95 -35 -70]
2953,2050,5010,01020,10205,[  1  10 -70],[ 11  20 -85],[  6  30 -75],[ 0 30  5]
2954,2050,5015,01520,15205,[  1  15 -65],[ 16  20 -80],[ 11  35 -75],[ 5 35 -5]
2955,2050,5025,02520,25205,[  1  25 -55],[ 26  20 -70],[ 21  45 -75],[ 15  45 -25]
2956,2050,5030,03020,30205,[  1  30 -50],[ 31  20 -65],[ 26  50 -75],[ 20  50 -35]
2957,2050,5035,03520,35205,[  1  35 -45],[ 36  20 -60],[ 31  55 -75],[ 25  55 -45]
2958,2050,5040,04020,40205,[  1  40 -40],[ 41  20 -55],[ 36  60 -75],[ 30  60 -55]
2959,2050,5045,04520,45205,[  1  45 -35],[ 46  20 -50],[ 41  65 -75],[ 35  65 -65]
2960,2050,5050,05020,50205,[  1  50 -30],[ 51  20 -45],[ 46  70 -75],[ 40  70 -75]
2961,20510,5100,10020,0205,[-25   0   0],[-35  20 -15],[-30  10   5],[ 0  0 25]
2962,20510,51015,101520,15205,[-25  15  15],[-20  20   0],[-15  25   5],[15 15 -5]
2963,20510,51025,102520,25205,[-25  25  25],[-10  20  10],[-5 35  5],[ 25  25 -25]
2964,20510,51030,103020,30205,[-25  30  30],[-5 20 15],[ 0 40  5],[ 30  30 -35]
2965,20510,51035,103520,35205,[-25  35  35],[ 0 20 20],[ 5 45  5],[ 35  35 -45]
2966,20510,51040,104020,40205,[-25  40  40],[ 5 20 25],[10 50  5],[ 40  40 -55]
2967,20510,51045,104520,45205,[-25  45  45],[10 20 30],[15 55  5],[ 45  45 -65]
2968,20510,51050,105020,50205,[-25  50  50],[15 20 35],[20 60  5],[ 50  50 -75]
2969,20515,5150,15020,0205,[-34  41  40],[-35  11  25],[-39  60  -5],[ -9  68 -75]
2970,20515,51510,151020,10205,[-20  15   0],[-25  25 -15],[-15  20  -5],[15  0  5]
2971,20515,51525,152520,25205,[-20  30  15],[-10  25   0],[ 0 35 -5],[ 30  15 -25]
2972,20515,51530,153020,30205,[-20  35  20],[-5 25  5],[ 5 40 -5],[ 35  20 -35]
2973,20515,51535,153520,35205,[-20  40  25],[ 0 25 10],[10 45 -5],[ 40  25 -45]
2974,20515,51540,154020,40205,[-20  45  30],[ 5 25 15],[15 50 -5],[ 45  30 -55]
2975,20515,51545,154520,45205,[-20  50  35],[10 25 20],[20 55 -5],[ 50  35 -65]
2976,20515,51550,155020,50205,[-20  55  40],[15 25 25],[25 60 -5],[ 55  40 -75]
2977,20525,5250,25020,0205,[-33  42  20],[-35  12   5],[-38  60 -25],[ -8  66 -75]
2978,20525,52510,251020,10205,[-10  25 -20],[-25  35 -35],[ -5  20 -25],[ 25 -20   5]
2979,20525,52515,251520,15205,[-10  30 -15],[-20  35 -30],[  0  25 -25],[ 30 -15  -5]
2980,20525,52530,253020,30205,[-10  45   0],[ -5  35 -15],[ 15  40 -25],[ 45   0 -35]
2981,20525,52535,253520,35205,[-10  50   5],[  0  35 -10],[ 20  45 -25],[ 50   5 -45]
2982,20525,52540,254020,40205,[-10  55  10],[ 5 35 -5],[ 25  50 -25],[ 55  10 -55]
2983,20525,52545,254520,45205,[-10  60  15],[10 35  0],[ 30  55 -25],[ 60  15 -65]
2984,20525,52550,255020,50205,[-10  65  20],[15 35  5],[ 35  60 -25],[ 65  20 -75]
2985,20530,5300,30020,0205,[ -5  20 -40],[-35  40 -55],[-10  10 -35],[ 20 -40  25]
2986,20530,53010,301020,10205,[ -5  30 -30],[-25  40 -45],[  0  20 -35],[ 30 -30   5]
2987,20530,53015,301520,15205,[ -5  35 -25],[-20  40 -40],[  5  25 -35],[ 35 -25  -5]
2988,20530,53025,302520,25205,[ -5  45 -15],[-10  40 -30],[ 15  35 -35],[ 45 -15 -25]
2989,20530,53035,303520,35205,[-5 55 -5],[  0  40 -20],[ 25  45 -35],[ 55  -5 -45]
2990,20530,53040,304020,40205,[-5 60  0],[  5  40 -15],[ 30  50 -35],[ 60   0 -55]
2991,20530,53045,304520,45205,[-5 65  5],[ 10  40 -10],[ 35  55 -35],[ 65   5 -65]
2992,20530,53050,305020,50205,[-5 70 10],[15 40 -5],[ 40  60 -35],[ 70  10 -75]
2993,20535,5350,35020,0205,[-32  43   0],[-35  13 -15],[-37  60 -45],[ -7  64 -75]
2994,20535,53510,351020,10205,[  0  35 -40],[-25  45 -55],[  5  20 -45],[ 35 -40   5]
2995,20535,53515,351520,15205,[  0  40 -35],[-20  45 -50],[ 10  25 -45],[ 40 -35  -5]
2996,20535,53525,352520,25205,[  0  50 -25],[-10  45 -40],[ 20  35 -45],[ 50 -25 -25]
2997,20535,53530,353020,30205,[  0  55 -20],[ -5  45 -35],[ 25  40 -45],[ 55 -20 -35]
2998,20535,53540,354020,40205,[  0  65 -10],[  5  45 -25],[ 35  50 -45],[ 65 -10 -55]
2999,20535,53545,354520,45205,[ 0 70 -5],[ 10  45 -20],[ 40  55 -45],[ 70  -5 -65]
3000,20535,53550,355020,50205,[ 0 75  0],[ 15  45 -15],[ 45  60 -45],[ 75   0 -75]
3001,20540,5400,40020,0205,[  5  30 -60],[-35  50 -75],[  0  10 -55],[ 30 -60  25]
3002,20540,54010,401020,10205,[  5  40 -50],[-25  50 -65],[ 10  20 -55],[ 40 -50   5]
3003,20540,54015,401520,15205,[  5  45 -45],[-20  50 -60],[ 15  25 -55],[ 45 -45  -5]
3004,20540,54025,402520,25205,[  5  55 -35],[-10  50 -50],[ 25  35 -55],[ 55 -35 -25]
3005,20540,54030,403020,30205,[  5  60 -30],[ -5  50 -45],[ 30  40 -55],[ 60 -30 -35]
3006,20540,54035,403520,35205,[  5  65 -25],[  0  50 -40],[ 35  45 -55],[ 65 -25 -45]
3007,20540,54045,404520,45205,[  5  75 -15],[ 10  50 -30],[ 45  55 -55],[ 75 -15 -65]
3008,20540,54050,405020,50205,[  5  80 -10],[ 15  50 -25],[ 50  60 -55],[ 80 -10 -75]
3009,20545,5450,45020,0205,[-31  44 -20],[-35  14 -35],[-36  60 -65],[ -6  62 -75]
3010,20545,54510,451020,10205,[ 10  45 -60],[-25  55 -75],[ 15  20 -65],[ 45 -60   5]
3011,20545,54515,451520,15205,[ 10  50 -55],[-20  55 -70],[ 20  25 -65],[ 50 -55  -5]
3012,20545,54525,452520,25205,[ 10  60 -45],[-10  55 -60],[ 30  35 -65],[ 60 -45 -25]
3013,20545,54530,453020,30205,[ 10  65 -40],[ -5  55 -55],[ 35  40 -65],[ 65 -40 -35]
3014,20545,54535,453520,35205,[ 10  70 -35],[  0  55 -50],[ 40  45 -65],[ 70 -35 -45]
3015,20545,54540,454020,40205,[ 10  75 -30],[  5  55 -45],[ 45  50 -65],[ 75 -30 -55]
3016,20545,54550,455020,50205,[ 10  85 -20],[ 15  55 -35],[ 55  60 -65],[ 85 -20 -75]
3017,20550,5500,50020,0205,[ 15  40 -80],[-35  60 -95],[ 10  10 -75],[ 40 -80  25]
3018,20550,55010,501020,10205,[ 15  50 -70],[-25  60 -85],[ 20  20 -75],[ 50 -70   5]
3019,20550,55015,501520,15205,[ 15  55 -65],[-20  60 -80],[ 25  25 -75],[ 55 -65  -5]
3020,20550,55025,502520,25205,[ 15  65 -55],[-10  60 -70],[ 35  35 -75],[ 65 -55 -25]
3021,20550,55030,503020,30205,[ 15  70 -50],[ -5  60 -65],[ 40  40 -75],[ 70 -50 -35]
3022,20550,55035,503520,35205,[ 15  75 -45],[  0  60 -60],[ 45  45 -75],[ 75 -45 -45]
3023,20550,55040,504020,40205,[ 15  80 -40],[  5  60 -55],[ 50  50 -75],[ 80 -40 -55]
3024,20550,55045,504520,45205,[ 15  85 -35],[ 10  60 -50],[ 55  55 -75],[ 85 -35 -65]
3025,20100,1005,0520,52010,[-30 -15  25],[-25   0  15],[-35   5  30],[-15  25  20]
3026,20100,10015,01520,152010,[-30  -5  35],[-15   0  25],[-25  15  30],[-5 35  0]
3027,20100,10025,02520,252010,[-30   5  45],[-5  0 35],[-15  25  30],[  5  45 -20]
3028,20100,10030,03020,302010,[-30  10  50],[ 0  0 40],[-10  30  30],[ 10  50 -30]
3029,20100,10035,03520,352010,[-30  15  55],[ 5  0 45],[-5 35 30],[ 15  55 -40]
3030,20100,10040,04020,402010,[-30  20  60],[10  0 50],[ 0 40 30],[ 20  60 -50]
3031,20100,10045,04520,452010,[-30  25  65],[15  0 55],[ 5 45 30],[ 25  65 -60]
3032,20100,10050,05020,502010,[-30  30  70],[20  0 60],[10 50 30],[ 30  70 -70]
3033,20105,1050,5020,02010,[-34 -20  60],[-39   0  50],[-35   0  20],[  3  20 -70]
3034,20105,10515,51520,152010,[-25   0  25],[-15   5  15],[-20  15  20],[ 0 25  0]
3035,20105,10525,52520,252010,[-25  10  35],[-5  5 25],[-10  25  20],[ 10  35 -20]
3036,20105,10530,53020,302010,[-25  15  40],[ 0  5 30],[-5 30 20],[ 15  40 -30]
3037,20105,10535,53520,352010,[-25  20  45],[ 5  5 35],[ 0 35 20],[ 20  45 -40]
3038,20105,10540,54020,402010,[-25  25  50],[10  5 40],[ 5 40 20],[ 25  50 -50]
3039,20105,10545,54520,452010,[-25  30  55],[15  5 45],[10 45 20],[ 30  55 -60]
3040,20105,10550,55020,502010,[-25  35  60],[20  5 50],[15 50 20],[ 35  60 -70]
3041,201015,10150,15020,02010,[-29  31  40],[-30   1  30],[-39  50   0],[-19  68 -70]
3042,201015,10155,15520,52010,[-15   0  -5],[-25  15 -15],[-20   5   0],[ 0 -5 20]
3043,201015,101525,152520,252010,[-15  20  15],[-5 15  5],[ 0 25  0],[ 20  15 -20]
3044,201015,101530,153020,302010,[-15  25  20],[ 0 15 10],[ 5 30  0],[ 25  20 -30]
3045,201015,101535,153520,352010,[-15  30  25],[ 5 15 15],[10 35  0],[ 30  25 -40]
3046,201015,101540,154020,402010,[-15  35  30],[10 15 20],[15 40  0],[ 35  30 -50]
3047,201015,101545,154520,452010,[-15  40  35],[15 15 25],[20 45  0],[ 40  35 -60]
3048,201015,101550,155020,502010,[-15  45  40],[20 15 30],[25 50  0],[ 45  40 -70]
3049,201025,10250,25020,02010,[-28  32  20],[-30   2  10],[-38  50 -20],[-18  66 -70]
3050,201025,10255,25520,52010,[ -5  10 -25],[-25  25 -35],[-10   5 -20],[ 10 -25  20]
3051,201025,102515,251520,152010,[ -5  20 -15],[-15  25 -25],[  0  15 -20],[ 20 -15   0]
3052,201025,102530,253020,302010,[-5 35  0],[  0  25 -10],[ 15  30 -20],[ 35   0 -30]
3053,201025,102535,253520,352010,[-5 40  5],[ 5 25 -5],[ 20  35 -20],[ 40   5 -40]
3054,201025,102540,254020,402010,[-5 45 10],[10 25  0],[ 25  40 -20],[ 45  10 -50]
3055,201025,102545,254520,452010,[-5 50 15],[15 25  5],[ 30  45 -20],[ 50  15 -60]
3056,201025,102550,255020,502010,[-5 55 20],[20 25 10],[ 35  50 -20],[ 55  20 -70]
3057,201030,10300,30020,02010,[  0  10 -40],[-30  30 -50],[-10   0 -30],[ 10 -40  30]
3058,201030,10305,30520,52010,[  0  15 -35],[-25  30 -45],[ -5   5 -30],[ 15 -35  20]
3059,201030,103015,301520,152010,[  0  25 -25],[-15  30 -35],[  5  15 -30],[ 25 -25   0]
3060,201030,103025,302520,252010,[  0  35 -15],[ -5  30 -25],[ 15  25 -30],[ 35 -15 -20]
3061,201030,103035,303520,352010,[ 0 45 -5],[  5  30 -15],[ 25  35 -30],[ 45  -5 -40]
3062,201030,103040,304020,402010,[ 0 50  0],[ 10  30 -10],[ 30  40 -30],[ 50   0 -50]
3063,201030,103045,304520,452010,[ 0 55  5],[15 30 -5],[ 35  45 -30],[ 55   5 -60]
3064,201030,103050,305020,502010,[ 0 60 10],[20 30  0],[ 40  50 -30],[ 60  10 -70]
3065,201035,10350,35020,02010,[-27  33   0],[-30   3 -10],[-37  50 -40],[-17  64 -70]
3066,201035,10355,35520,52010,[  5  20 -45],[-25  35 -55],[  0   5 -40],[ 20 -45  20]
3067,201035,103515,351520,152010,[  5  30 -35],[-15  35 -45],[ 10  15 -40],[ 30 -35   0]
3068,201035,103525,352520,252010,[  5  40 -25],[ -5  35 -35],[ 20  25 -40],[ 40 -25 -20]
3069,201035,103530,353020,302010,[  5  45 -20],[  0  35 -30],[ 25  30 -40],[ 45 -20 -30]
3070,201035,103540,354020,402010,[  5  55 -10],[ 10  35 -20],[ 35  40 -40],[ 55 -10 -50]
3071,201035,103545,354520,452010,[ 5 60 -5],[ 15  35 -15],[ 40  45 -40],[ 60  -5 -60]
3072,201035,103550,355020,502010,[ 5 65  0],[ 20  35 -10],[ 45  50 -40],[ 65   0 -70]
3073,201040,10400,40020,02010,[ 10  20 -60],[-30  40 -70],[  0   0 -50],[ 20 -60  30]
3074,201040,10405,40520,52010,[ 10  25 -55],[-25  40 -65],[  5   5 -50],[ 25 -55  20]
3075,201040,104015,401520,152010,[ 10  35 -45],[-15  40 -55],[ 15  15 -50],[ 35 -45   0]
3076,201040,104025,402520,252010,[ 10  45 -35],[ -5  40 -45],[ 25  25 -50],[ 45 -35 -20]
3077,201040,104030,403020,302010,[ 10  50 -30],[  0  40 -40],[ 30  30 -50],[ 50 -30 -30]
3078,201040,104035,403520,352010,[ 10  55 -25],[  5  40 -35],[ 35  35 -50],[ 55 -25 -40]
3079,201040,104045,404520,452010,[ 10  65 -15],[ 15  40 -25],[ 45  45 -50],[ 65 -15 -60]
3080,201040,104050,405020,502010,[ 10  70 -10],[ 20  40 -20],[ 50  50 -50],[ 70 -10 -70]
3081,201045,10450,45020,02010,[-26  34 -20],[-30   4 -30],[-36  50 -60],[-16  62 -70]
3082,201045,10455,45520,52010,[ 15  30 -65],[-25  45 -75],[ 10   5 -60],[ 30 -65  20]
3083,201045,104515,451520,152010,[ 15  40 -55],[-15  45 -65],[ 20  15 -60],[ 40 -55   0]
3084,201045,104525,452520,252010,[ 15  50 -45],[ -5  45 -55],[ 30  25 -60],[ 50 -45 -20]
3085,201045,104530,453020,302010,[ 15  55 -40],[  0  45 -50],[ 35  30 -60],[ 55 -40 -30]
3086,201045,104535,453520,352010,[ 15  60 -35],[  5  45 -45],[ 40  35 -60],[ 60 -35 -40]
3087,201045,104540,454020,402010,[ 15  65 -30],[ 10  45 -40],[ 45  40 -60],[ 65 -30 -50]
3088,201045,104550,455020,502010,[ 15  75 -20],[ 20  45 -30],[ 55  50 -60],[ 75 -20 -70]
3089,201050,10500,50020,02010,[ 20  30 -80],[-30  50 -90],[ 10   0 -70],[ 30 -80  30]
3090,201050,10505,50520,52010,[ 20  35 -75],[-25  50 -85],[ 15   5 -70],[ 35 -75  20]
3091,201050,105015,501520,152010,[ 20  45 -65],[-15  50 -75],[ 25  15 -70],[ 45 -65   0]
3092,201050,105025,502520,252010,[ 20  55 -55],[ -5  50 -65],[ 35  25 -70],[ 55 -55 -20]
3093,201050,105030,503020,302010,[ 20  60 -50],[  0  50 -60],[ 40  30 -70],[ 60 -50 -30]
3094,201050,105035,503520,352010,[ 20  65 -45],[  5  50 -55],[ 45  35 -70],[ 65 -45 -40]
3095,201050,105040,504020,402010,[ 20  70 -40],[ 10  50 -50],[ 50  40 -70],[ 70 -40 -50]
3096,201050,105045,504520,452010,[ 20  75 -35],[ 15  50 -45],[ 55  45 -70],[ 75 -35 -60]
3097,20150,1505,0520,52015,[-39  53 -75],[-34  68 -80],[-35  23 -65],[  3 -75  25]
3098,20150,15010,01020,102015,[-39  58 -70],[-29  68 -75],[-30  28 -65],[  8 -70  15]
3099,20150,15025,02520,252015,[-39  73 -55],[-14  68 -60],[-15  43 -65],[ 23 -55 -15]
3100,20150,15030,03020,302015,[-39  78 -50],[ -9  68 -55],[-10  48 -65],[ 28 -50 -25]
3101,20150,15035,03520,352015,[-39  83 -45],[ -4  68 -50],[ -5  53 -65],[ 33 -45 -35]
3102,20150,15040,04020,402015,[-39  88 -40],[  1  68 -45],[  0  58 -65],[ 38 -40 -45]
3103,20150,15045,04520,452015,[-39  93 -35],[  6  68 -40],[  5  63 -65],[ 43 -35 -55]
3104,20150,15050,05020,502015,[-39  98 -30],[ 11  68 -35],[ 10  68 -65],[ 48 -30 -65]
3105,20155,1550,5020,02015,[-34 -25  60],[-39  -5  55],[-35 -10  25],[  3  10 -65]
3106,20155,15510,51020,102015,[-20 -15  20],[-15  -5  15],[-25   0  25],[-15  20  15]
3107,20155,15525,52520,252015,[-20   0  35],[ 0 -5 30],[-10  15  25],[  0  35 -15]
3108,20155,15530,53020,302015,[-20   5  40],[ 5 -5 35],[-5 20 25],[  5  40 -25]
3109,20155,15535,53520,352015,[-20  10  45],[10 -5 40],[ 0 25 25],[ 10  45 -35]
3110,20155,15540,54020,402015,[-20  15  50],[15 -5 45],[ 5 30 25],[ 15  50 -45]
3111,20155,15545,54520,452015,[-20  20  55],[20 -5 50],[10 35 25],[ 20  55 -55]
3112,20155,15550,55020,502015,[-20  25  60],[25 -5 55],[15 40 25],[ 25  60 -65]
3113,201510,15100,10020,02015,[-15 -20   0],[-25   0  -5],[-30 -10  15],[-20   0  35]
3114,201510,15105,10520,52015,[-15 -15   5],[-20   0   0],[-25  -5  15],[-15   5  25]
3115,201510,151025,102520,252015,[-15   5  25],[ 0  0 20],[-5 15 15],[  5  25 -15]
3116,201510,151030,103020,302015,[-15  10  30],[ 5  0 25],[ 0 20 15],[ 10  30 -25]
3117,201510,151035,103520,352015,[-15  15  35],[10  0 30],[ 5 25 15],[ 15  35 -35]
3118,201510,151040,104020,402015,[-15  20  40],[15  0 35],[10 30 15],[ 20  40 -45]
3119,201510,151045,104520,452015,[-15  25  45],[20  0 40],[15 35 15],[ 25  45 -55]
3120,201510,151050,105020,502015,[-15  30  50],[25  0 45],[20 40 15],[ 30  50 -65]
3121,201525,15250,25020,02015,[-23  22  20],[-25  -8  15],[-38  40 -15],[-28  66 -65]
3122,201525,15255,25520,52015,[  0   0 -25],[-20  15 -30],[-10  -5 -15],[  0 -25  25]
3123,201525,152510,251020,102015,[  0   5 -20],[-15  15 -25],[ -5   0 -15],[  5 -20  15]
3124,201525,152530,253020,302015,[ 0 25  0],[ 5 15 -5],[ 15  20 -15],[ 25   0 -25]
3125,201525,152535,253520,352015,[ 0 30  5],[10 15  0],[ 20  25 -15],[ 30   5 -35]
3126,201525,152540,254020,402015,[ 0 35 10],[15 15  5],[ 25  30 -15],[ 35  10 -45]
3127,201525,152545,254520,452015,[ 0 40 15],[20 15 10],[ 30  35 -15],[ 40  15 -55]
3128,201525,152550,255020,502015,[ 0 45 20],[25 15 15],[ 35  40 -15],[ 45  20 -65]
3129,201530,15300,30020,02015,[  5   0 -40],[-25  20 -45],[-10 -10 -25],[  0 -40  35]
3130,201530,15305,30520,52015,[  5   5 -35],[-20  20 -40],[ -5  -5 -25],[  5 -35  25]
3131,201530,153010,301020,102015,[  5  10 -30],[-15  20 -35],[  0   0 -25],[ 10 -30  15]
3132,201530,153025,302520,252015,[  5  25 -15],[  0  20 -20],[ 15  15 -25],[ 25 -15 -15]
3133,201530,153035,303520,352015,[ 5 35 -5],[ 10  20 -10],[ 25  25 -25],[ 35  -5 -35]
3134,201530,153040,304020,402015,[ 5 40  0],[15 20 -5],[ 30  30 -25],[ 40   0 -45]
3135,201530,153045,304520,452015,[ 5 45  5],[20 20  0],[ 35  35 -25],[ 45   5 -55]
3136,201530,153050,305020,502015,[ 5 50 10],[25 20  5],[ 40  40 -25],[ 50  10 -65]
3137,201535,15350,35020,02015,[-22  23   0],[-25  -7  -5],[-37  40 -35],[-27  64 -65]
3138,201535,15355,35520,52015,[ 10  10 -45],[-20  25 -50],[  0  -5 -35],[ 10 -45  25]
3139,201535,153510,351020,102015,[ 10  15 -40],[-15  25 -45],[  5   0 -35],[ 15 -40  15]
3140,201535,153525,352520,252015,[ 10  30 -25],[  0  25 -30],[ 20  15 -35],[ 30 -25 -15]
3141,201535,153530,353020,302015,[ 10  35 -20],[  5  25 -25],[ 25  20 -35],[ 35 -20 -25]
3142,201535,153540,354020,402015,[ 10  45 -10],[ 15  25 -15],[ 35  30 -35],[ 45 -10 -45]
3143,201535,153545,354520,452015,[10 50 -5],[ 20  25 -10],[ 40  35 -35],[ 50  -5 -55]
3144,201535,153550,355020,502015,[10 55  0],[25 25 -5],[ 45  40 -35],[ 55   0 -65]
3145,201540,15400,40020,02015,[ 15  10 -60],[-25  30 -65],[  0 -10 -45],[ 10 -60  35]
3146,201540,15405,40520,52015,[ 15  15 -55],[-20  30 -60],[  5  -5 -45],[ 15 -55  25]
3147,201540,154010,401020,102015,[ 15  20 -50],[-15  30 -55],[ 10   0 -45],[ 20 -50  15]
3148,201540,154025,402520,252015,[ 15  35 -35],[  0  30 -40],[ 25  15 -45],[ 35 -35 -15]
3149,201540,154030,403020,302015,[ 15  40 -30],[  5  30 -35],[ 30  20 -45],[ 40 -30 -25]
3150,201540,154035,403520,352015,[ 15  45 -25],[ 10  30 -30],[ 35  25 -45],[ 45 -25 -35]
3151,201540,154045,404520,452015,[ 15  55 -15],[ 20  30 -20],[ 45  35 -45],[ 55 -15 -55]
3152,201540,154050,405020,502015,[ 15  60 -10],[ 25  30 -15],[ 50  40 -45],[ 60 -10 -65]
3153,201545,15450,45020,02015,[-21  24 -20],[-25  -6 -25],[-36  40 -55],[-26  62 -65]
3154,201545,15455,45520,52015,[ 20  20 -65],[-20  35 -70],[ 10  -5 -55],[ 20 -65  25]
3155,201545,154510,451020,102015,[ 20  25 -60],[-15  35 -65],[ 15   0 -55],[ 25 -60  15]
3156,201545,154525,452520,252015,[ 20  40 -45],[  0  35 -50],[ 30  15 -55],[ 40 -45 -15]
3157,201545,154530,453020,302015,[ 20  45 -40],[  5  35 -45],[ 35  20 -55],[ 45 -40 -25]
3158,201545,154535,453520,352015,[ 20  50 -35],[ 10  35 -40],[ 40  25 -55],[ 50 -35 -35]
3159,201545,154540,454020,402015,[ 20  55 -30],[ 15  35 -35],[ 45  30 -55],[ 55 -30 -45]
3160,201545,154550,455020,502015,[ 20  65 -20],[ 25  35 -25],[ 55  40 -55],[ 65 -20 -65]
3161,201550,15500,50020,02015,[ 25  20 -80],[-25  40 -85],[ 10 -10 -65],[ 20 -80  35]
3162,201550,15505,50520,52015,[ 25  25 -75],[-20  40 -80],[ 15  -5 -65],[ 25 -75  25]
3163,201550,155010,501020,102015,[ 25  30 -70],[-15  40 -75],[ 20   0 -65],[ 30 -70  15]
3164,201550,155025,502520,252015,[ 25  45 -55],[  0  40 -60],[ 35  15 -65],[ 45 -55 -15]
3165,201550,155030,503020,302015,[ 25  50 -50],[  5  40 -55],[ 40  20 -65],[ 50 -50 -25]
3166,201550,155035,503520,352015,[ 25  55 -45],[ 10  40 -50],[ 45  25 -65],[ 55 -45 -35]
3167,201550,155040,504020,402015,[ 25  60 -40],[ 15  40 -45],[ 50  30 -65],[ 60 -40 -45]
3168,201550,155045,504520,452015,[ 25  65 -35],[ 20  40 -40],[ 55  35 -65],[ 65 -35 -55]
3169,20250,2505,0520,52025,[-38  51 -75],[-33  66 -70],[-35  21 -55],[  1 -75  35]
3170,20250,25010,01020,102025,[-38  56 -70],[-28  66 -65],[-30  26 -55],[  6 -70  25]
3171,20250,25015,01520,152025,[-38  61 -65],[-23  66 -60],[-25  31 -55],[ 11 -65  15]
3172,20250,25030,03020,302025,[-38  76 -50],[ -8  66 -45],[-10  46 -55],[ 26 -50 -15]
3173,20250,25035,03520,352025,[-38  81 -45],[ -3  66 -40],[ -5  51 -55],[ 31 -45 -25]
3174,20250,25040,04020,402025,[-38  86 -40],[  2  66 -35],[  0  56 -55],[ 36 -40 -35]
3175,20250,25045,04520,452025,[-38  91 -35],[  7  66 -30],[  5  61 -55],[ 41 -35 -45]
3176,20250,25050,05020,502025,[-38  96 -30],[ 12  66 -25],[ 10  66 -55],[ 46 -30 -55]
3177,20255,2550,5020,02025,[-33 -45  60],[-38 -25  65],[-35 -30  35],[  1  10 -55]
3178,20255,25510,51020,102025,[-10 -35  20],[ -5 -25  25],[-25 -20  35],[-35  20  25]
3179,20255,25515,51520,152025,[-10 -30  25],[  0 -25  30],[-20 -15  35],[-30  25  15]
3180,20255,25530,53020,302025,[-10 -15  40],[ 15 -25  45],[-5  0 35],[-15  40 -15]
3181,20255,25535,53520,352025,[-10 -10  45],[ 20 -25  50],[ 0  5 35],[-10  45 -25]
3182,20255,25540,54020,402025,[-10  -5  50],[ 25 -25  55],[ 5 10 35],[ -5  50 -35]
3183,20255,25545,54520,452025,[-10   0  55],[ 30 -25  60],[10 15 35],[  0  55 -45]
3184,20255,25550,55020,502025,[-10   5  60],[ 35 -25  65],[15 20 35],[  5  60 -55]
3185,202510,25100,10020,02025,[ -5 -40   0],[-15 -20   5],[-30 -30  25],[-40   0  45]
3186,202510,25105,10520,52025,[ -5 -35   5],[-10 -20  10],[-25 -25  25],[-35   5  35]
3187,202510,251015,101520,152025,[ -5 -25  15],[  0 -20  20],[-15 -15  25],[-25  15  15]
3188,202510,251030,103020,302025,[ -5 -10  30],[ 15 -20  35],[ 0  0 25],[-10  30 -15]
3189,202510,251035,103520,352025,[-5 -5 35],[ 20 -20  40],[ 5  5 25],[ -5  35 -25]
3190,202510,251040,104020,402025,[-5  0 40],[ 25 -20  45],[10 10 25],[  0  40 -35]
3191,202510,251045,104520,452025,[-5  5 45],[ 30 -20  50],[15 15 25],[  5  45 -45]
3192,202510,251050,105020,502025,[-5 10 50],[ 35 -20  55],[20 20 25],[ 10  50 -55]
3193,202515,25150,15020,02025,[-14   1  40],[-15 -29  45],[-39  20  15],[-49  68 -55]
3194,202515,25155,15520,52025,[  0 -30  -5],[-10 -15   0],[-20 -25  15],[-30  -5  35]
3195,202515,251510,151020,102025,[  0 -25   0],[ -5 -15   5],[-15 -20  15],[-25   0  25]
3196,202515,251530,153020,302025,[ 0 -5 20],[ 15 -15  25],[ 5  0 15],[ -5  20 -15]
3197,202515,251535,153520,352025,[ 0  0 25],[ 20 -15  30],[10  5 15],[  0  25 -25]
3198,202515,251540,154020,402025,[ 0  5 30],[ 25 -15  35],[15 10 15],[  5  30 -35]
3199,202515,251545,154520,452025,[ 0 10 35],[ 30 -15  40],[20 15 15],[ 10  35 -45]
3200,202515,251550,155020,502025,[ 0 15 40],[ 35 -15  45],[25 20 15],[ 15  40 -55]
3201,202530,25300,30020,02025,[ 15 -20 -40],[-15   0 -35],[-10 -30 -15],[-20 -40  45]
3202,202530,25305,30520,52025,[ 15 -15 -35],[-10   0 -30],[ -5 -25 -15],[-15 -35  35]
3203,202530,253010,301020,102025,[ 15 -10 -30],[ -5   0 -25],[  0 -20 -15],[-10 -30  25]
3204,202530,253015,301520,152025,[ 15  -5 -25],[  0   0 -20],[  5 -15 -15],[ -5 -25  15]
3205,202530,253035,303520,352025,[15 15 -5],[20  0  0],[ 25   5 -15],[ 15  -5 -25]
3206,202530,253040,304020,402025,[15 20  0],[25  0  5],[ 30  10 -15],[ 20   0 -35]
3207,202530,253045,304520,452025,[15 25  5],[30  0 10],[ 35  15 -15],[ 25   5 -45]
3208,202530,253050,305020,502025,[15 30 10],[35  0 15],[ 40  20 -15],[ 30  10 -55]
3209,202535,25350,35020,02025,[-12   3   0],[-15 -27   5],[-37  20 -25],[-47  64 -55]
3210,202535,25355,35520,52025,[ 20 -10 -45],[-10   5 -40],[  0 -25 -25],[-10 -45  35]
3211,202535,253510,351020,102025,[ 20  -5 -40],[ -5   5 -35],[  5 -20 -25],[ -5 -40  25]
3212,202535,253515,351520,152025,[ 20   0 -35],[  0   5 -30],[ 10 -15 -25],[  0 -35  15]
3213,202535,253530,353020,302025,[ 20  15 -20],[ 15   5 -15],[ 25   0 -25],[ 15 -20 -15]
3214,202535,253540,354020,402025,[ 20  25 -10],[25  5 -5],[ 35  10 -25],[ 25 -10 -35]
3215,202535,253545,354520,452025,[20 30 -5],[30  5  0],[ 40  15 -25],[ 30  -5 -45]
3216,202535,253550,355020,502025,[20 35  0],[35  5  5],[ 45  20 -25],[ 35   0 -55]
3217,202540,25400,40020,02025,[ 25 -10 -60],[-15  10 -55],[  0 -30 -35],[-10 -60  45]
3218,202540,25405,40520,52025,[ 25  -5 -55],[-10  10 -50],[  5 -25 -35],[ -5 -55  35]
3219,202540,254010,401020,102025,[ 25   0 -50],[ -5  10 -45],[ 10 -20 -35],[  0 -50  25]
3220,202540,254015,401520,152025,[ 25   5 -45],[  0  10 -40],[ 15 -15 -35],[  5 -45  15]
3221,202540,254030,403020,302025,[ 25  20 -30],[ 15  10 -25],[ 30   0 -35],[ 20 -30 -15]
3222,202540,254035,403520,352025,[ 25  25 -25],[ 20  10 -20],[ 35   5 -35],[ 25 -25 -25]
3223,202540,254045,404520,452025,[ 25  35 -15],[ 30  10 -10],[ 45  15 -35],[ 35 -15 -45]
3224,202540,254050,405020,502025,[ 25  40 -10],[35 10 -5],[ 50  20 -35],[ 40 -10 -55]
3225,202545,25450,45020,02025,[-11   4 -20],[-15 -26 -15],[-36  20 -45],[-46  62 -55]
3226,202545,25455,45520,52025,[ 30   0 -65],[-10  15 -60],[ 10 -25 -45],[  0 -65  35]
3227,202545,254510,451020,102025,[ 30   5 -60],[ -5  15 -55],[ 15 -20 -45],[  5 -60  25]
3228,202545,254515,451520,152025,[ 30  10 -55],[  0  15 -50],[ 20 -15 -45],[ 10 -55  15]
3229,202545,254530,453020,302025,[ 30  25 -40],[ 15  15 -35],[ 35   0 -45],[ 25 -40 -15]
3230,202545,254535,453520,352025,[ 30  30 -35],[ 20  15 -30],[ 40   5 -45],[ 30 -35 -25]
3231,202545,254540,454020,402025,[ 30  35 -30],[ 25  15 -25],[ 45  10 -45],[ 35 -30 -35]
3232,202545,254550,455020,502025,[ 30  45 -20],[ 35  15 -15],[ 55  20 -45],[ 45 -20 -55]
3233,202550,25500,50020,02025,[ 35   0 -80],[-15  20 -75],[ 10 -30 -55],[  0 -80  45]
3234,202550,25505,50520,52025,[ 35   5 -75],[-10  20 -70],[ 15 -25 -55],[  5 -75  35]
3235,202550,255010,501020,102025,[ 35  10 -70],[ -5  20 -65],[ 20 -20 -55],[ 10 -70  25]
3236,202550,255015,501520,152025,[ 35  15 -65],[  0  20 -60],[ 25 -15 -55],[ 15 -65  15]
3237,202550,255030,503020,302025,[ 35  30 -50],[ 15  20 -45],[ 40   0 -55],[ 30 -50 -15]
3238,202550,255035,503520,352025,[ 35  35 -45],[ 20  20 -40],[ 45   5 -55],[ 35 -45 -25]
3239,202550,255040,504020,402025,[ 35  40 -40],[ 25  20 -35],[ 50  10 -55],[ 40 -40 -35]
3240,202550,255045,504520,452025,[ 35  45 -35],[ 30  20 -30],[ 55  15 -55],[ 45 -35 -45]
3241,20300,3005,0520,52030,[-10 -55  25],[ -5 -40  35],[-35 -35  50],[-55  25  40]
3242,20300,30010,01020,102030,[-10 -50  30],[  0 -40  40],[-30 -30  50],[-50  30  30]
3243,20300,30015,01520,152030,[-10 -45  35],[  5 -40  45],[-25 -25  50],[-45  35  20]
3244,20300,30025,02520,252030,[-10 -35  45],[ 15 -40  55],[-15 -15  50],[-35  45   0]
3245,20300,30035,03520,352030,[-10 -25  55],[ 25 -40  65],[-5 -5 50],[-25  55 -20]
3246,20300,30040,04020,402030,[-10 -20  60],[ 30 -40  70],[ 0  0 50],[-20  60 -30]
3247,20300,30045,04520,452030,[-10 -15  65],[ 35 -40  75],[ 5  5 50],[-15  65 -40]
3248,20300,30050,05020,502030,[-10 -10  70],[ 40 -40  80],[10 10 50],[-10  70 -50]
3249,20305,3050,5020,02030,[-32 -60  60],[-37 -40  70],[-35 -40  40],[ -1  20 -50]
3250,20305,30510,51020,102030,[ -5 -45  20],[  0 -35  30],[-25 -30  40],[-45  20  30]
3251,20305,30515,51520,152030,[ -5 -40  25],[  5 -35  35],[-20 -25  40],[-40  25  20]
3252,20305,30525,52520,252030,[ -5 -30  35],[ 15 -35  45],[-10 -15  40],[-30  35   0]
3253,20305,30535,53520,352030,[ -5 -20  45],[ 25 -35  55],[ 0 -5 40],[-20  45 -20]
3254,20305,30540,54020,402030,[ -5 -15  50],[ 30 -35  60],[ 5  0 40],[-15  50 -30]
3255,20305,30545,54520,452030,[ -5 -10  55],[ 35 -35  65],[10  5 40],[-10  55 -40]
3256,20305,30550,55020,502030,[-5 -5 60],[ 40 -35  70],[15 10 40],[ -5  60 -50]
3257,203010,30100,10020,02030,[  0 -50   0],[-10 -30  10],[-30 -40  30],[-50   0  50]
3258,203010,30105,10520,52030,[  0 -45   5],[ -5 -30  15],[-25 -35  30],[-45   5  40]
3259,203010,301015,101520,152030,[  0 -35  15],[  5 -30  25],[-15 -25  30],[-35  15  20]
3260,203010,301025,102520,252030,[  0 -25  25],[ 15 -30  35],[ -5 -15  30],[-25  25   0]
3261,203010,301035,103520,352030,[  0 -15  35],[ 25 -30  45],[ 5 -5 30],[-15  35 -20]
3262,203010,301040,104020,402030,[  0 -10  40],[ 30 -30  50],[10  0 30],[-10  40 -30]
3263,203010,301045,104520,452030,[ 0 -5 45],[ 35 -30  55],[15  5 30],[ -5  45 -40]
3264,203010,301050,105020,502030,[ 0  0 50],[ 40 -30  60],[20 10 30],[  0  50 -50]
3265,203015,30150,15020,02030,[-9 -9 40],[-10 -39  50],[-39  10  20],[-59  68 -50]
3266,203015,30155,15520,52030,[  5 -40  -5],[ -5 -25   5],[-20 -35  20],[-40  -5  40]
3267,203015,301510,151020,102030,[  5 -35   0],[  0 -25  10],[-15 -30  20],[-35   0  30]
3268,203015,301525,152520,252030,[  5 -20  15],[ 15 -25  25],[  0 -15  20],[-20  15   0]
3269,203015,301535,153520,352030,[  5 -10  25],[ 25 -25  35],[10 -5 20],[-10  25 -20]
3270,203015,301540,154020,402030,[ 5 -5 30],[ 30 -25  40],[15  0 20],[ -5  30 -30]
3271,203015,301545,154520,452030,[ 5  0 35],[ 35 -25  45],[20  5 20],[  0  35 -40]
3272,203015,301550,155020,502030,[ 5  5 40],[ 40 -25  50],[25 10 20],[  5  40 -50]
3273,203025,30250,25020,02030,[-8 -8 20],[-10 -38  30],[-38  10   0],[-58  66 -50]
3274,203025,30255,25520,52030,[ 15 -30 -25],[ -5 -15 -15],[-10 -35   0],[-30 -25  40]
3275,203025,302510,251020,102030,[ 15 -25 -20],[  0 -15 -10],[ -5 -30   0],[-25 -20  30]
3276,203025,302515,251520,152030,[ 15 -20 -15],[  5 -15  -5],[  0 -25   0],[-20 -15  20]
3277,203025,302535,253520,352030,[15  0  5],[ 25 -15  15],[20 -5  0],[  0   5 -20]
3278,203025,302540,254020,402030,[15  5 10],[ 30 -15  20],[25  0  0],[  5  10 -30]
3279,203025,302545,254520,452030,[15 10 15],[ 35 -15  25],[30  5  0],[ 10  15 -40]
3280,203025,302550,255020,502030,[15 15 20],[ 40 -15  30],[35 10  0],[ 15  20 -50]
3281,203035,30350,35020,02030,[-7 -7  0],[-10 -37  10],[-37  10 -20],[-57  64 -50]
3282,203035,30355,35520,52030,[ 25 -20 -45],[ -5  -5 -35],[  0 -35 -20],[-20 -45  40]
3283,203035,303510,351020,102030,[ 25 -15 -40],[  0  -5 -30],[  5 -30 -20],[-15 -40  30]
3284,203035,303515,351520,152030,[ 25 -10 -35],[  5  -5 -25],[ 10 -25 -20],[-10 -35  20]
3285,203035,303525,352520,252030,[ 25   0 -25],[ 15  -5 -15],[ 20 -15 -20],[  0 -25   0]
3286,203035,303540,354020,402030,[ 25  15 -10],[30 -5  0],[ 35   0 -20],[ 15 -10 -30]
3287,203035,303545,354520,452030,[25 20 -5],[35 -5  5],[ 40   5 -20],[ 20  -5 -40]
3288,203035,303550,355020,502030,[25 25  0],[40 -5 10],[ 45  10 -20],[ 25   0 -50]
3289,203040,30400,40020,02030,[ 30 -20 -60],[-10   0 -50],[  0 -40 -30],[-20 -60  50]
3290,203040,30405,40520,52030,[ 30 -15 -55],[ -5   0 -45],[  5 -35 -30],[-15 -55  40]
3291,203040,304010,401020,102030,[ 30 -10 -50],[  0   0 -40],[ 10 -30 -30],[-10 -50  30]
3292,203040,304015,401520,152030,[ 30  -5 -45],[  5   0 -35],[ 15 -25 -30],[ -5 -45  20]
3293,203040,304025,402520,252030,[ 30   5 -35],[ 15   0 -25],[ 25 -15 -30],[  5 -35   0]
3294,203040,304035,403520,352030,[ 30  15 -25],[ 25   0 -15],[ 35  -5 -30],[ 15 -25 -20]
3295,203040,304045,404520,452030,[ 30  25 -15],[35  0 -5],[ 45   5 -30],[ 25 -15 -40]
3296,203040,304050,405020,502030,[ 30  30 -10],[40  0  0],[ 50  10 -30],[ 30 -10 -50]
3297,203045,30450,45020,02030,[ -6  -6 -20],[-10 -36 -10],[-36  10 -40],[-56  62 -50]
3298,203045,30455,45520,52030,[ 35 -10 -65],[ -5   5 -55],[ 10 -35 -40],[-10 -65  40]
3299,203045,304510,451020,102030,[ 35  -5 -60],[  0   5 -50],[ 15 -30 -40],[ -5 -60  30]
3300,203045,304515,451520,152030,[ 35   0 -55],[  5   5 -45],[ 20 -25 -40],[  0 -55  20]
3301,203045,304525,452520,252030,[ 35  10 -45],[ 15   5 -35],[ 30 -15 -40],[ 10 -45   0]
3302,203045,304535,453520,352030,[ 35  20 -35],[ 25   5 -25],[ 40  -5 -40],[ 20 -35 -20]
3303,203045,304540,454020,402030,[ 35  25 -30],[ 30   5 -20],[ 45   0 -40],[ 25 -30 -30]
3304,203045,304550,455020,502030,[ 35  35 -20],[ 40   5 -10],[ 55  10 -40],[ 35 -20 -50]
3305,203050,30500,50020,02030,[ 40 -10 -80],[-10  10 -70],[ 10 -40 -50],[-10 -80  50]
3306,203050,30505,50520,52030,[ 40  -5 -75],[ -5  10 -65],[ 15 -35 -50],[ -5 -75  40]
3307,203050,305010,501020,102030,[ 40   0 -70],[  0  10 -60],[ 20 -30 -50],[  0 -70  30]
3308,203050,305015,501520,152030,[ 40   5 -65],[  5  10 -55],[ 25 -25 -50],[  5 -65  20]
3309,203050,305025,502520,252030,[ 40  15 -55],[ 15  10 -45],[ 35 -15 -50],[ 15 -55   0]
3310,203050,305035,503520,352030,[ 40  25 -45],[ 25  10 -35],[ 45  -5 -50],[ 25 -45 -20]
3311,203050,305040,504020,402030,[ 40  30 -40],[ 30  10 -30],[ 50   0 -50],[ 30 -40 -30]
3312,203050,305045,504520,452030,[ 40  35 -35],[ 35  10 -25],[ 55   5 -50],[ 35 -35 -40]
3313,20350,3505,0520,52035,[-37  49 -75],[-32  64 -60],[-35  19 -45],[ -1 -75  45]
3314,20350,35010,01020,102035,[-37  54 -70],[-27  64 -55],[-30  24 -45],[  4 -70  35]
3315,20350,35015,01520,152035,[-37  59 -65],[-22  64 -50],[-25  29 -45],[  9 -65  25]
3316,20350,35025,02520,252035,[-37  69 -55],[-12  64 -40],[-15  39 -45],[ 19 -55   5]
3317,20350,35030,03020,302035,[-37  74 -50],[ -7  64 -35],[-10  44 -45],[ 24 -50  -5]
3318,20350,35040,04020,402035,[-37  84 -40],[  3  64 -25],[  0  54 -45],[ 34 -40 -25]
3319,20350,35045,04520,452035,[-37  89 -35],[  8  64 -20],[  5  59 -45],[ 39 -35 -35]
3320,20350,35050,05020,502035,[-37  94 -30],[ 13  64 -15],[ 10  64 -45],[ 44 -30 -45]
3321,20355,3550,5020,02035,[-32 -65  60],[-37 -45  75],[-35 -50  45],[ -1  10 -45]
3322,20355,35510,51020,102035,[  0 -55  20],[  5 -45  35],[-25 -40  45],[-55  20  35]
3323,20355,35515,51520,152035,[  0 -50  25],[ 10 -45  40],[-20 -35  45],[-50  25  25]
3324,20355,35525,52520,252035,[  0 -40  35],[ 20 -45  50],[-10 -25  45],[-40  35   5]
3325,20355,35530,53020,302035,[  0 -35  40],[ 25 -45  55],[ -5 -20  45],[-35  40  -5]
3326,20355,35540,54020,402035,[  0 -25  50],[ 35 -45  65],[  5 -10  45],[-25  50 -25]
3327,20355,35545,54520,452035,[  0 -20  55],[ 40 -45  70],[10 -5 45],[-20  55 -35]
3328,20355,35550,55020,502035,[  0 -15  60],[ 45 -45  75],[15  0 45],[-15  60 -45]
3329,203510,35100,10020,02035,[  5 -60   0],[ -5 -40  15],[-30 -50  35],[-60   0  55]
3330,203510,35105,10520,52035,[  5 -55   5],[  0 -40  20],[-25 -45  35],[-55   5  45]
3331,203510,351015,101520,152035,[  5 -45  15],[ 10 -40  30],[-15 -35  35],[-45  15  25]
3332,203510,351025,102520,252035,[  5 -35  25],[ 20 -40  40],[ -5 -25  35],[-35  25   5]
3333,203510,351030,103020,302035,[  5 -30  30],[ 25 -40  45],[  0 -20  35],[-30  30  -5]
3334,203510,351040,104020,402035,[  5 -20  40],[ 35 -40  55],[ 10 -10  35],[-20  40 -25]
3335,203510,351045,104520,452035,[  5 -15  45],[ 40 -40  60],[15 -5 35],[-15  45 -35]
3336,203510,351050,105020,502035,[  5 -10  50],[ 45 -40  65],[20  0 35],[-10  50 -45]
3337,203515,35150,15020,02035,[ -4 -19  40],[ -5 -49  55],[-39   0  25],[-69  68 -45]
3338,203515,35155,15520,52035,[ 10 -50  -5],[  0 -35  10],[-20 -45  25],[-50  -5  45]
3339,203515,351510,151020,102035,[ 10 -45   0],[  5 -35  15],[-15 -40  25],[-45   0  35]
3340,203515,351525,152520,252035,[ 10 -30  15],[ 20 -35  30],[  0 -25  25],[-30  15   5]
3341,203515,351530,153020,302035,[ 10 -25  20],[ 25 -35  35],[  5 -20  25],[-25  20  -5]
3342,203515,351540,154020,402035,[ 10 -15  30],[ 35 -35  45],[ 15 -10  25],[-15  30 -25]
3343,203515,351545,154520,452035,[ 10 -10  35],[ 40 -35  50],[20 -5 25],[-10  35 -35]
3344,203515,351550,155020,502035,[10 -5 40],[ 45 -35  55],[25  0 25],[ -5  40 -45]
3345,203525,35250,25020,02035,[ -3 -18  20],[ -5 -48  35],[-38   0   5],[-68  66 -45]
3346,203525,35255,25520,52035,[ 20 -40 -25],[  0 -25 -10],[-10 -45   5],[-40 -25  45]
3347,203525,352510,251020,102035,[ 20 -35 -20],[  5 -25  -5],[ -5 -40   5],[-35 -20  35]
3348,203525,352515,251520,152035,[ 20 -30 -15],[ 10 -25   0],[  0 -35   5],[-30 -15  25]
3349,203525,352530,253020,302035,[ 20 -15   0],[ 25 -25  15],[ 15 -20   5],[-15   0  -5]
3350,203525,352540,254020,402035,[20 -5 10],[ 35 -25  25],[ 25 -10   5],[ -5  10 -25]
3351,203525,352545,254520,452035,[20  0 15],[ 40 -25  30],[30 -5  5],[  0  15 -35]
3352,203525,352550,255020,502035,[20  5 20],[ 45 -25  35],[35  0  5],[  5  20 -45]
3353,203530,35300,30020,02035,[ 25 -40 -40],[ -5 -20 -25],[-10 -50  -5],[-40 -40  55]
3354,203530,35305,30520,52035,[ 25 -35 -35],[  0 -20 -20],[ -5 -45  -5],[-35 -35  45]
3355,203530,353010,301020,102035,[ 25 -30 -30],[  5 -20 -15],[  0 -40  -5],[-30 -30  35]
3356,203530,353015,301520,152035,[ 25 -25 -25],[ 10 -20 -10],[  5 -35  -5],[-25 -25  25]
3357,203530,353025,302520,252035,[ 25 -15 -15],[ 20 -20   0],[ 15 -25  -5],[-15 -15   5]
3358,203530,353040,304020,402035,[25  0  0],[ 35 -20  15],[ 30 -10  -5],[  0   0 -25]
3359,203530,353045,304520,452035,[25  5  5],[ 40 -20  20],[35 -5 -5],[  5   5 -35]
3360,203530,353050,305020,502035,[25 10 10],[ 45 -20  25],[40  0 -5],[ 10  10 -45]
3361,203540,35400,40020,02035,[ 35 -30 -60],[ -5 -10 -45],[  0 -50 -25],[-30 -60  55]
3362,203540,35405,40520,52035,[ 35 -25 -55],[  0 -10 -40],[  5 -45 -25],[-25 -55  45]
3363,203540,354010,401020,102035,[ 35 -20 -50],[  5 -10 -35],[ 10 -40 -25],[-20 -50  35]
3364,203540,354015,401520,152035,[ 35 -15 -45],[ 10 -10 -30],[ 15 -35 -25],[-15 -45  25]
3365,203540,354025,402520,252035,[ 35  -5 -35],[ 20 -10 -20],[ 25 -25 -25],[ -5 -35   5]
3366,203540,354030,403020,302035,[ 35   0 -30],[ 25 -10 -15],[ 30 -20 -25],[  0 -30  -5]
3367,203540,354045,404520,452035,[ 35  15 -15],[ 40 -10   0],[ 45  -5 -25],[ 15 -15 -35]
3368,203540,354050,405020,502035,[ 35  20 -10],[ 45 -10   5],[ 50   0 -25],[ 20 -10 -45]
3369,203545,35450,45020,02035,[ -1 -16 -20],[ -5 -46  -5],[-36   0 -35],[-66  62 -45]
3370,203545,35455,45520,52035,[ 40 -20 -65],[  0  -5 -50],[ 10 -45 -35],[-20 -65  45]
3371,203545,354510,451020,102035,[ 40 -15 -60],[  5  -5 -45],[ 15 -40 -35],[-15 -60  35]
3372,203545,354515,451520,152035,[ 40 -10 -55],[ 10  -5 -40],[ 20 -35 -35],[-10 -55  25]
3373,203545,354525,452520,252035,[ 40   0 -45],[ 20  -5 -30],[ 30 -25 -35],[  0 -45   5]
3374,203545,354530,453020,302035,[ 40   5 -40],[ 25  -5 -25],[ 35 -20 -35],[  5 -40  -5]
3375,203545,354540,454020,402035,[ 40  15 -30],[ 35  -5 -15],[ 45 -10 -35],[ 15 -30 -25]
3376,203545,354550,455020,502035,[ 40  25 -20],[45 -5 -5],[ 55   0 -35],[ 25 -20 -45]
3377,203550,35500,50020,02035,[ 45 -20 -80],[ -5   0 -65],[ 10 -50 -45],[-20 -80  55]
3378,203550,35505,50520,52035,[ 45 -15 -75],[  0   0 -60],[ 15 -45 -45],[-15 -75  45]
3379,203550,355010,501020,102035,[ 45 -10 -70],[  5   0 -55],[ 20 -40 -45],[-10 -70  35]
3380,203550,355015,501520,152035,[ 45  -5 -65],[ 10   0 -50],[ 25 -35 -45],[ -5 -65  25]
3381,203550,355025,502520,252035,[ 45   5 -55],[ 20   0 -40],[ 35 -25 -45],[  5 -55   5]
3382,203550,355030,503020,302035,[ 45  10 -50],[ 25   0 -35],[ 40 -20 -45],[ 10 -50  -5]
3383,203550,355040,504020,402035,[ 45  20 -40],[ 35   0 -25],[ 50 -10 -45],[ 20 -40 -25]
3384,203550,355045,504520,452035,[ 45  25 -35],[ 40   0 -20],[ 55  -5 -45],[ 25 -35 -35]
3385,20400,4005,0520,52040,[  0 -75  25],[  5 -60  45],[-35 -55  60],[-75  25  50]
3386,20400,40010,01020,102040,[  0 -70  30],[ 10 -60  50],[-30 -50  60],[-70  30  40]
3387,20400,40015,01520,152040,[  0 -65  35],[ 15 -60  55],[-25 -45  60],[-65  35  30]
3388,20400,40025,02520,252040,[  0 -55  45],[ 25 -60  65],[-15 -35  60],[-55  45  10]
3389,20400,40030,03020,302040,[  0 -50  50],[ 30 -60  70],[-10 -30  60],[-50  50   0]
3390,20400,40035,03520,352040,[  0 -45  55],[ 35 -60  75],[ -5 -25  60],[-45  55 -10]
3391,20400,40045,04520,452040,[  0 -35  65],[ 45 -60  85],[  5 -15  60],[-35  65 -30]
3392,20400,40050,05020,502040,[  0 -30  70],[ 50 -60  90],[ 10 -10  60],[-30  70 -40]
3393,20405,4050,5020,02040,[-31 -80  60],[-36 -60  80],[-35 -60  50],[ -3  20 -40]
3394,20405,40510,51020,102040,[  5 -65  20],[ 10 -55  40],[-25 -50  50],[-65  20  40]
3395,20405,40515,51520,152040,[  5 -60  25],[ 15 -55  45],[-20 -45  50],[-60  25  30]
3396,20405,40525,52520,252040,[  5 -50  35],[ 25 -55  55],[-10 -35  50],[-50  35  10]
3397,20405,40530,53020,302040,[  5 -45  40],[ 30 -55  60],[ -5 -30  50],[-45  40   0]
3398,20405,40535,53520,352040,[  5 -40  45],[ 35 -55  65],[  0 -25  50],[-40  45 -10]
3399,20405,40545,54520,452040,[  5 -30  55],[ 45 -55  75],[ 10 -15  50],[-30  55 -30]
3400,20405,40550,55020,502040,[  5 -25  60],[ 50 -55  80],[ 15 -10  50],[-25  60 -40]
3401,204010,40100,10020,02040,[ 10 -70   0],[  0 -50  20],[-30 -60  40],[-70   0  60]
3402,204010,40105,10520,52040,[ 10 -65   5],[  5 -50  25],[-25 -55  40],[-65   5  50]
3403,204010,401015,101520,152040,[ 10 -55  15],[ 15 -50  35],[-15 -45  40],[-55  15  30]
3404,204010,401025,102520,252040,[ 10 -45  25],[ 25 -50  45],[ -5 -35  40],[-45  25  10]
3405,204010,401030,103020,302040,[ 10 -40  30],[ 30 -50  50],[  0 -30  40],[-40  30   0]
3406,204010,401035,103520,352040,[ 10 -35  35],[ 35 -50  55],[  5 -25  40],[-35  35 -10]
3407,204010,401045,104520,452040,[ 10 -25  45],[ 45 -50  65],[ 15 -15  40],[-25  45 -30]
3408,204010,401050,105020,502040,[ 10 -20  50],[ 50 -50  70],[ 20 -10  40],[-20  50 -40]
3409,204015,40150,15020,02040,[  1 -29  40],[  0 -59  60],[-39 -10  30],[-79  68 -40]
3410,204015,40155,15520,52040,[ 15 -60  -5],[  5 -45  15],[-20 -55  30],[-60  -5  50]
3411,204015,401510,151020,102040,[ 15 -55   0],[ 10 -45  20],[-15 -50  30],[-55   0  40]
3412,204015,401525,152520,252040,[ 15 -40  15],[ 25 -45  35],[  0 -35  30],[-40  15  10]
3413,204015,401530,153020,302040,[ 15 -35  20],[ 30 -45  40],[  5 -30  30],[-35  20   0]
3414,204015,401535,153520,352040,[ 15 -30  25],[ 35 -45  45],[ 10 -25  30],[-30  25 -10]
3415,204015,401545,154520,452040,[ 15 -20  35],[ 45 -45  55],[ 20 -15  30],[-20  35 -30]
3416,204015,401550,155020,502040,[ 15 -15  40],[ 50 -45  60],[ 25 -10  30],[-15  40 -40]
3417,204025,40250,25020,02040,[  2 -28  20],[  0 -58  40],[-38 -10  10],[-78  66 -40]
3418,204025,40255,25520,52040,[ 25 -50 -25],[  5 -35  -5],[-10 -55  10],[-50 -25  50]
3419,204025,402510,251020,102040,[ 25 -45 -20],[ 10 -35   0],[ -5 -50  10],[-45 -20  40]
3420,204025,402515,251520,152040,[ 25 -40 -15],[ 15 -35   5],[  0 -45  10],[-40 -15  30]
3421,204025,402530,253020,302040,[ 25 -25   0],[ 30 -35  20],[ 15 -30  10],[-25   0   0]
3422,204025,402535,253520,352040,[ 25 -20   5],[ 35 -35  25],[ 20 -25  10],[-20   5 -10]
3423,204025,402545,254520,452040,[ 25 -10  15],[ 45 -35  35],[ 30 -15  10],[-10  15 -30]
3424,204025,402550,255020,502040,[25 -5 20],[ 50 -35  40],[ 35 -10  10],[ -5  20 -40]
3425,204030,40300,30020,02040,[ 30 -50 -40],[  0 -30 -20],[-10 -60   0],[-50 -40  60]
3426,204030,40305,30520,52040,[ 30 -45 -35],[  5 -30 -15],[ -5 -55   0],[-45 -35  50]
3427,204030,403010,301020,102040,[ 30 -40 -30],[ 10 -30 -10],[  0 -50   0],[-40 -30  40]
3428,204030,403015,301520,152040,[ 30 -35 -25],[ 15 -30  -5],[  5 -45   0],[-35 -25  30]
3429,204030,403025,302520,252040,[ 30 -25 -15],[ 25 -30   5],[ 15 -35   0],[-25 -15  10]
3430,204030,403035,303520,352040,[ 30 -15  -5],[ 35 -30  15],[ 25 -25   0],[-15  -5 -10]
3431,204030,403045,304520,452040,[30 -5  5],[ 45 -30  25],[ 35 -15   0],[ -5   5 -30]
3432,204030,403050,305020,502040,[30  0 10],[ 50 -30  30],[ 40 -10   0],[  0  10 -40]
3433,204035,40350,35020,02040,[  3 -27   0],[  0 -57  20],[-37 -10 -10],[-77  64 -40]
3434,204035,40355,35520,52040,[ 35 -40 -45],[  5 -25 -25],[  0 -55 -10],[-40 -45  50]
3435,204035,403510,351020,102040,[ 35 -35 -40],[ 10 -25 -20],[  5 -50 -10],[-35 -40  40]
3436,204035,403515,351520,152040,[ 35 -30 -35],[ 15 -25 -15],[ 10 -45 -10],[-30 -35  30]
3437,204035,403525,352520,252040,[ 35 -20 -25],[ 25 -25  -5],[ 20 -35 -10],[-20 -25  10]
3438,204035,403530,353020,302040,[ 35 -15 -20],[ 30 -25   0],[ 25 -30 -10],[-15 -20   0]
3439,204035,403545,354520,452040,[35  0 -5],[ 45 -25  15],[ 40 -15 -10],[  0  -5 -30]
3440,204035,403550,355020,502040,[35  5  0],[ 50 -25  20],[ 45 -10 -10],[  5   0 -40]
3441,204045,40450,45020,02040,[  4 -26 -20],[  0 -56   0],[-36 -10 -30],[-76  62 -40]
3442,204045,40455,45520,52040,[ 45 -30 -65],[  5 -15 -45],[ 10 -55 -30],[-30 -65  50]
3443,204045,404510,451020,102040,[ 45 -25 -60],[ 10 -15 -40],[ 15 -50 -30],[-25 -60  40]
3444,204045,404515,451520,152040,[ 45 -20 -55],[ 15 -15 -35],[ 20 -45 -30],[-20 -55  30]
3445,204045,404525,452520,252040,[ 45 -10 -45],[ 25 -15 -25],[ 30 -35 -30],[-10 -45  10]
3446,204045,404530,453020,302040,[ 45  -5 -40],[ 30 -15 -20],[ 35 -30 -30],[ -5 -40   0]
3447,204045,404535,453520,352040,[ 45   0 -35],[ 35 -15 -15],[ 40 -25 -30],[  0 -35 -10]
3448,204045,404550,455020,502040,[ 45  15 -20],[ 50 -15   0],[ 55 -10 -30],[ 15 -20 -40]
3449,204050,40500,50020,02040,[ 50 -30 -80],[  0 -10 -60],[ 10 -60 -40],[-30 -80  60]
3450,204050,40505,50520,52040,[ 50 -25 -75],[  5 -10 -55],[ 15 -55 -40],[-25 -75  50]
3451,204050,405010,501020,102040,[ 50 -20 -70],[ 10 -10 -50],[ 20 -50 -40],[-20 -70  40]
3452,204050,405015,501520,152040,[ 50 -15 -65],[ 15 -10 -45],[ 25 -45 -40],[-15 -65  30]
3453,204050,405025,502520,252040,[ 50  -5 -55],[ 25 -10 -35],[ 35 -35 -40],[ -5 -55  10]
3454,204050,405030,503020,302040,[ 50   0 -50],[ 30 -10 -30],[ 40 -30 -40],[  0 -50   0]
3455,204050,405035,503520,352040,[ 50   5 -45],[ 35 -10 -25],[ 45 -25 -40],[  5 -45 -10]
3456,204050,405045,504520,452040,[ 50  15 -35],[ 45 -10 -15],[ 55 -15 -40],[ 15 -35 -30]
3457,20450,4505,0520,52045,[-36  47 -75],[-31  62 -50],[-35  17 -35],[ -3 -75  55]
3458,20450,45010,01020,102045,[-36  52 -70],[-26  62 -45],[-30  22 -35],[  2 -70  45]
3459,20450,45015,01520,152045,[-36  57 -65],[-21  62 -40],[-25  27 -35],[  7 -65  35]
3460,20450,45025,02520,252045,[-36  67 -55],[-11  62 -30],[-15  37 -35],[ 17 -55  15]
3461,20450,45030,03020,302045,[-36  72 -50],[ -6  62 -25],[-10  42 -35],[ 22 -50   5]
3462,20450,45035,03520,352045,[-36  77 -45],[ -1  62 -20],[ -5  47 -35],[ 27 -45  -5]
3463,20450,45040,04020,402045,[-36  82 -40],[  4  62 -15],[  0  52 -35],[ 32 -40 -15]
3464,20450,45050,05020,502045,[-36  92 -30],[14 62 -5],[ 10  62 -35],[ 42 -30 -35]
3465,20455,4550,5020,02045,[-31 -85  60],[-36 -65  85],[-35 -70  55],[ -3  10 -35]
3466,20455,45510,51020,102045,[ 10 -75  20],[ 15 -65  45],[-25 -60  55],[-75  20  45]
3467,20455,45515,51520,152045,[ 10 -70  25],[ 20 -65  50],[-20 -55  55],[-70  25  35]
3468,20455,45525,52520,252045,[ 10 -60  35],[ 30 -65  60],[-10 -45  55],[-60  35  15]
3469,20455,45530,53020,302045,[ 10 -55  40],[ 35 -65  65],[ -5 -40  55],[-55  40   5]
3470,20455,45535,53520,352045,[ 10 -50  45],[ 40 -65  70],[  0 -35  55],[-50  45  -5]
3471,20455,45540,54020,402045,[ 10 -45  50],[ 45 -65  75],[  5 -30  55],[-45  50 -15]
3472,20455,45550,55020,502045,[ 10 -35  60],[ 55 -65  85],[ 15 -20  55],[-35  60 -35]
3473,204510,45100,10020,02045,[ 15 -80   0],[  5 -60  25],[-30 -70  45],[-80   0  65]
3474,204510,45105,10520,52045,[ 15 -75   5],[ 10 -60  30],[-25 -65  45],[-75   5  55]
3475,204510,451015,101520,152045,[ 15 -65  15],[ 20 -60  40],[-15 -55  45],[-65  15  35]
3476,204510,451025,102520,252045,[ 15 -55  25],[ 30 -60  50],[ -5 -45  45],[-55  25  15]
3477,204510,451030,103020,302045,[ 15 -50  30],[ 35 -60  55],[  0 -40  45],[-50  30   5]
3478,204510,451035,103520,352045,[ 15 -45  35],[ 40 -60  60],[  5 -35  45],[-45  35  -5]
3479,204510,451040,104020,402045,[ 15 -40  40],[ 45 -60  65],[ 10 -30  45],[-40  40 -15]
3480,204510,451050,105020,502045,[ 15 -30  50],[ 55 -60  75],[ 20 -20  45],[-30  50 -35]
3481,204515,45150,15020,02045,[  6 -39  40],[  5 -69  65],[-39 -20  35],[-89  68 -35]
3482,204515,45155,15520,52045,[ 20 -70  -5],[ 10 -55  20],[-20 -65  35],[-70  -5  55]
3483,204515,451510,151020,102045,[ 20 -65   0],[ 15 -55  25],[-15 -60  35],[-65   0  45]
3484,204515,451525,152520,252045,[ 20 -50  15],[ 30 -55  40],[  0 -45  35],[-50  15  15]
3485,204515,451530,153020,302045,[ 20 -45  20],[ 35 -55  45],[  5 -40  35],[-45  20   5]
3486,204515,451535,153520,352045,[ 20 -40  25],[ 40 -55  50],[ 10 -35  35],[-40  25  -5]
3487,204515,451540,154020,402045,[ 20 -35  30],[ 45 -55  55],[ 15 -30  35],[-35  30 -15]
3488,204515,451550,155020,502045,[ 20 -25  40],[ 55 -55  65],[ 25 -20  35],[-25  40 -35]
3489,204525,45250,25020,02045,[  7 -38  20],[  5 -68  45],[-38 -20  15],[-88  66 -35]
3490,204525,45255,25520,52045,[ 30 -60 -25],[ 10 -45   0],[-10 -65  15],[-60 -25  55]
3491,204525,452510,251020,102045,[ 30 -55 -20],[ 15 -45   5],[ -5 -60  15],[-55 -20  45]
3492,204525,452515,251520,152045,[ 30 -50 -15],[ 20 -45  10],[  0 -55  15],[-50 -15  35]
3493,204525,452530,253020,302045,[ 30 -35   0],[ 35 -45  25],[ 15 -40  15],[-35   0   5]
3494,204525,452535,253520,352045,[ 30 -30   5],[ 40 -45  30],[ 20 -35  15],[-30   5  -5]
3495,204525,452540,254020,402045,[ 30 -25  10],[ 45 -45  35],[ 25 -30  15],[-25  10 -15]
3496,204525,452550,255020,502045,[ 30 -15  20],[ 55 -45  45],[ 35 -20  15],[-15  20 -35]
3497,204530,45300,30020,02045,[ 35 -60 -40],[  5 -40 -15],[-10 -70   5],[-60 -40  65]
3498,204530,45305,30520,52045,[ 35 -55 -35],[ 10 -40 -10],[ -5 -65   5],[-55 -35  55]
3499,204530,453010,301020,102045,[ 35 -50 -30],[ 15 -40  -5],[  0 -60   5],[-50 -30  45]
3500,204530,453015,301520,152045,[ 35 -45 -25],[ 20 -40   0],[  5 -55   5],[-45 -25  35]
3501,204530,453025,302520,252045,[ 35 -35 -15],[ 30 -40  10],[ 15 -45   5],[-35 -15  15]
3502,204530,453035,303520,352045,[ 35 -25  -5],[ 40 -40  20],[ 25 -35   5],[-25  -5  -5]
3503,204530,453040,304020,402045,[ 35 -20   0],[ 45 -40  25],[ 30 -30   5],[-20   0 -15]
3504,204530,453050,305020,502045,[ 35 -10  10],[ 55 -40  35],[ 40 -20   5],[-10  10 -35]
3505,204535,45350,35020,02045,[  8 -37   0],[  5 -67  25],[-37 -20  -5],[-87  64 -35]
3506,204535,45355,35520,52045,[ 40 -50 -45],[ 10 -35 -20],[  0 -65  -5],[-50 -45  55]
3507,204535,453510,351020,102045,[ 40 -45 -40],[ 15 -35 -15],[  5 -60  -5],[-45 -40  45]
3508,204535,453515,351520,152045,[ 40 -40 -35],[ 20 -35 -10],[ 10 -55  -5],[-40 -35  35]
3509,204535,453525,352520,252045,[ 40 -30 -25],[ 30 -35   0],[ 20 -45  -5],[-30 -25  15]
3510,204535,453530,353020,302045,[ 40 -25 -20],[ 35 -35   5],[ 25 -40  -5],[-25 -20   5]
3511,204535,453540,354020,402045,[ 40 -15 -10],[ 45 -35  15],[ 35 -30  -5],[-15 -10 -15]
3512,204535,453550,355020,502045,[40 -5  0],[ 55 -35  25],[ 45 -20  -5],[ -5   0 -35]
3513,204540,45400,40020,02045,[ 45 -50 -60],[  5 -30 -35],[  0 -70 -15],[-50 -60  65]
3514,204540,45405,40520,52045,[ 45 -45 -55],[ 10 -30 -30],[  5 -65 -15],[-45 -55  55]
3515,204540,454010,401020,102045,[ 45 -40 -50],[ 15 -30 -25],[ 10 -60 -15],[-40 -50  45]
3516,204540,454015,401520,152045,[ 45 -35 -45],[ 20 -30 -20],[ 15 -55 -15],[-35 -45  35]
3517,204540,454025,402520,252045,[ 45 -25 -35],[ 30 -30 -10],[ 25 -45 -15],[-25 -35  15]
3518,204540,454030,403020,302045,[ 45 -20 -30],[ 35 -30  -5],[ 30 -40 -15],[-20 -30   5]
3519,204540,454035,403520,352045,[ 45 -15 -25],[ 40 -30   0],[ 35 -35 -15],[-15 -25  -5]
3520,204540,454050,405020,502045,[ 45   0 -10],[ 55 -30  15],[ 50 -20 -15],[  0 -10 -35]
3521,204550,45500,50020,02045,[ 55 -40 -80],[  5 -20 -55],[ 10 -70 -35],[-40 -80  65]
3522,204550,45505,50520,52045,[ 55 -35 -75],[ 10 -20 -50],[ 15 -65 -35],[-35 -75  55]
3523,204550,455010,501020,102045,[ 55 -30 -70],[ 15 -20 -45],[ 20 -60 -35],[-30 -70  45]
3524,204550,455015,501520,152045,[ 55 -25 -65],[ 20 -20 -40],[ 25 -55 -35],[-25 -65  35]
3525,204550,455025,502520,252045,[ 55 -15 -55],[ 30 -20 -30],[ 35 -45 -35],[-15 -55  15]
3526,204550,455030,503020,302045,[ 55 -10 -50],[ 35 -20 -25],[ 40 -40 -35],[-10 -50   5]
3527,204550,455035,503520,352045,[ 55  -5 -45],[ 40 -20 -20],[ 45 -35 -35],[ -5 -45  -5]
3528,204550,455040,504020,402045,[ 55   0 -40],[ 45 -20 -15],[ 50 -30 -35],[  0 -40 -15]
3529,20500,5005,0520,52050,[ 10 -95  25],[ 15 -80  55],[-35 -75  70],[-95  25  60]
3530,20500,50010,01020,102050,[ 10 -90  30],[ 20 -80  60],[-30 -70  70],[-90  30  50]
3531,20500,50015,01520,152050,[ 10 -85  35],[ 25 -80  65],[-25 -65  70],[-85  35  40]
3532,20500,50025,02520,252050,[ 10 -75  45],[ 35 -80  75],[-15 -55  70],[-75  45  20]
3533,20500,50030,03020,302050,[ 10 -70  50],[ 40 -80  80],[-10 -50  70],[-70  50  10]
3534,20500,50035,03520,352050,[ 10 -65  55],[ 45 -80  85],[ -5 -45  70],[-65  55   0]
3535,20500,50040,04020,402050,[ 10 -60  60],[ 50 -80  90],[  0 -40  70],[-60  60 -10]
3536,20500,50045,04520,452050,[ 10 -55  65],[ 55 -80  95],[  5 -35  70],[-55  65 -20]
3537,20505,5050,5020,02050,[ -30 -100   60],[-35 -80  90],[-35 -80  60],[ -5  20 -30]
3538,20505,50510,51020,102050,[ 15 -85  20],[ 20 -75  50],[-25 -70  60],[-85  20  50]
3539,20505,50515,51520,152050,[ 15 -80  25],[ 25 -75  55],[-20 -65  60],[-80  25  40]
3540,20505,50525,52520,252050,[ 15 -70  35],[ 35 -75  65],[-10 -55  60],[-70  35  20]
3541,20505,50530,53020,302050,[ 15 -65  40],[ 40 -75  70],[ -5 -50  60],[-65  40  10]
3542,20505,50535,53520,352050,[ 15 -60  45],[ 45 -75  75],[  0 -45  60],[-60  45   0]
3543,20505,50540,54020,402050,[ 15 -55  50],[ 50 -75  80],[  5 -40  60],[-55  50 -10]
3544,20505,50545,54520,452050,[ 15 -50  55],[ 55 -75  85],[ 10 -35  60],[-50  55 -20]
3545,205010,50100,10020,02050,[ 20 -90   0],[ 10 -70  30],[-30 -80  50],[-90   0  70]
3546,205010,50105,10520,52050,[ 20 -85   5],[ 15 -70  35],[-25 -75  50],[-85   5  60]
3547,205010,501015,101520,152050,[ 20 -75  15],[ 25 -70  45],[-15 -65  50],[-75  15  40]
3548,205010,501025,102520,252050,[ 20 -65  25],[ 35 -70  55],[ -5 -55  50],[-65  25  20]
3549,205010,501030,103020,302050,[ 20 -60  30],[ 40 -70  60],[  0 -50  50],[-60  30  10]
3550,205010,501035,103520,352050,[ 20 -55  35],[ 45 -70  65],[  5 -45  50],[-55  35   0]
3551,205010,501040,104020,402050,[ 20 -50  40],[ 50 -70  70],[ 10 -40  50],[-50  40 -10]
3552,205010,501045,104520,452050,[ 20 -45  45],[ 55 -70  75],[ 15 -35  50],[-45  45 -20]
3553,205015,50150,15020,02050,[ 11 -49  40],[ 10 -79  70],[-39 -30  40],[-99  68 -30]
3554,205015,50155,15520,52050,[ 25 -80  -5],[ 15 -65  25],[-20 -75  40],[-80  -5  60]
3555,205015,501510,151020,102050,[ 25 -75   0],[ 20 -65  30],[-15 -70  40],[-75   0  50]
3556,205015,501525,152520,252050,[ 25 -60  15],[ 35 -65  45],[  0 -55  40],[-60  15  20]
3557,205015,501530,153020,302050,[ 25 -55  20],[ 40 -65  50],[  5 -50  40],[-55  20  10]
3558,205015,501535,153520,352050,[ 25 -50  25],[ 45 -65  55],[ 10 -45  40],[-50  25   0]
3559,205015,501540,154020,402050,[ 25 -45  30],[ 50 -65  60],[ 15 -40  40],[-45  30 -10]
3560,205015,501545,154520,452050,[ 25 -40  35],[ 55 -65  65],[ 20 -35  40],[-40  35 -20]
3561,205025,50250,25020,02050,[ 12 -48  20],[ 10 -78  50],[-38 -30  20],[-98  66 -30]
3562,205025,50255,25520,52050,[ 35 -70 -25],[ 15 -55   5],[-10 -75  20],[-70 -25  60]
3563,205025,502510,251020,102050,[ 35 -65 -20],[ 20 -55  10],[ -5 -70  20],[-65 -20  50]
3564,205025,502515,251520,152050,[ 35 -60 -15],[ 25 -55  15],[  0 -65  20],[-60 -15  40]
3565,205025,502530,253020,302050,[ 35 -45   0],[ 40 -55  30],[ 15 -50  20],[-45   0  10]
3566,205025,502535,253520,352050,[ 35 -40   5],[ 45 -55  35],[ 20 -45  20],[-40   5   0]
3567,205025,502540,254020,402050,[ 35 -35  10],[ 50 -55  40],[ 25 -40  20],[-35  10 -10]
3568,205025,502545,254520,452050,[ 35 -30  15],[ 55 -55  45],[ 30 -35  20],[-30  15 -20]
3569,205030,50300,30020,02050,[ 40 -70 -40],[ 10 -50 -10],[-10 -80  10],[-70 -40  70]
3570,205030,50305,30520,52050,[ 40 -65 -35],[ 15 -50  -5],[ -5 -75  10],[-65 -35  60]
3571,205030,503010,301020,102050,[ 40 -60 -30],[ 20 -50   0],[  0 -70  10],[-60 -30  50]
3572,205030,503015,301520,152050,[ 40 -55 -25],[ 25 -50   5],[  5 -65  10],[-55 -25  40]
3573,205030,503025,302520,252050,[ 40 -45 -15],[ 35 -50  15],[ 15 -55  10],[-45 -15  20]
3574,205030,503035,303520,352050,[ 40 -35  -5],[ 45 -50  25],[ 25 -45  10],[-35  -5   0]
3575,205030,503040,304020,402050,[ 40 -30   0],[ 50 -50  30],[ 30 -40  10],[-30   0 -10]
3576,205030,503045,304520,452050,[ 40 -25   5],[ 55 -50  35],[ 35 -35  10],[-25   5 -20]
3577,205035,50350,35020,02050,[ 13 -47   0],[ 10 -77  30],[-37 -30   0],[-97  64 -30]
3578,205035,50355,35520,52050,[ 45 -60 -45],[ 15 -45 -15],[  0 -75   0],[-60 -45  60]
3579,205035,503510,351020,102050,[ 45 -55 -40],[ 20 -45 -10],[  5 -70   0],[-55 -40  50]
3580,205035,503515,351520,152050,[ 45 -50 -35],[ 25 -45  -5],[ 10 -65   0],[-50 -35  40]
3581,205035,503525,352520,252050,[ 45 -40 -25],[ 35 -45   5],[ 20 -55   0],[-40 -25  20]
3582,205035,503530,353020,302050,[ 45 -35 -20],[ 40 -45  10],[ 25 -50   0],[-35 -20  10]
3583,205035,503540,354020,402050,[ 45 -25 -10],[ 50 -45  20],[ 35 -40   0],[-25 -10 -10]
3584,205035,503545,354520,452050,[ 45 -20  -5],[ 55 -45  25],[ 40 -35   0],[-20  -5 -20]
3585,205040,50400,40020,02050,[ 50 -60 -60],[ 10 -40 -30],[  0 -80 -10],[-60 -60  70]
3586,205040,50405,40520,52050,[ 50 -55 -55],[ 15 -40 -25],[  5 -75 -10],[-55 -55  60]
3587,205040,504010,401020,102050,[ 50 -50 -50],[ 20 -40 -20],[ 10 -70 -10],[-50 -50  50]
3588,205040,504015,401520,152050,[ 50 -45 -45],[ 25 -40 -15],[ 15 -65 -10],[-45 -45  40]
3589,205040,504025,402520,252050,[ 50 -35 -35],[ 35 -40  -5],[ 25 -55 -10],[-35 -35  20]
3590,205040,504030,403020,302050,[ 50 -30 -30],[ 40 -40   0],[ 30 -50 -10],[-30 -30  10]
3591,205040,504035,403520,352050,[ 50 -25 -25],[ 45 -40   5],[ 35 -45 -10],[-25 -25   0]
3592,205040,504045,404520,452050,[ 50 -15 -15],[ 55 -40  15],[ 45 -35 -10],[-15 -15 -20]
3593,205045,50450,45020,02050,[ 14 -46 -20],[ 10 -76  10],[-36 -30 -20],[-96  62 -30]
3594,205045,50455,45520,52050,[ 55 -50 -65],[ 15 -35 -35],[ 10 -75 -20],[-50 -65  60]
3595,205045,504510,451020,102050,[ 55 -45 -60],[ 20 -35 -30],[ 15 -70 -20],[-45 -60  50]
3596,205045,504515,451520,152050,[ 55 -40 -55],[ 25 -35 -25],[ 20 -65 -20],[-40 -55  40]
3597,205045,504525,452520,252050,[ 55 -30 -45],[ 35 -35 -15],[ 30 -55 -20],[-30 -45  20]
3598,205045,504530,453020,302050,[ 55 -25 -40],[ 40 -35 -10],[ 35 -50 -20],[-25 -40  10]
3599,205045,504535,453520,352050,[ 55 -20 -35],[ 45 -35  -5],[ 40 -45 -20],[-20 -35   0]
3600,205045,504540,454020,402050,[ 55 -15 -30],[ 50 -35   0],[ 45 -40 -20],[-15 -30 -10]
3601,2505,0510,51025,10250,[  1 -85  25],[  6 -93  50],[ 11 -88  65],[15  2 55]
3602,2505,0515,51525,15250,[  1 -80  30],[ 11 -93  55],[ 16 -83  65],[20  7 45]
3603,2505,0520,52025,20250,[  1 -75  35],[ 16 -93  60],[ 21 -78  65],[25 12 35]
3604,2505,0530,53025,30250,[  1 -65  45],[ 26 -93  70],[ 31 -68  65],[35 22 15]
3605,2505,0535,53525,35250,[  1 -60  50],[ 31 -93  75],[ 36 -63  65],[40 27  5]
3606,2505,0540,54025,40250,[  1 -55  55],[ 36 -93  80],[ 41 -58  65],[45 32 -5]
3607,2505,0545,54525,45250,[  1 -50  60],[ 41 -93  85],[ 46 -53  65],[ 50  37 -15]
3608,2505,0550,55025,50250,[  1 -45  65],[ 46 -93  90],[ 51 -48  65],[ 55  42 -25]
3609,25010,0105,10525,5250,[  6 -85  10],[  1 -88  35],[ 11 -93  55],[ 15 -13  65]
3610,25010,01015,101525,15250,[  6 -75  20],[ 11 -88  45],[ 21 -83  55],[25 -3 45]
3611,25010,01020,102025,20250,[  6 -70  25],[ 16 -88  50],[ 26 -78  55],[30  2 35]
3612,25010,01030,103025,30250,[  6 -60  35],[ 26 -88  60],[ 36 -68  55],[40 12 15]
3613,25010,01035,103525,35250,[  6 -55  40],[ 31 -88  65],[ 41 -63  55],[45 17  5]
3614,25010,01040,104025,40250,[  6 -50  45],[ 36 -88  70],[ 46 -58  55],[50 22 -5]
3615,25010,01045,104525,45250,[  6 -45  50],[ 41 -88  75],[ 51 -53  55],[ 55  27 -15]
3616,25010,01050,105025,50250,[  6 -40  55],[ 46 -88  80],[ 56 -48  55],[ 60  32 -25]
3617,25015,0155,15525,5250,[ 11 -80   0],[  1 -83  25],[ 16 -93  45],[ 20 -23  65]
3618,25015,01510,151025,10250,[ 11 -75   5],[  6 -83  30],[ 21 -88  45],[ 25 -18  55]
3619,25015,01520,152025,20250,[ 11 -65  15],[ 16 -83  40],[ 31 -78  45],[35 -8 35]
3620,25015,01530,153025,30250,[ 11 -55  25],[ 26 -83  50],[ 41 -68  45],[45  2 15]
3621,25015,01535,153525,35250,[ 11 -50  30],[ 31 -83  55],[ 46 -63  45],[50  7  5]
3622,25015,01540,154025,40250,[ 11 -45  35],[ 36 -83  60],[ 51 -58  45],[55 12 -5]
3623,25015,01545,154525,45250,[ 11 -40  40],[ 41 -83  65],[ 56 -53  45],[ 60  17 -15]
3624,25015,01550,155025,50250,[ 11 -35  45],[ 46 -83  70],[ 61 -48  45],[ 65  22 -25]
3625,25020,0205,20525,5250,[ 16 -75 -10],[  1 -78  15],[ 21 -93  35],[ 25 -33  65]
3626,25020,02010,201025,10250,[ 16 -70  -5],[  6 -78  20],[ 26 -88  35],[ 30 -28  55]
3627,25020,02015,201525,15250,[ 16 -65   0],[ 11 -78  25],[ 31 -83  35],[ 35 -23  45]
3628,25020,02030,203025,30250,[ 16 -50  15],[ 26 -78  40],[ 46 -68  35],[50 -8 15]
3629,25020,02035,203525,35250,[ 16 -45  20],[ 31 -78  45],[ 51 -63  35],[55 -3  5]
3630,25020,02040,204025,40250,[ 16 -40  25],[ 36 -78  50],[ 56 -58  35],[60  2 -5]
3631,25020,02045,204525,45250,[ 16 -35  30],[ 41 -78  55],[ 61 -53  35],[ 65   7 -15]
3632,25020,02050,205025,50250,[ 16 -30  35],[ 46 -78  60],[ 66 -48  35],[ 70  12 -25]
3633,25030,0305,30525,5250,[ 26 -65 -30],[  1 -68  -5],[ 31 -93  15],[ 35 -53  65]
3634,25030,03010,301025,10250,[ 26 -60 -25],[  6 -68   0],[ 36 -88  15],[ 40 -48  55]
3635,25030,03015,301525,15250,[ 26 -55 -20],[ 11 -68   5],[ 41 -83  15],[ 45 -43  45]
3636,25030,03020,302025,20250,[ 26 -50 -15],[ 16 -68  10],[ 46 -78  15],[ 50 -38  35]
3637,25030,03035,303525,35250,[ 26 -35   0],[ 31 -68  25],[ 61 -63  15],[ 65 -23   5]
3638,25030,03040,304025,40250,[ 26 -30   5],[ 36 -68  30],[ 66 -58  15],[ 70 -18  -5]
3639,25030,03045,304525,45250,[ 26 -25  10],[ 41 -68  35],[ 71 -53  15],[ 75 -13 -15]
3640,25030,03050,305025,50250,[ 26 -20  15],[ 46 -68  40],[ 76 -48  15],[ 80  -8 -25]
3641,25035,0355,35525,5250,[ 31 -60 -40],[  1 -63 -15],[ 36 -93   5],[ 40 -63  65]
3642,25035,03510,351025,10250,[ 31 -55 -35],[  6 -63 -10],[ 41 -88   5],[ 45 -58  55]
3643,25035,03515,351525,15250,[ 31 -50 -30],[ 11 -63  -5],[ 46 -83   5],[ 50 -53  45]
3644,25035,03520,352025,20250,[ 31 -45 -25],[ 16 -63   0],[ 51 -78   5],[ 55 -48  35]
3645,25035,03530,353025,30250,[ 31 -35 -15],[ 26 -63  10],[ 61 -68   5],[ 65 -38  15]
3646,25035,03540,354025,40250,[ 31 -25  -5],[ 36 -63  20],[ 71 -58   5],[ 75 -28  -5]
3647,25035,03545,354525,45250,[ 31 -20   0],[ 41 -63  25],[ 76 -53   5],[ 80 -23 -15]
3648,25035,03550,355025,50250,[ 31 -15   5],[ 46 -63  30],[ 81 -48   5],[ 85 -18 -25]
3649,25040,0405,40525,5250,[ 36 -55 -50],[  1 -58 -25],[ 41 -93  -5],[ 45 -73  65]
3650,25040,04010,401025,10250,[ 36 -50 -45],[  6 -58 -20],[ 46 -88  -5],[ 50 -68  55]
3651,25040,04015,401525,15250,[ 36 -45 -40],[ 11 -58 -15],[ 51 -83  -5],[ 55 -63  45]
3652,25040,04020,402025,20250,[ 36 -40 -35],[ 16 -58 -10],[ 56 -78  -5],[ 60 -58  35]
3653,25040,04030,403025,30250,[ 36 -30 -25],[ 26 -58   0],[ 66 -68  -5],[ 70 -48  15]
3654,25040,04035,403525,35250,[ 36 -25 -20],[ 31 -58   5],[ 71 -63  -5],[ 75 -43   5]
3655,25040,04045,404525,45250,[ 36 -15 -10],[ 41 -58  15],[ 81 -53  -5],[ 85 -33 -15]
3656,25040,04050,405025,50250,[ 36 -10  -5],[ 46 -58  20],[ 86 -48  -5],[ 90 -28 -25]
3657,25045,0455,45525,5250,[ 41 -50 -60],[  1 -53 -35],[ 46 -93 -15],[ 50 -83  65]
3658,25045,04510,451025,10250,[ 41 -45 -55],[  6 -53 -30],[ 51 -88 -15],[ 55 -78  55]
3659,25045,04515,451525,15250,[ 41 -40 -50],[ 11 -53 -25],[ 56 -83 -15],[ 60 -73  45]
3660,25045,04520,452025,20250,[ 41 -35 -45],[ 16 -53 -20],[ 61 -78 -15],[ 65 -68  35]
3661,25045,04530,453025,30250,[ 41 -25 -35],[ 26 -53 -10],[ 71 -68 -15],[ 75 -58  15]
3662,25045,04535,453525,35250,[ 41 -20 -30],[ 31 -53  -5],[ 76 -63 -15],[ 80 -53   5]
3663,25045,04540,454025,40250,[ 41 -15 -25],[ 36 -53   0],[ 81 -58 -15],[ 85 -48  -5]
3664,25045,04550,455025,50250,[ 41  -5 -15],[ 46 -53  10],[ 91 -48 -15],[ 95 -38 -25]
3665,25050,0505,50525,5250,[ 46 -45 -70],[  1 -48 -45],[ 51 -93 -25],[ 55 -93  65]
3666,25050,05010,501025,10250,[ 46 -40 -65],[  6 -48 -40],[ 56 -88 -25],[ 60 -88  55]
3667,25050,05015,501525,15250,[ 46 -35 -60],[ 11 -48 -35],[ 61 -83 -25],[ 65 -83  45]
3668,25050,05020,502025,20250,[ 46 -30 -55],[ 16 -48 -30],[ 66 -78 -25],[ 70 -78  35]
3669,25050,05030,503025,30250,[ 46 -20 -45],[ 26 -48 -20],[ 76 -68 -25],[ 80 -68  15]
3670,25050,05035,503525,35250,[ 46 -15 -40],[ 31 -48 -15],[ 81 -63 -25],[ 85 -63   5]
3671,25050,05040,504025,40250,[ 46 -10 -35],[ 36 -48 -10],[ 86 -58 -25],[ 90 -58  -5]
3672,25050,05045,504525,45250,[ 46  -5 -30],[ 41 -48  -5],[ 91 -53 -25],[ 95 -53 -15]
3673,2550,5010,01025,10255,[  1   0 -65],[ 11  15 -85],[  6  25 -70],[ 0 35 10]
3674,2550,5015,01525,15255,[  1   5 -60],[ 16  15 -80],[ 11  30 -70],[ 5 40  0]
3675,2550,5020,02025,20255,[  1  10 -55],[ 21  15 -75],[ 16  35 -70],[ 10  45 -10]
3676,2550,5030,03025,30255,[  1  20 -45],[ 31  15 -65],[ 26  45 -70],[ 20  55 -30]
3677,2550,5035,03525,35255,[  1  25 -40],[ 36  15 -60],[ 31  50 -70],[ 25  60 -40]
3678,2550,5040,04025,40255,[  1  30 -35],[ 41  15 -55],[ 36  55 -70],[ 30  65 -50]
3679,2550,5045,04525,45255,[  1  35 -30],[ 46  15 -50],[ 41  60 -70],[ 35  70 -60]
3680,2550,5050,05025,50255,[  1  40 -25],[ 51  15 -45],[ 46  65 -70],[ 40  75 -70]
3681,25510,5100,10025,0255,[-35   0   5],[-45  25 -15],[-40  15  10],[ 0  5 30]
3682,25510,51015,101525,15255,[-35  15  20],[-30  25   0],[-25  30  10],[15 20  0]
3683,25510,51020,102025,20255,[-35  20  25],[-25  25   5],[-20  35  10],[ 20  25 -10]
3684,25510,51030,103025,30255,[-35  30  35],[-15  25  15],[-10  45  10],[ 30  35 -30]
3685,25510,51035,103525,35255,[-35  35  40],[-10  25  20],[-5 50 10],[ 35  40 -40]
3686,25510,51040,104025,40255,[-35  40  45],[-5 25 25],[ 0 55 10],[ 40  45 -50]
3687,25510,51045,104525,45255,[-35  45  50],[ 0 25 30],[ 5 60 10],[ 45  50 -60]
3688,25510,51050,105025,50255,[-35  50  55],[ 5 25 35],[10 65 10],[ 50  55 -70]
3689,25515,5150,15025,0255,[-44  41  45],[-45  16  25],[-49  65   0],[ -9  73 -70]
3690,25515,51510,151025,10255,[-30  15   5],[-35  30 -15],[-25  25   0],[15  5 10]
3691,25515,51520,152025,20255,[-30  25  15],[-25  30  -5],[-15  35   0],[ 25  15 -10]
3692,25515,51530,153025,30255,[-30  35  25],[-15  30   5],[-5 45  0],[ 35  25 -30]
3693,25515,51535,153525,35255,[-30  40  30],[-10  30  10],[ 0 50  0],[ 40  30 -40]
3694,25515,51540,154025,40255,[-30  45  35],[-5 30 15],[ 5 55  0],[ 45  35 -50]
3695,25515,51545,154525,45255,[-30  50  40],[ 0 30 20],[10 60  0],[ 50  40 -60]
3696,25515,51550,155025,50255,[-30  55  45],[ 5 30 25],[15 65  0],[ 55  45 -70]
3697,25520,5200,20025,0255,[-25  10 -15],[-45  35 -35],[-30  15 -10],[ 10 -15  30]
3698,25520,52010,201025,10255,[-25  20  -5],[-35  35 -25],[-20  25 -10],[20 -5 10]
3699,25520,52015,201525,15255,[-25  25   0],[-30  35 -20],[-15  30 -10],[25  0  0]
3700,25520,52030,203025,30255,[-25  40  15],[-15  35  -5],[  0  45 -10],[ 40  15 -30]
3701,25520,52035,203525,35255,[-25  45  20],[-10  35   0],[  5  50 -10],[ 45  20 -40]
3702,25520,52040,204025,40255,[-25  50  25],[-5 35  5],[ 10  55 -10],[ 50  25 -50]
3703,25520,52045,204525,45255,[-25  55  30],[ 0 35 10],[ 15  60 -10],[ 55  30 -60]
3704,25520,52050,205025,50255,[-25  60  35],[ 5 35 15],[ 20  65 -10],[ 60  35 -70]
3705,25530,5300,30025,0255,[-15  20 -35],[-45  45 -55],[-20  15 -30],[ 20 -35  30]
3706,25530,53010,301025,10255,[-15  30 -25],[-35  45 -45],[-10  25 -30],[ 30 -25  10]
3707,25530,53015,301525,15255,[-15  35 -20],[-30  45 -40],[ -5  30 -30],[ 35 -20   0]
3708,25530,53020,302025,20255,[-15  40 -15],[-25  45 -35],[  0  35 -30],[ 40 -15 -10]
3709,25530,53035,303525,35255,[-15  55   0],[-10  45 -20],[ 15  50 -30],[ 55   0 -40]
3710,25530,53040,304025,40255,[-15  60   5],[ -5  45 -15],[ 20  55 -30],[ 60   5 -50]
3711,25530,53045,304525,45255,[-15  65  10],[  0  45 -10],[ 25  60 -30],[ 65  10 -60]
3712,25530,53050,305025,50255,[-15  70  15],[ 5 45 -5],[ 30  65 -30],[ 70  15 -70]
3713,25535,5350,35025,0255,[-42  43   5],[-45  18 -15],[-47  65 -40],[ -7  69 -70]
3714,25535,53510,351025,10255,[-10  35 -35],[-35  50 -55],[ -5  25 -40],[ 35 -35  10]
3715,25535,53515,351525,15255,[-10  40 -30],[-30  50 -50],[  0  30 -40],[ 40 -30   0]
3716,25535,53520,352025,20255,[-10  45 -25],[-25  50 -45],[  5  35 -40],[ 45 -25 -10]
3717,25535,53530,353025,30255,[-10  55 -15],[-15  50 -35],[ 15  45 -40],[ 55 -15 -30]
3718,25535,53540,354025,40255,[-10  65  -5],[ -5  50 -25],[ 25  55 -40],[ 65  -5 -50]
3719,25535,53545,354525,45255,[-10  70   0],[  0  50 -20],[ 30  60 -40],[ 70   0 -60]
3720,25535,53550,355025,50255,[-10  75   5],[  5  50 -15],[ 35  65 -40],[ 75   5 -70]
3721,25540,5400,40025,0255,[ -5  30 -55],[-45  55 -75],[-10  15 -50],[ 30 -55  30]
3722,25540,54010,401025,10255,[ -5  40 -45],[-35  55 -65],[  0  25 -50],[ 40 -45  10]
3723,25540,54015,401525,15255,[ -5  45 -40],[-30  55 -60],[  5  30 -50],[ 45 -40   0]
3724,25540,54020,402025,20255,[ -5  50 -35],[-25  55 -55],[ 10  35 -50],[ 50 -35 -10]
3725,25540,54030,403025,30255,[ -5  60 -25],[-15  55 -45],[ 20  45 -50],[ 60 -25 -30]
3726,25540,54035,403525,35255,[ -5  65 -20],[-10  55 -40],[ 25  50 -50],[ 65 -20 -40]
3727,25540,54045,404525,45255,[ -5  75 -10],[  0  55 -30],[ 35  60 -50],[ 75 -10 -60]
3728,25540,54050,405025,50255,[-5 80 -5],[  5  55 -25],[ 40  65 -50],[ 80  -5 -70]
3729,25545,5450,45025,0255,[-41  44 -15],[-45  19 -35],[-46  65 -60],[ -6  67 -70]
3730,25545,54510,451025,10255,[  0  45 -55],[-35  60 -75],[  5  25 -60],[ 45 -55  10]
3731,25545,54515,451525,15255,[  0  50 -50],[-30  60 -70],[ 10  30 -60],[ 50 -50   0]
3732,25545,54520,452025,20255,[  0  55 -45],[-25  60 -65],[ 15  35 -60],[ 55 -45 -10]
3733,25545,54530,453025,30255,[  0  65 -35],[-15  60 -55],[ 25  45 -60],[ 65 -35 -30]
3734,25545,54535,453525,35255,[  0  70 -30],[-10  60 -50],[ 30  50 -60],[ 70 -30 -40]
3735,25545,54540,454025,40255,[  0  75 -25],[ -5  60 -45],[ 35  55 -60],[ 75 -25 -50]
3736,25545,54550,455025,50255,[  0  85 -15],[  5  60 -35],[ 45  65 -60],[ 85 -15 -70]
3737,25550,5500,50025,0255,[  5  40 -75],[-45  65 -95],[  0  15 -70],[ 40 -75  30]
3738,25550,55010,501025,10255,[  5  50 -65],[-35  65 -85],[ 10  25 -70],[ 50 -65  10]
3739,25550,55015,501525,15255,[  5  55 -60],[-30  65 -80],[ 15  30 -70],[ 55 -60   0]
3740,25550,55020,502025,20255,[  5  60 -55],[-25  65 -75],[ 20  35 -70],[ 60 -55 -10]
3741,25550,55030,503025,30255,[  5  70 -45],[-15  65 -65],[ 30  45 -70],[ 70 -45 -30]
3742,25550,55035,503525,35255,[  5  75 -40],[-10  65 -60],[ 35  50 -70],[ 75 -40 -40]
3743,25550,55040,504025,40255,[  5  80 -35],[ -5  65 -55],[ 40  55 -70],[ 80 -35 -50]
3744,25550,55045,504525,45255,[  5  85 -30],[  0  65 -50],[ 45  60 -70],[ 85 -30 -60]
3745,25100,1005,0525,52510,[-40 -15  30],[-35   5  15],[-45  10  35],[-15  30  25]
3746,25100,10015,01525,152510,[-40  -5  40],[-25   5  25],[-35  20  35],[-5 40  5]
3747,25100,10020,02025,202510,[-40   0  45],[-20   5  30],[-30  25  35],[ 0 45 -5]
3748,25100,10030,03025,302510,[-40  10  55],[-10   5  40],[-20  35  35],[ 10  55 -25]
3749,25100,10035,03525,352510,[-40  15  60],[-5  5 45],[-15  40  35],[ 15  60 -35]
3750,25100,10040,04025,402510,[-40  20  65],[ 0  5 50],[-10  45  35],[ 20  65 -45]
3751,25100,10045,04525,452510,[-40  25  70],[ 5  5 55],[-5 50 35],[ 25  70 -55]
3752,25100,10050,05025,502510,[-40  30  75],[10  5 60],[ 0 55 35],[ 30  75 -65]
3753,25105,1050,5025,02510,[-44 -20  65],[-49   5  50],[-45   5  25],[  3  25 -65]
3754,25105,10515,51525,152510,[-35   0  30],[-25  10  15],[-30  20  25],[ 0 30  5]
3755,25105,10520,52025,202510,[-35   5  35],[-20  10  20],[-25  25  25],[ 5 35 -5]
3756,25105,10530,53025,302510,[-35  15  45],[-10  10  30],[-15  35  25],[ 15  45 -25]
3757,25105,10535,53525,352510,[-35  20  50],[-5 10 35],[-10  40  25],[ 20  50 -35]
3758,25105,10540,54025,402510,[-35  25  55],[ 0 10 40],[-5 45 25],[ 25  55 -45]
3759,25105,10545,54525,452510,[-35  30  60],[ 5 10 45],[ 0 50 25],[ 30  60 -55]
3760,25105,10550,55025,502510,[-35  35  65],[10 10 50],[ 5 55 25],[ 35  65 -65]
3761,251015,10150,15025,02510,[-39  31  45],[-40   6  30],[-49  55   5],[-19  73 -65]
3762,251015,10155,15525,52510,[-25   0   0],[-35  20 -15],[-30  10   5],[ 0  0 25]
3763,251015,101520,152025,202510,[-25  15  15],[-20  20   0],[-15  25   5],[15 15 -5]
3764,251015,101530,153025,302510,[-25  25  25],[-10  20  10],[-5 35  5],[ 25  25 -25]
3765,251015,101535,153525,352510,[-25  30  30],[-5 20 15],[ 0 40  5],[ 30  30 -35]
3766,251015,101540,154025,402510,[-25  35  35],[ 0 20 20],[ 5 45  5],[ 35  35 -45]
3767,251015,101545,154525,452510,[-25  40  40],[ 5 20 25],[10 50  5],[ 40  40 -55]
3768,251015,101550,155025,502510,[-25  45  45],[10 20 30],[15 55  5],[ 45  45 -65]
3769,251020,10200,20025,02510,[-20   0 -15],[-40  25 -30],[-30   5  -5],[  0 -15  35]
3770,251020,10205,20525,52510,[-20   5 -10],[-35  25 -25],[-25  10  -5],[  5 -10  25]
3771,251020,102015,201525,152510,[-20  15   0],[-25  25 -15],[-15  20  -5],[15  0  5]
3772,251020,102030,203025,302510,[-20  30  15],[-10  25   0],[ 0 35 -5],[ 30  15 -25]
3773,251020,102035,203525,352510,[-20  35  20],[-5 25  5],[ 5 40 -5],[ 35  20 -35]
3774,251020,102040,204025,402510,[-20  40  25],[ 0 25 10],[10 45 -5],[ 40  25 -45]
3775,251020,102045,204525,452510,[-20  45  30],[ 5 25 15],[15 50 -5],[ 45  30 -55]
3776,251020,102050,205025,502510,[-20  50  35],[10 25 20],[20 55 -5],[ 50  35 -65]
3777,251030,10300,30025,02510,[-10  10 -35],[-40  35 -50],[-20   5 -25],[ 10 -35  35]
3778,251030,10305,30525,52510,[-10  15 -30],[-35  35 -45],[-15  10 -25],[ 15 -30  25]
3779,251030,103015,301525,152510,[-10  25 -20],[-25  35 -35],[ -5  20 -25],[ 25 -20   5]
3780,251030,103020,302025,202510,[-10  30 -15],[-20  35 -30],[  0  25 -25],[ 30 -15  -5]
3781,251030,103035,303525,352510,[-10  45   0],[ -5  35 -15],[ 15  40 -25],[ 45   0 -35]
3782,251030,103040,304025,402510,[-10  50   5],[  0  35 -10],[ 20  45 -25],[ 50   5 -45]
3783,251030,103045,304525,452510,[-10  55  10],[ 5 35 -5],[ 25  50 -25],[ 55  10 -55]
3784,251030,103050,305025,502510,[-10  60  15],[10 35  0],[ 30  55 -25],[ 60  15 -65]
3785,251035,10350,35025,02510,[-37  33   5],[-40   8 -10],[-47  55 -35],[-17  69 -65]
3786,251035,10355,35525,52510,[ -5  20 -40],[-35  40 -55],[-10  10 -35],[ 20 -40  25]
3787,251035,103515,351525,152510,[ -5  30 -30],[-25  40 -45],[  0  20 -35],[ 30 -30   5]
3788,251035,103520,352025,202510,[ -5  35 -25],[-20  40 -40],[  5  25 -35],[ 35 -25  -5]
3789,251035,103530,353025,302510,[ -5  45 -15],[-10  40 -30],[ 15  35 -35],[ 45 -15 -25]
3790,251035,103540,354025,402510,[-5 55 -5],[  0  40 -20],[ 25  45 -35],[ 55  -5 -45]
3791,251035,103545,354525,452510,[-5 60  0],[  5  40 -15],[ 30  50 -35],[ 60   0 -55]
3792,251035,103550,355025,502510,[-5 65  5],[ 10  40 -10],[ 35  55 -35],[ 65   5 -65]
3793,251040,10400,40025,02510,[  0  20 -55],[-40  45 -70],[-10   5 -45],[ 20 -55  35]
3794,251040,10405,40525,52510,[  0  25 -50],[-35  45 -65],[ -5  10 -45],[ 25 -50  25]
3795,251040,104015,401525,152510,[  0  35 -40],[-25  45 -55],[  5  20 -45],[ 35 -40   5]
3796,251040,104020,402025,202510,[  0  40 -35],[-20  45 -50],[ 10  25 -45],[ 40 -35  -5]
3797,251040,104030,403025,302510,[  0  50 -25],[-10  45 -40],[ 20  35 -45],[ 50 -25 -25]
3798,251040,104035,403525,352510,[  0  55 -20],[ -5  45 -35],[ 25  40 -45],[ 55 -20 -35]
3799,251040,104045,404525,452510,[  0  65 -10],[  5  45 -25],[ 35  50 -45],[ 65 -10 -55]
3800,251040,104050,405025,502510,[ 0 70 -5],[ 10  45 -20],[ 40  55 -45],[ 70  -5 -65]
3801,251045,10450,45025,02510,[-36  34 -15],[-40   9 -30],[-46  55 -55],[-16  67 -65]
3802,251045,10455,45525,52510,[  5  30 -60],[-35  50 -75],[  0  10 -55],[ 30 -60  25]
3803,251045,104515,451525,152510,[  5  40 -50],[-25  50 -65],[ 10  20 -55],[ 40 -50   5]
3804,251045,104520,452025,202510,[  5  45 -45],[-20  50 -60],[ 15  25 -55],[ 45 -45  -5]
3805,251045,104530,453025,302510,[  5  55 -35],[-10  50 -50],[ 25  35 -55],[ 55 -35 -25]
3806,251045,104535,453525,352510,[  5  60 -30],[ -5  50 -45],[ 30  40 -55],[ 60 -30 -35]
3807,251045,104540,454025,402510,[  5  65 -25],[  0  50 -40],[ 35  45 -55],[ 65 -25 -45]
3808,251045,104550,455025,502510,[  5  75 -15],[ 10  50 -30],[ 45  55 -55],[ 75 -15 -65]
3809,251050,10500,50025,02510,[ 10  30 -75],[-40  55 -90],[  0   5 -65],[ 30 -75  35]
3810,251050,10505,50525,52510,[ 10  35 -70],[-35  55 -85],[  5  10 -65],[ 35 -70  25]
3811,251050,105015,501525,152510,[ 10  45 -60],[-25  55 -75],[ 15  20 -65],[ 45 -60   5]
3812,251050,105020,502025,202510,[ 10  50 -55],[-20  55 -70],[ 20  25 -65],[ 50 -55  -5]
3813,251050,105030,503025,302510,[ 10  60 -45],[-10  55 -60],[ 30  35 -65],[ 60 -45 -25]
3814,251050,105035,503525,352510,[ 10  65 -40],[ -5  55 -55],[ 35  40 -65],[ 65 -40 -35]
3815,251050,105040,504025,402510,[ 10  70 -35],[  0  55 -50],[ 40  45 -65],[ 70 -35 -45]
3816,251050,105045,504525,452510,[ 10  75 -30],[  5  55 -45],[ 45  50 -65],[ 75 -30 -55]
3817,25150,1505,0525,52515,[-49  53 -70],[-44  73 -80],[-45  28 -60],[  3 -70  30]
3818,25150,15010,01025,102515,[-49  58 -65],[-39  73 -75],[-40  33 -60],[  8 -65  20]
3819,25150,15020,02025,202515,[-49  68 -55],[-29  73 -65],[-30  43 -60],[ 18 -55   0]
3820,25150,15030,03025,302515,[-49  78 -45],[-19  73 -55],[-20  53 -60],[ 28 -45 -20]
3821,25150,15035,03525,352515,[-49  83 -40],[-14  73 -50],[-15  58 -60],[ 33 -40 -30]
3822,25150,15040,04025,402515,[-49  88 -35],[ -9  73 -45],[-10  63 -60],[ 38 -35 -40]
3823,25150,15045,04525,452515,[-49  93 -30],[ -4  73 -40],[ -5  68 -60],[ 43 -30 -50]
3824,25150,15050,05025,502515,[-49  98 -25],[  1  73 -35],[  0  73 -60],[ 48 -25 -60]
3825,25155,1550,5025,02515,[-44 -25  65],[-49   0  55],[-45  -5  30],[  3  15 -60]
3826,25155,15510,51025,102515,[-30 -15  25],[-25   0  15],[-35   5  30],[-15  25  20]
3827,25155,15520,52025,202515,[-30  -5  35],[-15   0  25],[-25  15  30],[-5 35  0]
3828,25155,15530,53025,302515,[-30   5  45],[-5  0 35],[-15  25  30],[  5  45 -20]
3829,25155,15535,53525,352515,[-30  10  50],[ 0  0 40],[-10  30  30],[ 10  50 -30]
3830,25155,15540,54025,402515,[-30  15  55],[ 5  0 45],[-5 35 30],[ 15  55 -40]
3831,25155,15545,54525,452515,[-30  20  60],[10  0 50],[ 0 40 30],[ 20  60 -50]
3832,25155,15550,55025,502515,[-30  25  65],[15  0 55],[ 5 45 30],[ 25  65 -60]
3833,251510,15100,10025,02515,[-25 -20   5],[-35   5  -5],[-40  -5  20],[-20   5  40]
3834,251510,15105,10525,52515,[-25 -15  10],[-30   5   0],[-35   0  20],[-15  10  30]
3835,251510,151020,102025,202515,[-25   0  25],[-15   5  15],[-20  15  20],[ 0 25  0]
3836,251510,151030,103025,302515,[-25  10  35],[-5  5 25],[-10  25  20],[ 10  35 -20]
3837,251510,151035,103525,352515,[-25  15  40],[ 0  5 30],[-5 30 20],[ 15  40 -30]
3838,251510,151040,104025,402515,[-25  20  45],[ 5  5 35],[ 0 35 20],[ 20  45 -40]
3839,251510,151045,104525,452515,[-25  25  50],[10  5 40],[ 5 40 20],[ 25  50 -50]
3840,251510,151050,105025,502515,[-25  30  55],[15  5 45],[10 45 20],[ 30  55 -60]
3841,251520,15200,20025,02515,[-15 -10 -15],[-35  15 -25],[-30  -5   0],[-10 -15  40]
3842,251520,15205,20525,52515,[-15  -5 -10],[-30  15 -20],[-25   0   0],[ -5 -10  30]
3843,251520,152010,201025,102515,[-15   0  -5],[-25  15 -15],[-20   5   0],[ 0 -5 20]
3844,251520,152030,203025,302515,[-15  20  15],[-5 15  5],[ 0 25  0],[ 20  15 -20]
3845,251520,152035,203525,352515,[-15  25  20],[ 0 15 10],[ 5 30  0],[ 25  20 -30]
3846,251520,152040,204025,402515,[-15  30  25],[ 5 15 15],[10 35  0],[ 30  25 -40]
3847,251520,152045,204525,452515,[-15  35  30],[10 15 20],[15 40  0],[ 35  30 -50]
3848,251520,152050,205025,502515,[-15  40  35],[15 15 25],[20 45  0],[ 40  35 -60]
3849,251530,15300,30025,02515,[ -5   0 -35],[-35  25 -45],[-20  -5 -20],[  0 -35  40]
3850,251530,15305,30525,52515,[ -5   5 -30],[-30  25 -40],[-15   0 -20],[  5 -30  30]
3851,251530,153010,301025,102515,[ -5  10 -25],[-25  25 -35],[-10   5 -20],[ 10 -25  20]
3852,251530,153020,302025,202515,[ -5  20 -15],[-15  25 -25],[  0  15 -20],[ 20 -15   0]
3853,251530,153035,303525,352515,[-5 35  0],[  0  25 -10],[ 15  30 -20],[ 35   0 -30]
3854,251530,153040,304025,402515,[-5 40  5],[ 5 25 -5],[ 20  35 -20],[ 40   5 -40]
3855,251530,153045,304525,452515,[-5 45 10],[10 25  0],[ 25  40 -20],[ 45  10 -50]
3856,251530,153050,305025,502515,[-5 50 15],[15 25  5],[ 30  45 -20],[ 50  15 -60]
3857,251535,15350,35025,02515,[-32  23   5],[-35  -2  -5],[-47  45 -30],[-27  69 -60]
3858,251535,15355,35525,52515,[  0  10 -40],[-30  30 -50],[-10   0 -30],[ 10 -40  30]
3859,251535,153510,351025,102515,[  0  15 -35],[-25  30 -45],[ -5   5 -30],[ 15 -35  20]
3860,251535,153520,352025,202515,[  0  25 -25],[-15  30 -35],[  5  15 -30],[ 25 -25   0]
3861,251535,153530,353025,302515,[  0  35 -15],[ -5  30 -25],[ 15  25 -30],[ 35 -15 -20]
3862,251535,153540,354025,402515,[ 0 45 -5],[  5  30 -15],[ 25  35 -30],[ 45  -5 -40]
3863,251535,153545,354525,452515,[ 0 50  0],[ 10  30 -10],[ 30  40 -30],[ 50   0 -50]
3864,251535,153550,355025,502515,[ 0 55  5],[15 30 -5],[ 35  45 -30],[ 55   5 -60]
3865,251540,15400,40025,02515,[  5  10 -55],[-35  35 -65],[-10  -5 -40],[ 10 -55  40]
3866,251540,15405,40525,52515,[  5  15 -50],[-30  35 -60],[ -5   0 -40],[ 15 -50  30]
3867,251540,154010,401025,102515,[  5  20 -45],[-25  35 -55],[  0   5 -40],[ 20 -45  20]
3868,251540,154020,402025,202515,[  5  30 -35],[-15  35 -45],[ 10  15 -40],[ 30 -35   0]
3869,251540,154030,403025,302515,[  5  40 -25],[ -5  35 -35],[ 20  25 -40],[ 40 -25 -20]
3870,251540,154035,403525,352515,[  5  45 -20],[  0  35 -30],[ 25  30 -40],[ 45 -20 -30]
3871,251540,154045,404525,452515,[  5  55 -10],[ 10  35 -20],[ 35  40 -40],[ 55 -10 -50]
3872,251540,154050,405025,502515,[ 5 60 -5],[ 15  35 -15],[ 40  45 -40],[ 60  -5 -60]
3873,251545,15450,45025,02515,[-31  24 -15],[-35  -1 -25],[-46  45 -50],[-26  67 -60]
3874,251545,15455,45525,52515,[ 10  20 -60],[-30  40 -70],[  0   0 -50],[ 20 -60  30]
3875,251545,154510,451025,102515,[ 10  25 -55],[-25  40 -65],[  5   5 -50],[ 25 -55  20]
3876,251545,154520,452025,202515,[ 10  35 -45],[-15  40 -55],[ 15  15 -50],[ 35 -45   0]
3877,251545,154530,453025,302515,[ 10  45 -35],[ -5  40 -45],[ 25  25 -50],[ 45 -35 -20]
3878,251545,154535,453525,352515,[ 10  50 -30],[  0  40 -40],[ 30  30 -50],[ 50 -30 -30]
3879,251545,154540,454025,402515,[ 10  55 -25],[  5  40 -35],[ 35  35 -50],[ 55 -25 -40]
3880,251545,154550,455025,502515,[ 10  65 -15],[ 15  40 -25],[ 45  45 -50],[ 65 -15 -60]
3881,251550,15500,50025,02515,[ 15  20 -75],[-35  45 -85],[  0  -5 -60],[ 20 -75  40]
3882,251550,15505,50525,52515,[ 15  25 -70],[-30  45 -80],[  5   0 -60],[ 25 -70  30]
3883,251550,155010,501025,102515,[ 15  30 -65],[-25  45 -75],[ 10   5 -60],[ 30 -65  20]
3884,251550,155020,502025,202515,[ 15  40 -55],[-15  45 -65],[ 20  15 -60],[ 40 -55   0]
3885,251550,155030,503025,302515,[ 15  50 -45],[ -5  45 -55],[ 30  25 -60],[ 50 -45 -20]
3886,251550,155035,503525,352515,[ 15  55 -40],[  0  45 -50],[ 35  30 -60],[ 55 -40 -30]
3887,251550,155040,504025,402515,[ 15  60 -35],[  5  45 -45],[ 40  35 -60],[ 60 -35 -40]
3888,251550,155045,504525,452515,[ 15  65 -30],[ 10  45 -40],[ 45  40 -60],[ 65 -30 -50]
3889,25200,2005,0525,52520,[-30 -35  30],[-25 -15  25],[-45 -10  45],[-35  30  35]
3890,25200,20010,01025,102520,[-30 -30  35],[-20 -15  30],[-40  -5  45],[-30  35  25]
3891,25200,20015,01525,152520,[-30 -25  40],[-15 -15  35],[-35   0  45],[-25  40  15]
3892,25200,20030,03025,302520,[-30 -10  55],[  0 -15  50],[-20  15  45],[-10  55 -15]
3893,25200,20035,03525,352520,[-30  -5  60],[  5 -15  55],[-15  20  45],[ -5  60 -25]
3894,25200,20040,04025,402520,[-30   0  65],[ 10 -15  60],[-10  25  45],[  0  65 -35]
3895,25200,20045,04525,452520,[-30   5  70],[ 15 -15  65],[-5 30 45],[  5  70 -45]
3896,25200,20050,05025,502520,[-30  10  75],[ 20 -15  70],[ 0 35 45],[ 10  75 -55]
3897,25205,2050,5025,02520,[-43 -40  65],[-48 -15  60],[-45 -15  35],[  1  25 -55]
3898,25205,20510,51025,102520,[-25 -25  25],[-20 -10  20],[-35  -5  35],[-25  25  25]
3899,25205,20515,51525,152520,[-25 -20  30],[-15 -10  25],[-30   0  35],[-20  30  15]
3900,25205,20530,53025,302520,[-25  -5  45],[  0 -10  40],[-15  15  35],[ -5  45 -15]
3901,25205,20535,53525,352520,[-25   0  50],[  5 -10  45],[-10  20  35],[  0  50 -25]
3902,25205,20540,54025,402520,[-25   5  55],[ 10 -10  50],[-5 25 35],[  5  55 -35]
3903,25205,20545,54525,452520,[-25  10  60],[ 15 -10  55],[ 0 30 35],[ 10  60 -45]
3904,25205,20550,55025,502520,[-25  15  65],[ 20 -10  60],[ 5 35 35],[ 15  65 -55]
3905,252010,20100,10025,02520,[-20 -30   5],[-30  -5   0],[-40 -15  25],[-30   5  45]
3906,252010,20105,10525,52520,[-20 -25  10],[-25  -5   5],[-35 -10  25],[-25  10  35]
3907,252010,201015,101525,152520,[-20 -15  20],[-15  -5  15],[-25   0  25],[-15  20  15]
3908,252010,201030,103025,302520,[-20   0  35],[ 0 -5 30],[-10  15  25],[  0  35 -15]
3909,252010,201035,103525,352520,[-20   5  40],[ 5 -5 35],[-5 20 25],[  5  40 -25]
3910,252010,201040,104025,402520,[-20  10  45],[10 -5 40],[ 0 25 25],[ 10  45 -35]
3911,252010,201045,104525,452520,[-20  15  50],[15 -5 45],[ 5 30 25],[ 15  50 -45]
3912,252010,201050,105025,502520,[-20  20  55],[20 -5 50],[10 35 25],[ 20  55 -55]
3913,252015,20150,15025,02520,[-29  11  45],[-30 -14  40],[-49  35  15],[-39  73 -55]
3914,252015,20155,15525,52520,[-15 -20   0],[-25   0  -5],[-30 -10  15],[-20   0  35]
3915,252015,201510,151025,102520,[-15 -15   5],[-20   0   0],[-25  -5  15],[-15   5  25]
3916,252015,201530,153025,302520,[-15   5  25],[ 0  0 20],[-5 15 15],[  5  25 -15]
3917,252015,201535,153525,352520,[-15  10  30],[ 5  0 25],[ 0 20 15],[ 10  30 -25]
3918,252015,201540,154025,402520,[-15  15  35],[10  0 30],[ 5 25 15],[ 15  35 -35]
3919,252015,201545,154525,452520,[-15  20  40],[15  0 35],[10 30 15],[ 20  40 -45]
3920,252015,201550,155025,502520,[-15  25  45],[20  0 40],[15 35 15],[ 25  45 -55]
3921,252030,20300,30025,02520,[  0 -10 -35],[-30  15 -40],[-20 -15 -15],[-10 -35  45]
3922,252030,20305,30525,52520,[  0  -5 -30],[-25  15 -35],[-15 -10 -15],[ -5 -30  35]
3923,252030,203010,301025,102520,[  0   0 -25],[-20  15 -30],[-10  -5 -15],[  0 -25  25]
3924,252030,203015,301525,152520,[  0   5 -20],[-15  15 -25],[ -5   0 -15],[  5 -20  15]
3925,252030,203035,303525,352520,[ 0 25  0],[ 5 15 -5],[ 15  20 -15],[ 25   0 -25]
3926,252030,203040,304025,402520,[ 0 30  5],[10 15  0],[ 20  25 -15],[ 30   5 -35]
3927,252030,203045,304525,452520,[ 0 35 10],[15 15  5],[ 25  30 -15],[ 35  10 -45]
3928,252030,203050,305025,502520,[ 0 40 15],[20 15 10],[ 30  35 -15],[ 40  15 -55]
3929,252035,20350,35025,02520,[-27  13   5],[-30 -12   0],[-47  35 -25],[-37  69 -55]
3930,252035,20355,35525,52520,[  5   0 -40],[-25  20 -45],[-10 -10 -25],[  0 -40  35]
3931,252035,203510,351025,102520,[  5   5 -35],[-20  20 -40],[ -5  -5 -25],[  5 -35  25]
3932,252035,203515,351525,152520,[  5  10 -30],[-15  20 -35],[  0   0 -25],[ 10 -30  15]
3933,252035,203530,353025,302520,[  5  25 -15],[  0  20 -20],[ 15  15 -25],[ 25 -15 -15]
3934,252035,203540,354025,402520,[ 5 35 -5],[ 10  20 -10],[ 25  25 -25],[ 35  -5 -35]
3935,252035,203545,354525,452520,[ 5 40  0],[15 20 -5],[ 30  30 -25],[ 40   0 -45]
3936,252035,203550,355025,502520,[ 5 45  5],[20 20  0],[ 35  35 -25],[ 45   5 -55]
3937,252040,20400,40025,02520,[ 10   0 -55],[-30  25 -60],[-10 -15 -35],[  0 -55  45]
3938,252040,20405,40525,52520,[ 10   5 -50],[-25  25 -55],[ -5 -10 -35],[  5 -50  35]
3939,252040,204010,401025,102520,[ 10  10 -45],[-20  25 -50],[  0  -5 -35],[ 10 -45  25]
3940,252040,204015,401525,152520,[ 10  15 -40],[-15  25 -45],[  5   0 -35],[ 15 -40  15]
3941,252040,204030,403025,302520,[ 10  30 -25],[  0  25 -30],[ 20  15 -35],[ 30 -25 -15]
3942,252040,204035,403525,352520,[ 10  35 -20],[  5  25 -25],[ 25  20 -35],[ 35 -20 -25]
3943,252040,204045,404525,452520,[ 10  45 -10],[ 15  25 -15],[ 35  30 -35],[ 45 -10 -45]
3944,252040,204050,405025,502520,[10 50 -5],[ 20  25 -10],[ 40  35 -35],[ 50  -5 -55]
3945,252045,20450,45025,02520,[-26  14 -15],[-30 -11 -20],[-46  35 -45],[-36  67 -55]
3946,252045,20455,45525,52520,[ 15  10 -60],[-25  30 -65],[  0 -10 -45],[ 10 -60  35]
3947,252045,204510,451025,102520,[ 15  15 -55],[-20  30 -60],[  5  -5 -45],[ 15 -55  25]
3948,252045,204515,451525,152520,[ 15  20 -50],[-15  30 -55],[ 10   0 -45],[ 20 -50  15]
3949,252045,204530,453025,302520,[ 15  35 -35],[  0  30 -40],[ 25  15 -45],[ 35 -35 -15]
3950,252045,204535,453525,352520,[ 15  40 -30],[  5  30 -35],[ 30  20 -45],[ 40 -30 -25]
3951,252045,204540,454025,402520,[ 15  45 -25],[ 10  30 -30],[ 35  25 -45],[ 45 -25 -35]
3952,252045,204550,455025,502520,[ 15  55 -15],[ 20  30 -20],[ 45  35 -45],[ 55 -15 -55]
3953,252050,20500,50025,02520,[ 20  10 -75],[-30  35 -80],[  0 -15 -55],[ 10 -75  45]
3954,252050,20505,50525,52520,[ 20  15 -70],[-25  35 -75],[  5 -10 -55],[ 15 -70  35]
3955,252050,205010,501025,102520,[ 20  20 -65],[-20  35 -70],[ 10  -5 -55],[ 20 -65  25]
3956,252050,205015,501525,152520,[ 20  25 -60],[-15  35 -65],[ 15   0 -55],[ 25 -60  15]
3957,252050,205030,503025,302520,[ 20  40 -45],[  0  35 -50],[ 30  15 -55],[ 40 -45 -15]
3958,252050,205035,503525,352520,[ 20  45 -40],[  5  35 -45],[ 35  20 -55],[ 45 -40 -25]
3959,252050,205040,504025,402520,[ 20  50 -35],[ 10  35 -40],[ 40  25 -55],[ 50 -35 -35]
3960,252050,205045,504525,452520,[ 20  55 -30],[ 15  35 -35],[ 45  30 -55],[ 55 -30 -45]
3961,25300,3005,0525,52530,[-20 -55  30],[-15 -35  35],[-45 -30  55],[-55  30  45]
3962,25300,30010,01025,102530,[-20 -50  35],[-10 -35  40],[-40 -25  55],[-50  35  35]
3963,25300,30015,01525,152530,[-20 -45  40],[ -5 -35  45],[-35 -20  55],[-45  40  25]
3964,25300,30020,02025,202530,[-20 -40  45],[  0 -35  50],[-30 -15  55],[-40  45  15]
3965,25300,30035,03525,352530,[-20 -25  60],[ 15 -35  65],[-15   0  55],[-25  60 -15]
3966,25300,30040,04025,402530,[-20 -20  65],[ 20 -35  70],[-10   5  55],[-20  65 -25]
3967,25300,30045,04525,452530,[-20 -15  70],[ 25 -35  75],[-5 10 55],[-15  70 -35]
3968,25300,30050,05025,502530,[-20 -10  75],[ 30 -35  80],[ 0 15 55],[-10  75 -45]
3969,25305,3050,5025,02530,[-42 -60  65],[-47 -35  70],[-45 -35  45],[ -1  25 -45]
3970,25305,30510,51025,102530,[-15 -45  25],[-10 -30  30],[-35 -25  45],[-45  25  35]
3971,25305,30515,51525,152530,[-15 -40  30],[ -5 -30  35],[-30 -20  45],[-40  30  25]
3972,25305,30520,52025,202530,[-15 -35  35],[  0 -30  40],[-25 -15  45],[-35  35  15]
3973,25305,30535,53525,352530,[-15 -20  50],[ 15 -30  55],[-10   0  45],[-20  50 -15]
3974,25305,30540,54025,402530,[-15 -15  55],[ 20 -30  60],[-5  5 45],[-15  55 -25]
3975,25305,30545,54525,452530,[-15 -10  60],[ 25 -30  65],[ 0 10 45],[-10  60 -35]
3976,25305,30550,55025,502530,[-15  -5  65],[ 30 -30  70],[ 5 15 45],[ -5  65 -45]
3977,253010,30100,10025,02530,[-10 -50   5],[-20 -25  10],[-40 -35  35],[-50   5  55]
3978,253010,30105,10525,52530,[-10 -45  10],[-15 -25  15],[-35 -30  35],[-45  10  45]
3979,253010,301015,101525,152530,[-10 -35  20],[ -5 -25  25],[-25 -20  35],[-35  20  25]
3980,253010,301020,102025,202530,[-10 -30  25],[  0 -25  30],[-20 -15  35],[-30  25  15]
3981,253010,301035,103525,352530,[-10 -15  40],[ 15 -25  45],[-5  0 35],[-15  40 -15]
3982,253010,301040,104025,402530,[-10 -10  45],[ 20 -25  50],[ 0  5 35],[-10  45 -25]
3983,253010,301045,104525,452530,[-10  -5  50],[ 25 -25  55],[ 5 10 35],[ -5  50 -35]
3984,253010,301050,105025,502530,[-10   0  55],[ 30 -25  60],[10 15 35],[  0  55 -45]
3985,253015,30150,15025,02530,[-19  -9  45],[-20 -34  50],[-49  15  25],[-59  73 -45]
3986,253015,30155,15525,52530,[ -5 -40   0],[-15 -20   5],[-30 -30  25],[-40   0  45]
3987,253015,301510,151025,102530,[ -5 -35   5],[-10 -20  10],[-25 -25  25],[-35   5  35]
3988,253015,301520,152025,202530,[ -5 -25  15],[  0 -20  20],[-15 -15  25],[-25  15  15]
3989,253015,301535,153525,352530,[ -5 -10  30],[ 15 -20  35],[ 0  0 25],[-10  30 -15]
3990,253015,301540,154025,402530,[-5 -5 35],[ 20 -20  40],[ 5  5 25],[ -5  35 -25]
3991,253015,301545,154525,452530,[-5  0 40],[ 25 -20  45],[10 10 25],[  0  40 -35]
3992,253015,301550,155025,502530,[-5  5 45],[ 30 -20  50],[15 15 25],[  5  45 -45]
3993,253020,30200,20025,02530,[  0 -40 -15],[-20 -15 -10],[-30 -35  15],[-40 -15  55]
3994,253020,30205,20525,52530,[  0 -35 -10],[-15 -15  -5],[-25 -30  15],[-35 -10  45]
3995,253020,302010,201025,102530,[  0 -30  -5],[-10 -15   0],[-20 -25  15],[-30  -5  35]
3996,253020,302015,201525,152530,[  0 -25   0],[ -5 -15   5],[-15 -20  15],[-25   0  25]
3997,253020,302035,203525,352530,[ 0 -5 20],[ 15 -15  25],[ 5  0 15],[ -5  20 -15]
3998,253020,302040,204025,402530,[ 0  0 25],[ 20 -15  30],[10  5 15],[  0  25 -25]
3999,253020,302045,204525,452530,[ 0  5 30],[ 25 -15  35],[15 10 15],[  5  30 -35]
4000,253020,302050,205025,502530,[ 0 10 35],[ 30 -15  40],[20 15 15],[ 10  35 -45]
4001,253035,30350,35025,02530,[-17  -7   5],[-20 -32  10],[-47  15 -15],[-57  69 -45]
4002,253035,30355,35525,52530,[ 15 -20 -40],[-15   0 -35],[-10 -30 -15],[-20 -40  45]
4003,253035,303510,351025,102530,[ 15 -15 -35],[-10   0 -30],[ -5 -25 -15],[-15 -35  35]
4004,253035,303515,351525,152530,[ 15 -10 -30],[ -5   0 -25],[  0 -20 -15],[-10 -30  25]
4005,253035,303520,352025,202530,[ 15  -5 -25],[  0   0 -20],[  5 -15 -15],[ -5 -25  15]
4006,253035,303540,354025,402530,[15 15 -5],[20  0  0],[ 25   5 -15],[ 15  -5 -25]
4007,253035,303545,354525,452530,[15 20  0],[25  0  5],[ 30  10 -15],[ 20   0 -35]
4008,253035,303550,355025,502530,[15 25  5],[30  0 10],[ 35  15 -15],[ 25   5 -45]
4009,253040,30400,40025,02530,[ 20 -20 -55],[-20   5 -50],[-10 -35 -25],[-20 -55  55]
4010,253040,30405,40525,52530,[ 20 -15 -50],[-15   5 -45],[ -5 -30 -25],[-15 -50  45]
4011,253040,304010,401025,102530,[ 20 -10 -45],[-10   5 -40],[  0 -25 -25],[-10 -45  35]
4012,253040,304015,401525,152530,[ 20  -5 -40],[ -5   5 -35],[  5 -20 -25],[ -5 -40  25]
4013,253040,304020,402025,202530,[ 20   0 -35],[  0   5 -30],[ 10 -15 -25],[  0 -35  15]
4014,253040,304035,403525,352530,[ 20  15 -20],[ 15   5 -15],[ 25   0 -25],[ 15 -20 -15]
4015,253040,304045,404525,452530,[ 20  25 -10],[25  5 -5],[ 35  10 -25],[ 25 -10 -35]
4016,253040,304050,405025,502530,[20 30 -5],[30  5  0],[ 40  15 -25],[ 30  -5 -45]
4017,253045,30450,45025,02530,[-16  -6 -15],[-20 -31 -10],[-46  15 -35],[-56  67 -45]
4018,253045,30455,45525,52530,[ 25 -10 -60],[-15  10 -55],[  0 -30 -35],[-10 -60  45]
4019,253045,304510,451025,102530,[ 25  -5 -55],[-10  10 -50],[  5 -25 -35],[ -5 -55  35]
4020,253045,304515,451525,152530,[ 25   0 -50],[ -5  10 -45],[ 10 -20 -35],[  0 -50  25]
4021,253045,304520,452025,202530,[ 25   5 -45],[  0  10 -40],[ 15 -15 -35],[  5 -45  15]
4022,253045,304535,453525,352530,[ 25  20 -30],[ 15  10 -25],[ 30   0 -35],[ 20 -30 -15]
4023,253045,304540,454025,402530,[ 25  25 -25],[ 20  10 -20],[ 35   5 -35],[ 25 -25 -25]
4024,253045,304550,455025,502530,[ 25  35 -15],[ 30  10 -10],[ 45  15 -35],[ 35 -15 -45]
4025,253050,30500,50025,02530,[ 30 -10 -75],[-20  15 -70],[  0 -35 -45],[-10 -75  55]
4026,253050,30505,50525,52530,[ 30  -5 -70],[-15  15 -65],[  5 -30 -45],[ -5 -70  45]
4027,253050,305010,501025,102530,[ 30   0 -65],[-10  15 -60],[ 10 -25 -45],[  0 -65  35]
4028,253050,305015,501525,152530,[ 30   5 -60],[ -5  15 -55],[ 15 -20 -45],[  5 -60  25]
4029,253050,305020,502025,202530,[ 30  10 -55],[  0  15 -50],[ 20 -15 -45],[ 10 -55  15]
4030,253050,305035,503525,352530,[ 30  25 -40],[ 15  15 -35],[ 35   0 -45],[ 25 -40 -15]
4031,253050,305040,504025,402530,[ 30  30 -35],[ 20  15 -30],[ 40   5 -45],[ 30 -35 -25]
4032,253050,305045,504525,452530,[ 30  35 -30],[ 25  15 -25],[ 45  10 -45],[ 35 -30 -35]
4033,25350,3505,0525,52535,[-47  49 -70],[-42  69 -60],[-45  24 -40],[ -1 -70  50]
4034,25350,35010,01025,102535,[-47  54 -65],[-37  69 -55],[-40  29 -40],[  4 -65  40]
4035,25350,35015,01525,152535,[-47  59 -60],[-32  69 -50],[-35  34 -40],[  9 -60  30]
4036,25350,35020,02025,202535,[-47  64 -55],[-27  69 -45],[-30  39 -40],[ 14 -55  20]
4037,25350,35030,03025,302535,[-47  74 -45],[-17  69 -35],[-20  49 -40],[ 24 -45   0]
4038,25350,35040,04025,402535,[-47  84 -35],[ -7  69 -25],[-10  59 -40],[ 34 -35 -20]
4039,25350,35045,04525,452535,[-47  89 -30],[ -2  69 -20],[ -5  64 -40],[ 39 -30 -30]
4040,25350,35050,05025,502535,[-47  94 -25],[  3  69 -15],[  0  69 -40],[ 44 -25 -40]
4041,25355,3550,5025,02535,[-42 -65  65],[-47 -40  75],[-45 -45  50],[ -1  15 -40]
4042,25355,35510,51025,102535,[-10 -55  25],[ -5 -40  35],[-35 -35  50],[-55  25  40]
4043,25355,35515,51525,152535,[-10 -50  30],[  0 -40  40],[-30 -30  50],[-50  30  30]
4044,25355,35520,52025,202535,[-10 -45  35],[  5 -40  45],[-25 -25  50],[-45  35  20]
4045,25355,35530,53025,302535,[-10 -35  45],[ 15 -40  55],[-15 -15  50],[-35  45   0]
4046,25355,35540,54025,402535,[-10 -25  55],[ 25 -40  65],[-5 -5 50],[-25  55 -20]
4047,25355,35545,54525,452535,[-10 -20  60],[ 30 -40  70],[ 0  0 50],[-20  60 -30]
4048,25355,35550,55025,502535,[-10 -15  65],[ 35 -40  75],[ 5  5 50],[-15  65 -40]
4049,253510,35100,10025,02535,[ -5 -60   5],[-15 -35  15],[-40 -45  40],[-60   5  60]
4050,253510,35105,10525,52535,[ -5 -55  10],[-10 -35  20],[-35 -40  40],[-55  10  50]
4051,253510,351015,101525,152535,[ -5 -45  20],[  0 -35  30],[-25 -30  40],[-45  20  30]
4052,253510,351020,102025,202535,[ -5 -40  25],[  5 -35  35],[-20 -25  40],[-40  25  20]
4053,253510,351030,103025,302535,[ -5 -30  35],[ 15 -35  45],[-10 -15  40],[-30  35   0]
4054,253510,351040,104025,402535,[ -5 -20  45],[ 25 -35  55],[ 0 -5 40],[-20  45 -20]
4055,253510,351045,104525,452535,[ -5 -15  50],[ 30 -35  60],[ 5  0 40],[-15  50 -30]
4056,253510,351050,105025,502535,[ -5 -10  55],[ 35 -35  65],[10  5 40],[-10  55 -40]
4057,253515,35150,15025,02535,[-14 -19  45],[-15 -44  55],[-49   5  30],[-69  73 -40]
4058,253515,35155,15525,52535,[  0 -50   0],[-10 -30  10],[-30 -40  30],[-50   0  50]
4059,253515,351510,151025,102535,[  0 -45   5],[ -5 -30  15],[-25 -35  30],[-45   5  40]
4060,253515,351520,152025,202535,[  0 -35  15],[  5 -30  25],[-15 -25  30],[-35  15  20]
4061,253515,351530,153025,302535,[  0 -25  25],[ 15 -30  35],[ -5 -15  30],[-25  25   0]
4062,253515,351540,154025,402535,[  0 -15  35],[ 25 -30  45],[ 5 -5 30],[-15  35 -20]
4063,253515,351545,154525,452535,[  0 -10  40],[ 30 -30  50],[10  0 30],[-10  40 -30]
4064,253515,351550,155025,502535,[ 0 -5 45],[ 35 -30  55],[15  5 30],[ -5  45 -40]
4065,253520,35200,20025,02535,[  5 -50 -15],[-15 -25  -5],[-30 -45  20],[-50 -15  60]
4066,253520,35205,20525,52535,[  5 -45 -10],[-10 -25   0],[-25 -40  20],[-45 -10  50]
4067,253520,352010,201025,102535,[  5 -40  -5],[ -5 -25   5],[-20 -35  20],[-40  -5  40]
4068,253520,352015,201525,152535,[  5 -35   0],[  0 -25  10],[-15 -30  20],[-35   0  30]
4069,253520,352030,203025,302535,[  5 -20  15],[ 15 -25  25],[  0 -15  20],[-20  15   0]
4070,253520,352040,204025,402535,[  5 -10  25],[ 25 -25  35],[10 -5 20],[-10  25 -20]
4071,253520,352045,204525,452535,[ 5 -5 30],[ 30 -25  40],[15  0 20],[ -5  30 -30]
4072,253520,352050,205025,502535,[ 5  0 35],[ 35 -25  45],[20  5 20],[  0  35 -40]
4073,253530,35300,30025,02535,[ 15 -40 -35],[-15 -15 -25],[-20 -45   0],[-40 -35  60]
4074,253530,35305,30525,52535,[ 15 -35 -30],[-10 -15 -20],[-15 -40   0],[-35 -30  50]
4075,253530,353010,301025,102535,[ 15 -30 -25],[ -5 -15 -15],[-10 -35   0],[-30 -25  40]
4076,253530,353015,301525,152535,[ 15 -25 -20],[  0 -15 -10],[ -5 -30   0],[-25 -20  30]
4077,253530,353020,302025,202535,[ 15 -20 -15],[  5 -15  -5],[  0 -25   0],[-20 -15  20]
4078,253530,353040,304025,402535,[15  0  5],[ 25 -15  15],[20 -5  0],[  0   5 -20]
4079,253530,353045,304525,452535,[15  5 10],[ 30 -15  20],[25  0  0],[  5  10 -30]
4080,253530,353050,305025,502535,[15 10 15],[ 35 -15  25],[30  5  0],[ 10  15 -40]
4081,253540,35400,40025,02535,[ 25 -30 -55],[-15  -5 -45],[-10 -45 -20],[-30 -55  60]
4082,253540,35405,40525,52535,[ 25 -25 -50],[-10  -5 -40],[ -5 -40 -20],[-25 -50  50]
4083,253540,354010,401025,102535,[ 25 -20 -45],[ -5  -5 -35],[  0 -35 -20],[-20 -45  40]
4084,253540,354015,401525,152535,[ 25 -15 -40],[  0  -5 -30],[  5 -30 -20],[-15 -40  30]
4085,253540,354020,402025,202535,[ 25 -10 -35],[  5  -5 -25],[ 10 -25 -20],[-10 -35  20]
4086,253540,354030,403025,302535,[ 25   0 -25],[ 15  -5 -15],[ 20 -15 -20],[  0 -25   0]
4087,253540,354045,404525,452535,[ 25  15 -10],[30 -5  0],[ 35   0 -20],[ 15 -10 -30]
4088,253540,354050,405025,502535,[25 20 -5],[35 -5  5],[ 40   5 -20],[ 20  -5 -40]
4089,253545,35450,45025,02535,[-11 -16 -15],[-15 -41  -5],[-46   5 -30],[-66  67 -40]
4090,253545,35455,45525,52535,[ 30 -20 -60],[-10   0 -50],[  0 -40 -30],[-20 -60  50]
4091,253545,354510,451025,102535,[ 30 -15 -55],[ -5   0 -45],[  5 -35 -30],[-15 -55  40]
4092,253545,354515,451525,152535,[ 30 -10 -50],[  0   0 -40],[ 10 -30 -30],[-10 -50  30]
4093,253545,354520,452025,202535,[ 30  -5 -45],[  5   0 -35],[ 15 -25 -30],[ -5 -45  20]
4094,253545,354530,453025,302535,[ 30   5 -35],[ 15   0 -25],[ 25 -15 -30],[  5 -35   0]
4095,253545,354540,454025,402535,[ 30  15 -25],[ 25   0 -15],[ 35  -5 -30],[ 15 -25 -20]
4096,253545,354550,455025,502535,[ 30  25 -15],[35  0 -5],[ 45   5 -30],[ 25 -15 -40]
4097,253550,35500,50025,02535,[ 35 -20 -75],[-15   5 -65],[  0 -45 -40],[-20 -75  60]
4098,253550,35505,50525,52535,[ 35 -15 -70],[-10   5 -60],[  5 -40 -40],[-15 -70  50]
4099,253550,355010,501025,102535,[ 35 -10 -65],[ -5   5 -55],[ 10 -35 -40],[-10 -65  40]
4100,253550,355015,501525,152535,[ 35  -5 -60],[  0   5 -50],[ 15 -30 -40],[ -5 -60  30]
4101,253550,355020,502025,202535,[ 35   0 -55],[  5   5 -45],[ 20 -25 -40],[  0 -55  20]
4102,253550,355030,503025,302535,[ 35  10 -45],[ 15   5 -35],[ 30 -15 -40],[ 10 -45   0]
4103,253550,355040,504025,402535,[ 35  20 -35],[ 25   5 -25],[ 40  -5 -40],[ 20 -35 -20]
4104,253550,355045,504525,452535,[ 35  25 -30],[ 30   5 -20],[ 45   0 -40],[ 25 -30 -30]
4105,25400,4005,0525,52540,[-10 -75  30],[ -5 -55  45],[-45 -50  65],[-75  30  55]
4106,25400,40010,01025,102540,[-10 -70  35],[  0 -55  50],[-40 -45  65],[-70  35  45]
4107,25400,40015,01525,152540,[-10 -65  40],[  5 -55  55],[-35 -40  65],[-65  40  35]
4108,25400,40020,02025,202540,[-10 -60  45],[ 10 -55  60],[-30 -35  65],[-60  45  25]
4109,25400,40030,03025,302540,[-10 -50  55],[ 20 -55  70],[-20 -25  65],[-50  55   5]
4110,25400,40035,03525,352540,[-10 -45  60],[ 25 -55  75],[-15 -20  65],[-45  60  -5]
4111,25400,40045,04525,452540,[-10 -35  70],[ 35 -55  85],[ -5 -10  65],[-35  70 -25]
4112,25400,40050,05025,502540,[-10 -30  75],[ 40 -55  90],[ 0 -5 65],[-30  75 -35]
4113,25405,4050,5025,02540,[-41 -80  65],[-46 -55  80],[-45 -55  55],[ -3  25 -35]
4114,25405,40510,51025,102540,[ -5 -65  25],[  0 -50  40],[-35 -45  55],[-65  25  45]
4115,25405,40515,51525,152540,[ -5 -60  30],[  5 -50  45],[-30 -40  55],[-60  30  35]
4116,25405,40520,52025,202540,[ -5 -55  35],[ 10 -50  50],[-25 -35  55],[-55  35  25]
4117,25405,40530,53025,302540,[ -5 -45  45],[ 20 -50  60],[-15 -25  55],[-45  45   5]
4118,25405,40535,53525,352540,[ -5 -40  50],[ 25 -50  65],[-10 -20  55],[-40  50  -5]
4119,25405,40545,54525,452540,[ -5 -30  60],[ 35 -50  75],[  0 -10  55],[-30  60 -25]
4120,25405,40550,55025,502540,[ -5 -25  65],[ 40 -50  80],[ 5 -5 55],[-25  65 -35]
4121,254010,40100,10025,02540,[  0 -70   5],[-10 -45  20],[-40 -55  45],[-70   5  65]
4122,254010,40105,10525,52540,[  0 -65  10],[ -5 -45  25],[-35 -50  45],[-65  10  55]
4123,254010,401015,101525,152540,[  0 -55  20],[  5 -45  35],[-25 -40  45],[-55  20  35]
4124,254010,401020,102025,202540,[  0 -50  25],[ 10 -45  40],[-20 -35  45],[-50  25  25]
4125,254010,401030,103025,302540,[  0 -40  35],[ 20 -45  50],[-10 -25  45],[-40  35   5]
4126,254010,401035,103525,352540,[  0 -35  40],[ 25 -45  55],[ -5 -20  45],[-35  40  -5]
4127,254010,401045,104525,452540,[  0 -25  50],[ 35 -45  65],[  5 -10  45],[-25  50 -25]
4128,254010,401050,105025,502540,[  0 -20  55],[ 40 -45  70],[10 -5 45],[-20  55 -35]
4129,254015,40150,15025,02540,[ -9 -29  45],[-10 -54  60],[-49  -5  35],[-79  73 -35]
4130,254015,40155,15525,52540,[  5 -60   0],[ -5 -40  15],[-30 -50  35],[-60   0  55]
4131,254015,401510,151025,102540,[  5 -55   5],[  0 -40  20],[-25 -45  35],[-55   5  45]
4132,254015,401520,152025,202540,[  5 -45  15],[ 10 -40  30],[-15 -35  35],[-45  15  25]
4133,254015,401530,153025,302540,[  5 -35  25],[ 20 -40  40],[ -5 -25  35],[-35  25   5]
4134,254015,401535,153525,352540,[  5 -30  30],[ 25 -40  45],[  0 -20  35],[-30  30  -5]
4135,254015,401545,154525,452540,[  5 -20  40],[ 35 -40  55],[ 10 -10  35],[-20  40 -25]
4136,254015,401550,155025,502540,[  5 -15  45],[ 40 -40  60],[15 -5 35],[-15  45 -35]
4137,254020,40200,20025,02540,[ 10 -60 -15],[-10 -35   0],[-30 -55  25],[-60 -15  65]
4138,254020,40205,20525,52540,[ 10 -55 -10],[ -5 -35   5],[-25 -50  25],[-55 -10  55]
4139,254020,402010,201025,102540,[ 10 -50  -5],[  0 -35  10],[-20 -45  25],[-50  -5  45]
4140,254020,402015,201525,152540,[ 10 -45   0],[  5 -35  15],[-15 -40  25],[-45   0  35]
4141,254020,402030,203025,302540,[ 10 -30  15],[ 20 -35  30],[  0 -25  25],[-30  15   5]
4142,254020,402035,203525,352540,[ 10 -25  20],[ 25 -35  35],[  5 -20  25],[-25  20  -5]
4143,254020,402045,204525,452540,[ 10 -15  30],[ 35 -35  45],[ 15 -10  25],[-15  30 -25]
4144,254020,402050,205025,502540,[ 10 -10  35],[ 40 -35  50],[20 -5 25],[-10  35 -35]
4145,254030,40300,30025,02540,[ 20 -50 -35],[-10 -25 -20],[-20 -55   5],[-50 -35  65]
4146,254030,40305,30525,52540,[ 20 -45 -30],[ -5 -25 -15],[-15 -50   5],[-45 -30  55]
4147,254030,403010,301025,102540,[ 20 -40 -25],[  0 -25 -10],[-10 -45   5],[-40 -25  45]
4148,254030,403015,301525,152540,[ 20 -35 -20],[  5 -25  -5],[ -5 -40   5],[-35 -20  35]
4149,254030,403020,302025,202540,[ 20 -30 -15],[ 10 -25   0],[  0 -35   5],[-30 -15  25]
4150,254030,403035,303525,352540,[ 20 -15   0],[ 25 -25  15],[ 15 -20   5],[-15   0  -5]
4151,254030,403045,304525,452540,[20 -5 10],[ 35 -25  25],[ 25 -10   5],[ -5  10 -25]
4152,254030,403050,305025,502540,[20  0 15],[ 40 -25  30],[30 -5  5],[  0  15 -35]
4153,254035,40350,35025,02540,[ -7 -27   5],[-10 -52  20],[-47  -5  -5],[-77  69 -35]
4154,254035,40355,35525,52540,[ 25 -40 -40],[ -5 -20 -25],[-10 -50  -5],[-40 -40  55]
4155,254035,403510,351025,102540,[ 25 -35 -35],[  0 -20 -20],[ -5 -45  -5],[-35 -35  45]
4156,254035,403515,351525,152540,[ 25 -30 -30],[  5 -20 -15],[  0 -40  -5],[-30 -30  35]
4157,254035,403520,352025,202540,[ 25 -25 -25],[ 10 -20 -10],[  5 -35  -5],[-25 -25  25]
4158,254035,403530,353025,302540,[ 25 -15 -15],[ 20 -20   0],[ 15 -25  -5],[-15 -15   5]
4159,254035,403545,354525,452540,[25  0  0],[ 35 -20  15],[ 30 -10  -5],[  0   0 -25]
4160,254035,403550,355025,502540,[25  5  5],[ 40 -20  20],[35 -5 -5],[  5   5 -35]
4161,254045,40450,45025,02540,[ -6 -26 -15],[-10 -51   0],[-46  -5 -25],[-76  67 -35]
4162,254045,40455,45525,52540,[ 35 -30 -60],[ -5 -10 -45],[  0 -50 -25],[-30 -60  55]
4163,254045,404510,451025,102540,[ 35 -25 -55],[  0 -10 -40],[  5 -45 -25],[-25 -55  45]
4164,254045,404515,451525,152540,[ 35 -20 -50],[  5 -10 -35],[ 10 -40 -25],[-20 -50  35]
4165,254045,404520,452025,202540,[ 35 -15 -45],[ 10 -10 -30],[ 15 -35 -25],[-15 -45  25]
4166,254045,404530,453025,302540,[ 35  -5 -35],[ 20 -10 -20],[ 25 -25 -25],[ -5 -35   5]
4167,254045,404535,453525,352540,[ 35   0 -30],[ 25 -10 -15],[ 30 -20 -25],[  0 -30  -5]
4168,254045,404550,455025,502540,[ 35  15 -15],[ 40 -10   0],[ 45  -5 -25],[ 15 -15 -35]
4169,254050,40500,50025,02540,[ 40 -30 -75],[-10  -5 -60],[  0 -55 -35],[-30 -75  65]
4170,254050,40505,50525,52540,[ 40 -25 -70],[ -5  -5 -55],[  5 -50 -35],[-25 -70  55]
4171,254050,405010,501025,102540,[ 40 -20 -65],[  0  -5 -50],[ 10 -45 -35],[-20 -65  45]
4172,254050,405015,501525,152540,[ 40 -15 -60],[  5  -5 -45],[ 15 -40 -35],[-15 -60  35]
4173,254050,405020,502025,202540,[ 40 -10 -55],[ 10  -5 -40],[ 20 -35 -35],[-10 -55  25]
4174,254050,405030,503025,302540,[ 40   0 -45],[ 20  -5 -30],[ 30 -25 -35],[  0 -45   5]
4175,254050,405035,503525,352540,[ 40   5 -40],[ 25  -5 -25],[ 35 -20 -35],[  5 -40  -5]
4176,254050,405045,504525,452540,[ 40  15 -30],[ 35  -5 -15],[ 45 -10 -35],[ 15 -30 -25]
4177,25450,4505,0525,52545,[-46  47 -70],[-41  67 -50],[-45  22 -30],[ -3 -70  60]
4178,25450,45010,01025,102545,[-46  52 -65],[-36  67 -45],[-40  27 -30],[  2 -65  50]
4179,25450,45015,01525,152545,[-46  57 -60],[-31  67 -40],[-35  32 -30],[  7 -60  40]
4180,25450,45020,02025,202545,[-46  62 -55],[-26  67 -35],[-30  37 -30],[ 12 -55  30]
4181,25450,45030,03025,302545,[-46  72 -45],[-16  67 -25],[-20  47 -30],[ 22 -45  10]
4182,25450,45035,03525,352545,[-46  77 -40],[-11  67 -20],[-15  52 -30],[ 27 -40   0]
4183,25450,45040,04025,402545,[-46  82 -35],[ -6  67 -15],[-10  57 -30],[ 32 -35 -10]
4184,25450,45050,05025,502545,[-46  92 -25],[ 4 67 -5],[  0  67 -30],[ 42 -25 -30]
4185,25455,4550,5025,02545,[-41 -85  65],[-46 -60  85],[-45 -65  60],[ -3  15 -30]
4186,25455,45510,51025,102545,[  0 -75  25],[  5 -60  45],[-35 -55  60],[-75  25  50]
4187,25455,45515,51525,152545,[  0 -70  30],[ 10 -60  50],[-30 -50  60],[-70  30  40]
4188,25455,45520,52025,202545,[  0 -65  35],[ 15 -60  55],[-25 -45  60],[-65  35  30]
4189,25455,45530,53025,302545,[  0 -55  45],[ 25 -60  65],[-15 -35  60],[-55  45  10]
4190,25455,45535,53525,352545,[  0 -50  50],[ 30 -60  70],[-10 -30  60],[-50  50   0]
4191,25455,45540,54025,402545,[  0 -45  55],[ 35 -60  75],[ -5 -25  60],[-45  55 -10]
4192,25455,45550,55025,502545,[  0 -35  65],[ 45 -60  85],[  5 -15  60],[-35  65 -30]
4193,254510,45100,10025,02545,[  5 -80   5],[ -5 -55  25],[-40 -65  50],[-80   5  70]
4194,254510,45105,10525,52545,[  5 -75  10],[  0 -55  30],[-35 -60  50],[-75  10  60]
4195,254510,451015,101525,152545,[  5 -65  20],[ 10 -55  40],[-25 -50  50],[-65  20  40]
4196,254510,451020,102025,202545,[  5 -60  25],[ 15 -55  45],[-20 -45  50],[-60  25  30]
4197,254510,451030,103025,302545,[  5 -50  35],[ 25 -55  55],[-10 -35  50],[-50  35  10]
4198,254510,451035,103525,352545,[  5 -45  40],[ 30 -55  60],[ -5 -30  50],[-45  40   0]
4199,254510,451040,104025,402545,[  5 -40  45],[ 35 -55  65],[  0 -25  50],[-40  45 -10]
4200,254510,451050,105025,502545,[  5 -30  55],[ 45 -55  75],[ 10 -15  50],[-30  55 -30]
4201,254515,45150,15025,02545,[ -4 -39  45],[ -5 -64  65],[-49 -15  40],[-89  73 -30]
4202,254515,45155,15525,52545,[ 10 -70   0],[  0 -50  20],[-30 -60  40],[-70   0  60]
4203,254515,451510,151025,102545,[ 10 -65   5],[  5 -50  25],[-25 -55  40],[-65   5  50]
4204,254515,451520,152025,202545,[ 10 -55  15],[ 15 -50  35],[-15 -45  40],[-55  15  30]
4205,254515,451530,153025,302545,[ 10 -45  25],[ 25 -50  45],[ -5 -35  40],[-45  25  10]
4206,254515,451535,153525,352545,[ 10 -40  30],[ 30 -50  50],[  0 -30  40],[-40  30   0]
4207,254515,451540,154025,402545,[ 10 -35  35],[ 35 -50  55],[  5 -25  40],[-35  35 -10]
4208,254515,451550,155025,502545,[ 10 -25  45],[ 45 -50  65],[ 15 -15  40],[-25  45 -30]
4209,254520,45200,20025,02545,[ 15 -70 -15],[ -5 -45   5],[-30 -65  30],[-70 -15  70]
4210,254520,45205,20525,52545,[ 15 -65 -10],[  0 -45  10],[-25 -60  30],[-65 -10  60]
4211,254520,452010,201025,102545,[ 15 -60  -5],[  5 -45  15],[-20 -55  30],[-60  -5  50]
4212,254520,452015,201525,152545,[ 15 -55   0],[ 10 -45  20],[-15 -50  30],[-55   0  40]
4213,254520,452030,203025,302545,[ 15 -40  15],[ 25 -45  35],[  0 -35  30],[-40  15  10]
4214,254520,452035,203525,352545,[ 15 -35  20],[ 30 -45  40],[  5 -30  30],[-35  20   0]
4215,254520,452040,204025,402545,[ 15 -30  25],[ 35 -45  45],[ 10 -25  30],[-30  25 -10]
4216,254520,452050,205025,502545,[ 15 -20  35],[ 45 -45  55],[ 20 -15  30],[-20  35 -30]
4217,254530,45300,30025,02545,[ 25 -60 -35],[ -5 -35 -15],[-20 -65  10],[-60 -35  70]
4218,254530,45305,30525,52545,[ 25 -55 -30],[  0 -35 -10],[-15 -60  10],[-55 -30  60]
4219,254530,453010,301025,102545,[ 25 -50 -25],[  5 -35  -5],[-10 -55  10],[-50 -25  50]
4220,254530,453015,301525,152545,[ 25 -45 -20],[ 10 -35   0],[ -5 -50  10],[-45 -20  40]
4221,254530,453020,302025,202545,[ 25 -40 -15],[ 15 -35   5],[  0 -45  10],[-40 -15  30]
4222,254530,453035,303525,352545,[ 25 -25   0],[ 30 -35  20],[ 15 -30  10],[-25   0   0]
4223,254530,453040,304025,402545,[ 25 -20   5],[ 35 -35  25],[ 20 -25  10],[-20   5 -10]
4224,254530,453050,305025,502545,[ 25 -10  15],[ 45 -35  35],[ 30 -15  10],[-10  15 -30]
4225,254535,45350,35025,02545,[ -2 -37   5],[ -5 -62  25],[-47 -15   0],[-87  69 -30]
4226,254535,45355,35525,52545,[ 30 -50 -40],[  0 -30 -20],[-10 -60   0],[-50 -40  60]
4227,254535,453510,351025,102545,[ 30 -45 -35],[  5 -30 -15],[ -5 -55   0],[-45 -35  50]
4228,254535,453515,351525,152545,[ 30 -40 -30],[ 10 -30 -10],[  0 -50   0],[-40 -30  40]
4229,254535,453520,352025,202545,[ 30 -35 -25],[ 15 -30  -5],[  5 -45   0],[-35 -25  30]
4230,254535,453530,353025,302545,[ 30 -25 -15],[ 25 -30   5],[ 15 -35   0],[-25 -15  10]
4231,254535,453540,354025,402545,[ 30 -15  -5],[ 35 -30  15],[ 25 -25   0],[-15  -5 -10]
4232,254535,453550,355025,502545,[30 -5  5],[ 45 -30  25],[ 35 -15   0],[ -5   5 -30]
4233,254540,45400,40025,02545,[ 35 -50 -55],[ -5 -25 -35],[-10 -65 -10],[-50 -55  70]
4234,254540,45405,40525,52545,[ 35 -45 -50],[  0 -25 -30],[ -5 -60 -10],[-45 -50  60]
4235,254540,454010,401025,102545,[ 35 -40 -45],[  5 -25 -25],[  0 -55 -10],[-40 -45  50]
4236,254540,454015,401525,152545,[ 35 -35 -40],[ 10 -25 -20],[  5 -50 -10],[-35 -40  40]
4237,254540,454020,402025,202545,[ 35 -30 -35],[ 15 -25 -15],[ 10 -45 -10],[-30 -35  30]
4238,254540,454030,403025,302545,[ 35 -20 -25],[ 25 -25  -5],[ 20 -35 -10],[-20 -25  10]
4239,254540,454035,403525,352545,[ 35 -15 -20],[ 30 -25   0],[ 25 -30 -10],[-15 -20   0]
4240,254540,454050,405025,502545,[35  0 -5],[ 45 -25  15],[ 40 -15 -10],[  0  -5 -30]
4241,254550,45500,50025,02545,[ 45 -40 -75],[ -5 -15 -55],[  0 -65 -30],[-40 -75  70]
4242,254550,45505,50525,52545,[ 45 -35 -70],[  0 -15 -50],[  5 -60 -30],[-35 -70  60]
4243,254550,455010,501025,102545,[ 45 -30 -65],[  5 -15 -45],[ 10 -55 -30],[-30 -65  50]
4244,254550,455015,501525,152545,[ 45 -25 -60],[ 10 -15 -40],[ 15 -50 -30],[-25 -60  40]
4245,254550,455020,502025,202545,[ 45 -20 -55],[ 15 -15 -35],[ 20 -45 -30],[-20 -55  30]
4246,254550,455030,503025,302545,[ 45 -10 -45],[ 25 -15 -25],[ 30 -35 -30],[-10 -45  10]
4247,254550,455035,503525,352545,[ 45  -5 -40],[ 30 -15 -20],[ 35 -30 -30],[ -5 -40   0]
4248,254550,455040,504025,402545,[ 45   0 -35],[ 35 -15 -15],[ 40 -25 -30],[  0 -35 -10]
4249,25500,5005,0525,52550,[  0 -95  30],[  5 -75  55],[-45 -70  75],[-95  30  65]
4250,25500,50010,01025,102550,[  0 -90  35],[ 10 -75  60],[-40 -65  75],[-90  35  55]
4251,25500,50015,01525,152550,[  0 -85  40],[ 15 -75  65],[-35 -60  75],[-85  40  45]
4252,25500,50020,02025,202550,[  0 -80  45],[ 20 -75  70],[-30 -55  75],[-80  45  35]
4253,25500,50030,03025,302550,[  0 -70  55],[ 30 -75  80],[-20 -45  75],[-70  55  15]
4254,25500,50035,03525,352550,[  0 -65  60],[ 35 -75  85],[-15 -40  75],[-65  60   5]
4255,25500,50040,04025,402550,[  0 -60  65],[ 40 -75  90],[-10 -35  75],[-60  65  -5]
4256,25500,50045,04525,452550,[  0 -55  70],[ 45 -75  95],[ -5 -30  75],[-55  70 -15]
4257,25505,5050,5025,02550,[ -40 -100   65],[-45 -75  90],[-45 -75  65],[ -5  25 -25]
4258,25505,50510,51025,102550,[  5 -85  25],[ 10 -70  50],[-35 -65  65],[-85  25  55]
4259,25505,50515,51525,152550,[  5 -80  30],[ 15 -70  55],[-30 -60  65],[-80  30  45]
4260,25505,50520,52025,202550,[  5 -75  35],[ 20 -70  60],[-25 -55  65],[-75  35  35]
4261,25505,50530,53025,302550,[  5 -65  45],[ 30 -70  70],[-15 -45  65],[-65  45  15]
4262,25505,50535,53525,352550,[  5 -60  50],[ 35 -70  75],[-10 -40  65],[-60  50   5]
4263,25505,50540,54025,402550,[  5 -55  55],[ 40 -70  80],[ -5 -35  65],[-55  55  -5]
4264,25505,50545,54525,452550,[  5 -50  60],[ 45 -70  85],[  0 -30  65],[-50  60 -15]
4265,255010,50100,10025,02550,[ 10 -90   5],[  0 -65  30],[-40 -75  55],[-90   5  75]
4266,255010,50105,10525,52550,[ 10 -85  10],[  5 -65  35],[-35 -70  55],[-85  10  65]
4267,255010,501015,101525,152550,[ 10 -75  20],[ 15 -65  45],[-25 -60  55],[-75  20  45]
4268,255010,501020,102025,202550,[ 10 -70  25],[ 20 -65  50],[-20 -55  55],[-70  25  35]
4269,255010,501030,103025,302550,[ 10 -60  35],[ 30 -65  60],[-10 -45  55],[-60  35  15]
4270,255010,501035,103525,352550,[ 10 -55  40],[ 35 -65  65],[ -5 -40  55],[-55  40   5]
4271,255010,501040,104025,402550,[ 10 -50  45],[ 40 -65  70],[  0 -35  55],[-50  45  -5]
4272,255010,501045,104525,452550,[ 10 -45  50],[ 45 -65  75],[  5 -30  55],[-45  50 -15]
4273,255015,50150,15025,02550,[  1 -49  45],[  0 -74  70],[-49 -25  45],[-99  73 -25]
4274,255015,50155,15525,52550,[ 15 -80   0],[  5 -60  25],[-30 -70  45],[-80   0  65]
4275,255015,501510,151025,102550,[ 15 -75   5],[ 10 -60  30],[-25 -65  45],[-75   5  55]
4276,255015,501520,152025,202550,[ 15 -65  15],[ 20 -60  40],[-15 -55  45],[-65  15  35]
4277,255015,501530,153025,302550,[ 15 -55  25],[ 30 -60  50],[ -5 -45  45],[-55  25  15]
4278,255015,501535,153525,352550,[ 15 -50  30],[ 35 -60  55],[  0 -40  45],[-50  30   5]
4279,255015,501540,154025,402550,[ 15 -45  35],[ 40 -60  60],[  5 -35  45],[-45  35  -5]
4280,255015,501545,154525,452550,[ 15 -40  40],[ 45 -60  65],[ 10 -30  45],[-40  40 -15]
4281,255020,50200,20025,02550,[ 20 -80 -15],[  0 -55  10],[-30 -75  35],[-80 -15  75]
4282,255020,50205,20525,52550,[ 20 -75 -10],[  5 -55  15],[-25 -70  35],[-75 -10  65]
4283,255020,502010,201025,102550,[ 20 -70  -5],[ 10 -55  20],[-20 -65  35],[-70  -5  55]
4284,255020,502015,201525,152550,[ 20 -65   0],[ 15 -55  25],[-15 -60  35],[-65   0  45]
4285,255020,502030,203025,302550,[ 20 -50  15],[ 30 -55  40],[  0 -45  35],[-50  15  15]
4286,255020,502035,203525,352550,[ 20 -45  20],[ 35 -55  45],[  5 -40  35],[-45  20   5]
4287,255020,502040,204025,402550,[ 20 -40  25],[ 40 -55  50],[ 10 -35  35],[-40  25  -5]
4288,255020,502045,204525,452550,[ 20 -35  30],[ 45 -55  55],[ 15 -30  35],[-35  30 -15]
4289,255030,50300,30025,02550,[ 30 -70 -35],[  0 -45 -10],[-20 -75  15],[-70 -35  75]
4290,255030,50305,30525,52550,[ 30 -65 -30],[  5 -45  -5],[-15 -70  15],[-65 -30  65]
4291,255030,503010,301025,102550,[ 30 -60 -25],[ 10 -45   0],[-10 -65  15],[-60 -25  55]
4292,255030,503015,301525,152550,[ 30 -55 -20],[ 15 -45   5],[ -5 -60  15],[-55 -20  45]
4293,255030,503020,302025,202550,[ 30 -50 -15],[ 20 -45  10],[  0 -55  15],[-50 -15  35]
4294,255030,503035,303525,352550,[ 30 -35   0],[ 35 -45  25],[ 15 -40  15],[-35   0   5]
4295,255030,503040,304025,402550,[ 30 -30   5],[ 40 -45  30],[ 20 -35  15],[-30   5  -5]
4296,255030,503045,304525,452550,[ 30 -25  10],[ 45 -45  35],[ 25 -30  15],[-25  10 -15]
4297,255035,50350,35025,02550,[  3 -47   5],[  0 -72  30],[-47 -25   5],[-97  69 -25]
4298,255035,50355,35525,52550,[ 35 -60 -40],[  5 -40 -15],[-10 -70   5],[-60 -40  65]
4299,255035,503510,351025,102550,[ 35 -55 -35],[ 10 -40 -10],[ -5 -65   5],[-55 -35  55]
4300,255035,503515,351525,152550,[ 35 -50 -30],[ 15 -40  -5],[  0 -60   5],[-50 -30  45]
4301,255035,503520,352025,202550,[ 35 -45 -25],[ 20 -40   0],[  5 -55   5],[-45 -25  35]
4302,255035,503530,353025,302550,[ 35 -35 -15],[ 30 -40  10],[ 15 -45   5],[-35 -15  15]
4303,255035,503540,354025,402550,[ 35 -25  -5],[ 40 -40  20],[ 25 -35   5],[-25  -5  -5]
4304,255035,503545,354525,452550,[ 35 -20   0],[ 45 -40  25],[ 30 -30   5],[-20   0 -15]
4305,255040,50400,40025,02550,[ 40 -60 -55],[  0 -35 -30],[-10 -75  -5],[-60 -55  75]
4306,255040,50405,40525,52550,[ 40 -55 -50],[  5 -35 -25],[ -5 -70  -5],[-55 -50  65]
4307,255040,504010,401025,102550,[ 40 -50 -45],[ 10 -35 -20],[  0 -65  -5],[-50 -45  55]
4308,255040,504015,401525,152550,[ 40 -45 -40],[ 15 -35 -15],[  5 -60  -5],[-45 -40  45]
4309,255040,504020,402025,202550,[ 40 -40 -35],[ 20 -35 -10],[ 10 -55  -5],[-40 -35  35]
4310,255040,504030,403025,302550,[ 40 -30 -25],[ 30 -35   0],[ 20 -45  -5],[-30 -25  15]
4311,255040,504035,403525,352550,[ 40 -25 -20],[ 35 -35   5],[ 25 -40  -5],[-25 -20   5]
4312,255040,504045,404525,452550,[ 40 -15 -10],[ 45 -35  15],[ 35 -30  -5],[-15 -10 -15]
4313,255045,50450,45025,02550,[  4 -46 -15],[  0 -71  10],[-46 -25 -15],[-96  67 -25]
4314,255045,50455,45525,52550,[ 45 -50 -60],[  5 -30 -35],[  0 -70 -15],[-50 -60  65]
4315,255045,504510,451025,102550,[ 45 -45 -55],[ 10 -30 -30],[  5 -65 -15],[-45 -55  55]
4316,255045,504515,451525,152550,[ 45 -40 -50],[ 15 -30 -25],[ 10 -60 -15],[-40 -50  45]
4317,255045,504520,452025,202550,[ 45 -35 -45],[ 20 -30 -20],[ 15 -55 -15],[-35 -45  35]
4318,255045,504530,453025,302550,[ 45 -25 -35],[ 30 -30 -10],[ 25 -45 -15],[-25 -35  15]
4319,255045,504535,453525,352550,[ 45 -20 -30],[ 35 -30  -5],[ 30 -40 -15],[-20 -30   5]
4320,255045,504540,454025,402550,[ 45 -15 -25],[ 40 -30   0],[ 35 -35 -15],[-15 -25  -5]
4321,3005,0510,51030,10300,[-55  15  30],[-50  35   0],[-45  40  20],[15 30 10]
4322,3005,0515,51530,15300,[-55  20  35],[-45  35   5],[-40  45  20],[20 35  0]
4323,3005,0520,52030,20300,[-55  25  40],[-40  35  10],[-35  50  20],[ 25  40 -10]
4324,3005,0525,52530,25300,[-55  30  45],[-35  35  15],[-30  55  20],[ 30  45 -20]
4325,3005,0535,53530,35300,[-55  40  55],[-25  35  25],[-20  65  20],[ 40  55 -40]
4326,3005,0540,54030,40300,[-55  45  60],[-20  35  30],[-15  70  20],[ 45  60 -50]
4327,3005,0545,54530,45300,[-55  50  65],[-15  35  35],[-10  75  20],[ 50  65 -60]
4328,3005,0550,55030,50300,[-55  55  70],[-10  35  40],[-5 80 20],[ 55  70 -70]
4329,30010,0105,10530,5300,[-50  15  15],[-55  40 -15],[-45  35  10],[15 15 20]
4330,30010,01015,101530,15300,[-50  25  25],[-45  40  -5],[-35  45  10],[25 25  0]
4331,30010,01020,102030,20300,[-50  30  30],[-40  40   0],[-30  50  10],[ 30  30 -10]
4332,30010,01025,102530,25300,[-50  35  35],[-35  40   5],[-25  55  10],[ 35  35 -20]
4333,30010,01035,103530,35300,[-50  45  45],[-25  40  15],[-15  65  10],[ 45  45 -40]
4334,30010,01040,104030,40300,[-50  50  50],[-20  40  20],[-10  70  10],[ 50  50 -50]
4335,30010,01045,104530,45300,[-50  55  55],[-15  40  25],[-5 75 10],[ 55  55 -60]
4336,30010,01050,105030,50300,[-50  60  60],[-10  40  30],[ 0 80 10],[ 60  60 -70]
4337,30015,0155,15530,5300,[-45  20   5],[-55  45 -25],[-40  35   0],[20  5 20]
4338,30015,01510,151030,10300,[-45  25  10],[-50  45 -20],[-35  40   0],[25 10 10]
4339,30015,01520,152030,20300,[-45  35  20],[-40  45 -10],[-25  50   0],[ 35  20 -10]
4340,30015,01525,152530,25300,[-45  40  25],[-35  45  -5],[-20  55   0],[ 40  25 -20]
4341,30015,01535,153530,35300,[-45  50  35],[-25  45   5],[-10  65   0],[ 50  35 -40]
4342,30015,01540,154030,40300,[-45  55  40],[-20  45  10],[-5 70  0],[ 55  40 -50]
4343,30015,01545,154530,45300,[-45  60  45],[-15  45  15],[ 0 75  0],[ 60  45 -60]
4344,30015,01550,155030,50300,[-45  65  50],[-10  45  20],[ 5 80  0],[ 65  50 -70]
4345,30020,0205,20530,5300,[-40  25  -5],[-55  50 -35],[-35  35 -10],[25 -5 20]
4346,30020,02010,201030,10300,[-40  30   0],[-50  50 -30],[-30  40 -10],[30  0 10]
4347,30020,02015,201530,15300,[-40  35   5],[-45  50 -25],[-25  45 -10],[35  5  0]
4348,30020,02025,202530,25300,[-40  45  15],[-35  50 -15],[-15  55 -10],[ 45  15 -20]
4349,30020,02035,203530,35300,[-40  55  25],[-25  50  -5],[ -5  65 -10],[ 55  25 -40]
4350,30020,02040,204030,40300,[-40  60  30],[-20  50   0],[  0  70 -10],[ 60  30 -50]
4351,30020,02045,204530,45300,[-40  65  35],[-15  50   5],[  5  75 -10],[ 65  35 -60]
4352,30020,02050,205030,50300,[-40  70  40],[-10  50  10],[ 10  80 -10],[ 70  40 -70]
4353,30025,0255,25530,5300,[-35  30 -15],[-55  55 -45],[-30  35 -20],[ 30 -15  20]
4354,30025,02510,251030,10300,[-35  35 -10],[-50  55 -40],[-25  40 -20],[ 35 -10  10]
4355,30025,02515,251530,15300,[-35  40  -5],[-45  55 -35],[-20  45 -20],[40 -5  0]
4356,30025,02520,252030,20300,[-35  45   0],[-40  55 -30],[-15  50 -20],[ 45   0 -10]
4357,30025,02535,253530,35300,[-35  60  15],[-25  55 -15],[  0  65 -20],[ 60  15 -40]
4358,30025,02540,254030,40300,[-35  65  20],[-20  55 -10],[  5  70 -20],[ 65  20 -50]
4359,30025,02545,254530,45300,[-35  70  25],[-15  55  -5],[ 10  75 -20],[ 70  25 -60]
4360,30025,02550,255030,50300,[-35  75  30],[-10  55   0],[ 15  80 -20],[ 75  30 -70]
4361,30035,0355,35530,5300,[-25  40 -35],[-55  65 -65],[-20  35 -40],[ 40 -35  20]
4362,30035,03510,351030,10300,[-25  45 -30],[-50  65 -60],[-15  40 -40],[ 45 -30  10]
4363,30035,03515,351530,15300,[-25  50 -25],[-45  65 -55],[-10  45 -40],[ 50 -25   0]
4364,30035,03520,352030,20300,[-25  55 -20],[-40  65 -50],[ -5  50 -40],[ 55 -20 -10]
4365,30035,03525,352530,25300,[-25  60 -15],[-35  65 -45],[  0  55 -40],[ 60 -15 -20]
4366,30035,03540,354030,40300,[-25  75   0],[-20  65 -30],[ 15  70 -40],[ 75   0 -50]
4367,30035,03545,354530,45300,[-25  80   5],[-15  65 -25],[ 20  75 -40],[ 80   5 -60]
4368,30035,03550,355030,50300,[-25  85  10],[-10  65 -20],[ 25  80 -40],[ 85  10 -70]
4369,30040,0405,40530,5300,[-20  45 -45],[-55  70 -75],[-15  35 -50],[ 45 -45  20]
4370,30040,04010,401030,10300,[-20  50 -40],[-50  70 -70],[-10  40 -50],[ 50 -40  10]
4371,30040,04015,401530,15300,[-20  55 -35],[-45  70 -65],[ -5  45 -50],[ 55 -35   0]
4372,30040,04020,402030,20300,[-20  60 -30],[-40  70 -60],[  0  50 -50],[ 60 -30 -10]
4373,30040,04025,402530,25300,[-20  65 -25],[-35  70 -55],[  5  55 -50],[ 65 -25 -20]
4374,30040,04035,403530,35300,[-20  75 -15],[-25  70 -45],[ 15  65 -50],[ 75 -15 -40]
4375,30040,04045,404530,45300,[-20  85  -5],[-15  70 -35],[ 25  75 -50],[ 85  -5 -60]
4376,30040,04050,405030,50300,[-20  90   0],[-10  70 -30],[ 30  80 -50],[ 90   0 -70]
4377,30045,0455,45530,5300,[-15  50 -55],[-55  75 -85],[-10  35 -60],[ 50 -55  20]
4378,30045,04510,451030,10300,[-15  55 -50],[-50  75 -80],[ -5  40 -60],[ 55 -50  10]
4379,30045,04515,451530,15300,[-15  60 -45],[-45  75 -75],[  0  45 -60],[ 60 -45   0]
4380,30045,04520,452030,20300,[-15  65 -40],[-40  75 -70],[  5  50 -60],[ 65 -40 -10]
4381,30045,04525,452530,25300,[-15  70 -35],[-35  75 -65],[ 10  55 -60],[ 70 -35 -20]
4382,30045,04535,453530,35300,[-15  80 -25],[-25  75 -55],[ 20  65 -60],[ 80 -25 -40]
4383,30045,04540,454030,40300,[-15  85 -20],[-20  75 -50],[ 25  70 -60],[ 85 -20 -50]
4384,30045,04550,455030,50300,[-15  95 -10],[-10  75 -40],[ 35  80 -60],[ 95 -10 -70]
4385,30050,0505,50530,5300,[-10  55 -65],[-55  80 -95],[ -5  35 -70],[ 55 -65  20]
4386,30050,05010,501030,10300,[-10  60 -60],[-50  80 -90],[  0  40 -70],[ 60 -60  10]
4387,30050,05015,501530,15300,[-10  65 -55],[-45  80 -85],[  5  45 -70],[ 65 -55   0]
4388,30050,05020,502030,20300,[-10  70 -50],[-40  80 -80],[ 10  50 -70],[ 70 -50 -10]
4389,30050,05025,502530,25300,[-10  75 -45],[-35  80 -75],[ 15  55 -70],[ 75 -45 -20]
4390,30050,05035,503530,35300,[-10  85 -35],[-25  80 -65],[ 25  65 -70],[ 85 -35 -40]
4391,30050,05040,504030,40300,[-10  90 -30],[-20  80 -60],[ 30  70 -70],[ 90 -30 -50]
4392,30050,05045,504530,45300,[-10  95 -25],[-15  80 -55],[ 35  75 -70],[ 95 -25 -60]
4393,3050,5010,01030,10305,[ -1  10 -60],[  9  30 -85],[  4  40 -65],[ 0 40 15]
4394,3050,5015,01530,15305,[ -1  15 -55],[ 14  30 -80],[  9  45 -65],[ 5 45  5]
4395,3050,5020,02030,20305,[ -1  20 -50],[ 19  30 -75],[ 14  50 -65],[10 50 -5]
4396,3050,5025,02530,25305,[ -1  25 -45],[ 24  30 -70],[ 19  55 -65],[ 15  55 -15]
4397,3050,5035,03530,35305,[ -1  35 -35],[ 34  30 -60],[ 29  65 -65],[ 25  65 -35]
4398,3050,5040,04030,40305,[ -1  40 -30],[ 39  30 -55],[ 34  70 -65],[ 30  70 -45]
4399,3050,5045,04530,45305,[ -1  45 -25],[ 44  30 -50],[ 39  75 -65],[ 35  75 -55]
4400,3050,5050,05030,50305,[ -1  50 -20],[ 49  30 -45],[ 44  80 -65],[ 40  80 -65]
4401,30510,5100,10030,0305,[-45   0  10],[-55  30 -15],[-50  20  15],[ 0 10 35]
4402,30510,51015,101530,15305,[-45  15  25],[-40  30   0],[-35  35  15],[15 25  5]
4403,30510,51020,102030,20305,[-45  20  30],[-35  30   5],[-30  40  15],[20 30 -5]
4404,30510,51025,102530,25305,[-45  25  35],[-30  30  10],[-25  45  15],[ 25  35 -15]
4405,30510,51035,103530,35305,[-45  35  45],[-20  30  20],[-15  55  15],[ 35  45 -35]
4406,30510,51040,104030,40305,[-45  40  50],[-15  30  25],[-10  60  15],[ 40  50 -45]
4407,30510,51045,104530,45305,[-45  45  55],[-10  30  30],[-5 65 15],[ 45  55 -55]
4408,30510,51050,105030,50305,[-45  50  60],[-5 30 35],[ 0 70 15],[ 50  60 -65]
4409,30515,5150,15030,0305,[-54  41  50],[-55  21  25],[-59  70   5],[ -9  78 -65]
4410,30515,51510,151030,10305,[-40  15  10],[-45  35 -15],[-35  30   5],[15 10 15]
4411,30515,51520,152030,20305,[-40  25  20],[-35  35  -5],[-25  40   5],[25 20 -5]
4412,30515,51525,152530,25305,[-40  30  25],[-30  35   0],[-20  45   5],[ 30  25 -15]
4413,30515,51535,153530,35305,[-40  40  35],[-20  35  10],[-10  55   5],[ 40  35 -35]
4414,30515,51540,154030,40305,[-40  45  40],[-15  35  15],[-5 60  5],[ 45  40 -45]
4415,30515,51545,154530,45305,[-40  50  45],[-10  35  20],[ 0 65  5],[ 50  45 -55]
4416,30515,51550,155030,50305,[-40  55  50],[-5 35 25],[ 5 70  5],[ 55  50 -65]
4417,30520,5200,20030,0305,[-35  10 -10],[-55  40 -35],[-40  20  -5],[ 10 -10  35]
4418,30520,52010,201030,10305,[-35  20   0],[-45  40 -25],[-30  30  -5],[20  0 15]
4419,30520,52015,201530,15305,[-35  25   5],[-40  40 -20],[-25  35  -5],[25  5  5]
4420,30520,52025,202530,25305,[-35  35  15],[-30  40 -10],[-15  45  -5],[ 35  15 -15]
4421,30520,52035,203530,35305,[-35  45  25],[-20  40   0],[-5 55 -5],[ 45  25 -35]
4422,30520,52040,204030,40305,[-35  50  30],[-15  40   5],[ 0 60 -5],[ 50  30 -45]
4423,30520,52045,204530,45305,[-35  55  35],[-10  40  10],[ 5 65 -5],[ 55  35 -55]
4424,30520,52050,205030,50305,[-35  60  40],[-5 40 15],[10 70 -5],[ 60  40 -65]
4425,30525,5250,25030,0305,[-53  42  30],[-55  22   5],[-58  70 -15],[ -8  76 -65]
4426,30525,52510,251030,10305,[-30  25 -10],[-45  45 -35],[-25  30 -15],[ 25 -10  15]
4427,30525,52515,251530,15305,[-30  30  -5],[-40  45 -30],[-20  35 -15],[30 -5  5]
4428,30525,52520,252030,20305,[-30  35   0],[-35  45 -25],[-15  40 -15],[35  0 -5]
4429,30525,52535,253530,35305,[-30  50  15],[-20  45 -10],[  0  55 -15],[ 50  15 -35]
4430,30525,52540,254030,40305,[-30  55  20],[-15  45  -5],[  5  60 -15],[ 55  20 -45]
4431,30525,52545,254530,45305,[-30  60  25],[-10  45   0],[ 10  65 -15],[ 60  25 -55]
4432,30525,52550,255030,50305,[-30  65  30],[-5 45  5],[ 15  70 -15],[ 65  30 -65]
4433,30535,5350,35030,0305,[-52  43  10],[-55  23 -15],[-57  70 -35],[ -7  74 -65]
4434,30535,53510,351030,10305,[-20  35 -30],[-45  55 -55],[-15  30 -35],[ 35 -30  15]
4435,30535,53515,351530,15305,[-20  40 -25],[-40  55 -50],[-10  35 -35],[ 40 -25   5]
4436,30535,53520,352030,20305,[-20  45 -20],[-35  55 -45],[ -5  40 -35],[ 45 -20  -5]
4437,30535,53525,352530,25305,[-20  50 -15],[-30  55 -40],[  0  45 -35],[ 50 -15 -15]
4438,30535,53540,354030,40305,[-20  65   0],[-15  55 -25],[ 15  60 -35],[ 65   0 -45]
4439,30535,53545,354530,45305,[-20  70   5],[-10  55 -20],[ 20  65 -35],[ 70   5 -55]
4440,30535,53550,355030,50305,[-20  75  10],[ -5  55 -15],[ 25  70 -35],[ 75  10 -65]
4441,30540,5400,40030,0305,[-15  30 -50],[-55  60 -75],[-20  20 -45],[ 30 -50  35]
4442,30540,54010,401030,10305,[-15  40 -40],[-45  60 -65],[-10  30 -45],[ 40 -40  15]
4443,30540,54015,401530,15305,[-15  45 -35],[-40  60 -60],[ -5  35 -45],[ 45 -35   5]
4444,30540,54020,402030,20305,[-15  50 -30],[-35  60 -55],[  0  40 -45],[ 50 -30  -5]
4445,30540,54025,402530,25305,[-15  55 -25],[-30  60 -50],[  5  45 -45],[ 55 -25 -15]
4446,30540,54035,403530,35305,[-15  65 -15],[-20  60 -40],[ 15  55 -45],[ 65 -15 -35]
4447,30540,54045,404530,45305,[-15  75  -5],[-10  60 -30],[ 25  65 -45],[ 75  -5 -55]
4448,30540,54050,405030,50305,[-15  80   0],[ -5  60 -25],[ 30  70 -45],[ 80   0 -65]
4449,30545,5450,45030,0305,[-51  44 -10],[-55  24 -35],[-56  70 -55],[ -6  72 -65]
4450,30545,54510,451030,10305,[-10  45 -50],[-45  65 -75],[ -5  30 -55],[ 45 -50  15]
4451,30545,54515,451530,15305,[-10  50 -45],[-40  65 -70],[  0  35 -55],[ 50 -45   5]
4452,30545,54520,452030,20305,[-10  55 -40],[-35  65 -65],[  5  40 -55],[ 55 -40  -5]
4453,30545,54525,452530,25305,[-10  60 -35],[-30  65 -60],[ 10  45 -55],[ 60 -35 -15]
4454,30545,54535,453530,35305,[-10  70 -25],[-20  65 -50],[ 20  55 -55],[ 70 -25 -35]
4455,30545,54540,454030,40305,[-10  75 -20],[-15  65 -45],[ 25  60 -55],[ 75 -20 -45]
4456,30545,54550,455030,50305,[-10  85 -10],[ -5  65 -35],[ 35  70 -55],[ 85 -10 -65]
4457,30550,5500,50030,0305,[ -5  40 -70],[-55  70 -95],[-10  20 -65],[ 40 -70  35]
4458,30550,55010,501030,10305,[ -5  50 -60],[-45  70 -85],[  0  30 -65],[ 50 -60  15]
4459,30550,55015,501530,15305,[ -5  55 -55],[-40  70 -80],[  5  35 -65],[ 55 -55   5]
4460,30550,55020,502030,20305,[ -5  60 -50],[-35  70 -75],[ 10  40 -65],[ 60 -50  -5]
4461,30550,55025,502530,25305,[ -5  65 -45],[-30  70 -70],[ 15  45 -65],[ 65 -45 -15]
4462,30550,55035,503530,35305,[ -5  75 -35],[-20  70 -60],[ 25  55 -65],[ 75 -35 -35]
4463,30550,55040,504030,40305,[ -5  80 -30],[-15  70 -55],[ 30  60 -65],[ 80 -30 -45]
4464,30550,55045,504530,45305,[ -5  85 -25],[-10  70 -50],[ 35  65 -65],[ 85 -25 -55]
4465,30100,1005,0530,53010,[-50 -15  35],[-45  10  15],[-55  15  40],[-15  35  30]
4466,30100,10015,01530,153010,[-50  -5  45],[-35  10  25],[-45  25  40],[-5 45 10]
4467,30100,10020,02030,203010,[-50   0  50],[-30  10  30],[-40  30  40],[ 0 50  0]
4468,30100,10025,02530,253010,[-50   5  55],[-25  10  35],[-35  35  40],[  5  55 -10]
4469,30100,10035,03530,353010,[-50  15  65],[-15  10  45],[-25  45  40],[ 15  65 -30]
4470,30100,10040,04030,403010,[-50  20  70],[-10  10  50],[-20  50  40],[ 20  70 -40]
4471,30100,10045,04530,453010,[-50  25  75],[-5 10 55],[-15  55  40],[ 25  75 -50]
4472,30100,10050,05030,503010,[-50  30  80],[ 0 10 60],[-10  60  40],[ 30  80 -60]
4473,30105,1050,5030,03010,[-54 -20  70],[-59  10  50],[-55  10  30],[  3  30 -60]
4474,30105,10515,51530,153010,[-45   0  35],[-35  15  15],[-40  25  30],[ 0 35 10]
4475,30105,10520,52030,203010,[-45   5  40],[-30  15  20],[-35  30  30],[ 5 40  0]
4476,30105,10525,52530,253010,[-45  10  45],[-25  15  25],[-30  35  30],[ 10  45 -10]
4477,30105,10535,53530,353010,[-45  20  55],[-15  15  35],[-20  45  30],[ 20  55 -30]
4478,30105,10540,54030,403010,[-45  25  60],[-10  15  40],[-15  50  30],[ 25  60 -40]
4479,30105,10545,54530,453010,[-45  30  65],[-5 15 45],[-10  55  30],[ 30  65 -50]
4480,30105,10550,55030,503010,[-45  35  70],[ 0 15 50],[-5 60 30],[ 35  70 -60]
4481,301015,10150,15030,03010,[-49  31  50],[-50  11  30],[-59  60  10],[-19  78 -60]
4482,301015,10155,15530,53010,[-35   0   5],[-45  25 -15],[-40  15  10],[ 0  5 30]
4483,301015,101520,152030,203010,[-35  15  20],[-30  25   0],[-25  30  10],[15 20  0]
4484,301015,101525,152530,253010,[-35  20  25],[-25  25   5],[-20  35  10],[ 20  25 -10]
4485,301015,101535,153530,353010,[-35  30  35],[-15  25  15],[-10  45  10],[ 30  35 -30]
4486,301015,101540,154030,403010,[-35  35  40],[-10  25  20],[-5 50 10],[ 35  40 -40]
4487,301015,101545,154530,453010,[-35  40  45],[-5 25 25],[ 0 55 10],[ 40  45 -50]
4488,301015,101550,155030,503010,[-35  45  50],[ 0 25 30],[ 5 60 10],[ 45  50 -60]
4489,301020,10200,20030,03010,[-30   0 -10],[-50  30 -30],[-40  10   0],[  0 -10  40]
4490,301020,10205,20530,53010,[-30   5  -5],[-45  30 -25],[-35  15   0],[ 5 -5 30]
4491,301020,102015,201530,153010,[-30  15   5],[-35  30 -15],[-25  25   0],[15  5 10]
4492,301020,102025,202530,253010,[-30  25  15],[-25  30  -5],[-15  35   0],[ 25  15 -10]
4493,301020,102035,203530,353010,[-30  35  25],[-15  30   5],[-5 45  0],[ 35  25 -30]
4494,301020,102040,204030,403010,[-30  40  30],[-10  30  10],[ 0 50  0],[ 40  30 -40]
4495,301020,102045,204530,453010,[-30  45  35],[-5 30 15],[ 5 55  0],[ 45  35 -50]
4496,301020,102050,205030,503010,[-30  50  40],[ 0 30 20],[10 60  0],[ 50  40 -60]
4497,301025,10250,25030,03010,[-48  32  30],[-50  12  10],[-58  60 -10],[-18  76 -60]
4498,301025,10255,25530,53010,[-25  10 -15],[-45  35 -35],[-30  15 -10],[ 10 -15  30]
4499,301025,102515,251530,153010,[-25  20  -5],[-35  35 -25],[-20  25 -10],[20 -5 10]
4500,301025,102520,252030,203010,[-25  25   0],[-30  35 -20],[-15  30 -10],[25  0  0]
4501,301025,102535,253530,353010,[-25  40  15],[-15  35  -5],[  0  45 -10],[ 40  15 -30]
4502,301025,102540,254030,403010,[-25  45  20],[-10  35   0],[  5  50 -10],[ 45  20 -40]
4503,301025,102545,254530,453010,[-25  50  25],[-5 35  5],[ 10  55 -10],[ 50  25 -50]
4504,301025,102550,255030,503010,[-25  55  30],[ 0 35 10],[ 15  60 -10],[ 55  30 -60]
4505,301035,10350,35030,03010,[-47  33  10],[-50  13 -10],[-57  60 -30],[-17  74 -60]
4506,301035,10355,35530,53010,[-15  20 -35],[-45  45 -55],[-20  15 -30],[ 20 -35  30]
4507,301035,103515,351530,153010,[-15  30 -25],[-35  45 -45],[-10  25 -30],[ 30 -25  10]
4508,301035,103520,352030,203010,[-15  35 -20],[-30  45 -40],[ -5  30 -30],[ 35 -20   0]
4509,301035,103525,352530,253010,[-15  40 -15],[-25  45 -35],[  0  35 -30],[ 40 -15 -10]
4510,301035,103540,354030,403010,[-15  55   0],[-10  45 -20],[ 15  50 -30],[ 55   0 -40]
4511,301035,103545,354530,453010,[-15  60   5],[ -5  45 -15],[ 20  55 -30],[ 60   5 -50]
4512,301035,103550,355030,503010,[-15  65  10],[  0  45 -10],[ 25  60 -30],[ 65  10 -60]
4513,301040,10400,40030,03010,[-10  20 -50],[-50  50 -70],[-20  10 -40],[ 20 -50  40]
4514,301040,10405,40530,53010,[-10  25 -45],[-45  50 -65],[-15  15 -40],[ 25 -45  30]
4515,301040,104015,401530,153010,[-10  35 -35],[-35  50 -55],[ -5  25 -40],[ 35 -35  10]
4516,301040,104020,402030,203010,[-10  40 -30],[-30  50 -50],[  0  30 -40],[ 40 -30   0]
4517,301040,104025,402530,253010,[-10  45 -25],[-25  50 -45],[  5  35 -40],[ 45 -25 -10]
4518,301040,104035,403530,353010,[-10  55 -15],[-15  50 -35],[ 15  45 -40],[ 55 -15 -30]
4519,301040,104045,404530,453010,[-10  65  -5],[ -5  50 -25],[ 25  55 -40],[ 65  -5 -50]
4520,301040,104050,405030,503010,[-10  70   0],[  0  50 -20],[ 30  60 -40],[ 70   0 -60]
4521,301045,10450,45030,03010,[-46  34 -10],[-50  14 -30],[-56  60 -50],[-16  72 -60]
4522,301045,10455,45530,53010,[ -5  30 -55],[-45  55 -75],[-10  15 -50],[ 30 -55  30]
4523,301045,104515,451530,153010,[ -5  40 -45],[-35  55 -65],[  0  25 -50],[ 40 -45  10]
4524,301045,104520,452030,203010,[ -5  45 -40],[-30  55 -60],[  5  30 -50],[ 45 -40   0]
4525,301045,104525,452530,253010,[ -5  50 -35],[-25  55 -55],[ 10  35 -50],[ 50 -35 -10]
4526,301045,104535,453530,353010,[ -5  60 -25],[-15  55 -45],[ 20  45 -50],[ 60 -25 -30]
4527,301045,104540,454030,403010,[ -5  65 -20],[-10  55 -40],[ 25  50 -50],[ 65 -20 -40]
4528,301045,104550,455030,503010,[ -5  75 -10],[  0  55 -30],[ 35  60 -50],[ 75 -10 -60]
4529,301050,10500,50030,03010,[  0  30 -70],[-50  60 -90],[-10  10 -60],[ 30 -70  40]
4530,301050,10505,50530,53010,[  0  35 -65],[-45  60 -85],[ -5  15 -60],[ 35 -65  30]
4531,301050,105015,501530,153010,[  0  45 -55],[-35  60 -75],[  5  25 -60],[ 45 -55  10]
4532,301050,105020,502030,203010,[  0  50 -50],[-30  60 -70],[ 10  30 -60],[ 50 -50   0]
4533,301050,105025,502530,253010,[  0  55 -45],[-25  60 -65],[ 15  35 -60],[ 55 -45 -10]
4534,301050,105035,503530,353010,[  0  65 -35],[-15  60 -55],[ 25  45 -60],[ 65 -35 -30]
4535,301050,105040,504030,403010,[  0  70 -30],[-10  60 -50],[ 30  50 -60],[ 70 -30 -40]
4536,301050,105045,504530,453010,[  0  75 -25],[ -5  60 -45],[ 35  55 -60],[ 75 -25 -50]
4537,30150,1505,0530,53015,[-59  53 -65],[-54  78 -80],[-55  33 -55],[  3 -65  35]
4538,30150,15010,01030,103015,[-59  58 -60],[-49  78 -75],[-50  38 -55],[  8 -60  25]
4539,30150,15020,02030,203015,[-59  68 -50],[-39  78 -65],[-40  48 -55],[ 18 -50   5]
4540,30150,15025,02530,253015,[-59  73 -45],[-34  78 -60],[-35  53 -55],[ 23 -45  -5]
4541,30150,15035,03530,353015,[-59  83 -35],[-24  78 -50],[-25  63 -55],[ 33 -35 -25]
4542,30150,15040,04030,403015,[-59  88 -30],[-19  78 -45],[-20  68 -55],[ 38 -30 -35]
4543,30150,15045,04530,453015,[-59  93 -25],[-14  78 -40],[-15  73 -55],[ 43 -25 -45]
4544,30150,15050,05030,503015,[-59  98 -20],[ -9  78 -35],[-10  78 -55],[ 48 -20 -55]
4545,30155,1550,5030,03015,[-54 -25  70],[-59   5  55],[-55   0  35],[  3  20 -55]
4546,30155,15510,51030,103015,[-40 -15  30],[-35   5  15],[-45  10  35],[-15  30  25]
4547,30155,15520,52030,203015,[-40  -5  40],[-25   5  25],[-35  20  35],[-5 40  5]
4548,30155,15525,52530,253015,[-40   0  45],[-20   5  30],[-30  25  35],[ 0 45 -5]
4549,30155,15535,53530,353015,[-40  10  55],[-10   5  40],[-20  35  35],[ 10  55 -25]
4550,30155,15540,54030,403015,[-40  15  60],[-5  5 45],[-15  40  35],[ 15  60 -35]
4551,30155,15545,54530,453015,[-40  20  65],[ 0  5 50],[-10  45  35],[ 20  65 -45]
4552,30155,15550,55030,503015,[-40  25  70],[ 5  5 55],[-5 50 35],[ 25  70 -55]
4553,301510,15100,10030,03015,[-35 -20  10],[-45  10  -5],[-50   0  25],[-20  10  45]
4554,301510,15105,10530,53015,[-35 -15  15],[-40  10   0],[-45   5  25],[-15  15  35]
4555,301510,151020,102030,203015,[-35   0  30],[-25  10  15],[-30  20  25],[ 0 30  5]
4556,301510,151025,102530,253015,[-35   5  35],[-20  10  20],[-25  25  25],[ 5 35 -5]
4557,301510,151035,103530,353015,[-35  15  45],[-10  10  30],[-15  35  25],[ 15  45 -25]
4558,301510,151040,104030,403015,[-35  20  50],[-5 10 35],[-10  40  25],[ 20  50 -35]
4559,301510,151045,104530,453015,[-35  25  55],[ 0 10 40],[-5 45 25],[ 25  55 -45]
4560,301510,151050,105030,503015,[-35  30  60],[ 5 10 45],[ 0 50 25],[ 30  60 -55]
4561,301520,15200,20030,03015,[-25 -10 -10],[-45  20 -25],[-40   0   5],[-10 -10  45]
4562,301520,15205,20530,53015,[-25  -5  -5],[-40  20 -20],[-35   5   5],[-5 -5 35]
4563,301520,152010,201030,103015,[-25   0   0],[-35  20 -15],[-30  10   5],[ 0  0 25]
4564,301520,152025,202530,253015,[-25  15  15],[-20  20   0],[-15  25   5],[15 15 -5]
4565,301520,152035,203530,353015,[-25  25  25],[-10  20  10],[-5 35  5],[ 25  25 -25]
4566,301520,152040,204030,403015,[-25  30  30],[-5 20 15],[ 0 40  5],[ 30  30 -35]
4567,301520,152045,204530,453015,[-25  35  35],[ 0 20 20],[ 5 45  5],[ 35  35 -45]
4568,301520,152050,205030,503015,[-25  40  40],[ 5 20 25],[10 50  5],[ 40  40 -55]
4569,301525,15250,25030,03015,[-43  22  30],[-45   2  15],[-58  50  -5],[-28  76 -55]
4570,301525,15255,25530,53015,[-20   0 -15],[-40  25 -30],[-30   5  -5],[  0 -15  35]
4571,301525,152510,251030,103015,[-20   5 -10],[-35  25 -25],[-25  10  -5],[  5 -10  25]
4572,301525,152520,252030,203015,[-20  15   0],[-25  25 -15],[-15  20  -5],[15  0  5]
4573,301525,152535,253530,353015,[-20  30  15],[-10  25   0],[ 0 35 -5],[ 30  15 -25]
4574,301525,152540,254030,403015,[-20  35  20],[-5 25  5],[ 5 40 -5],[ 35  20 -35]
4575,301525,152545,254530,453015,[-20  40  25],[ 0 25 10],[10 45 -5],[ 40  25 -45]
4576,301525,152550,255030,503015,[-20  45  30],[ 5 25 15],[15 50 -5],[ 45  30 -55]
4577,301535,15350,35030,03015,[-42  23  10],[-45   3  -5],[-57  50 -25],[-27  74 -55]
4578,301535,15355,35530,53015,[-10  10 -35],[-40  35 -50],[-20   5 -25],[ 10 -35  35]
4579,301535,153510,351030,103015,[-10  15 -30],[-35  35 -45],[-15  10 -25],[ 15 -30  25]
4580,301535,153520,352030,203015,[-10  25 -20],[-25  35 -35],[ -5  20 -25],[ 25 -20   5]
4581,301535,153525,352530,253015,[-10  30 -15],[-20  35 -30],[  0  25 -25],[ 30 -15  -5]
4582,301535,153540,354030,403015,[-10  45   0],[ -5  35 -15],[ 15  40 -25],[ 45   0 -35]
4583,301535,153545,354530,453015,[-10  50   5],[  0  35 -10],[ 20  45 -25],[ 50   5 -45]
4584,301535,153550,355030,503015,[-10  55  10],[ 5 35 -5],[ 25  50 -25],[ 55  10 -55]
4585,301540,15400,40030,03015,[ -5  10 -50],[-45  40 -65],[-20   0 -35],[ 10 -50  45]
4586,301540,15405,40530,53015,[ -5  15 -45],[-40  40 -60],[-15   5 -35],[ 15 -45  35]
4587,301540,154010,401030,103015,[ -5  20 -40],[-35  40 -55],[-10  10 -35],[ 20 -40  25]
4588,301540,154020,402030,203015,[ -5  30 -30],[-25  40 -45],[  0  20 -35],[ 30 -30   5]
4589,301540,154025,402530,253015,[ -5  35 -25],[-20  40 -40],[  5  25 -35],[ 35 -25  -5]
4590,301540,154035,403530,353015,[ -5  45 -15],[-10  40 -30],[ 15  35 -35],[ 45 -15 -25]
4591,301540,154045,404530,453015,[-5 55 -5],[  0  40 -20],[ 25  45 -35],[ 55  -5 -45]
4592,301540,154050,405030,503015,[-5 60  0],[  5  40 -15],[ 30  50 -35],[ 60   0 -55]
4593,301545,15450,45030,03015,[-41  24 -10],[-45   4 -25],[-56  50 -45],[-26  72 -55]
4594,301545,15455,45530,53015,[  0  20 -55],[-40  45 -70],[-10   5 -45],[ 20 -55  35]
4595,301545,154510,451030,103015,[  0  25 -50],[-35  45 -65],[ -5  10 -45],[ 25 -50  25]
4596,301545,154520,452030,203015,[  0  35 -40],[-25  45 -55],[  5  20 -45],[ 35 -40   5]
4597,301545,154525,452530,253015,[  0  40 -35],[-20  45 -50],[ 10  25 -45],[ 40 -35  -5]
4598,301545,154535,453530,353015,[  0  50 -25],[-10  45 -40],[ 20  35 -45],[ 50 -25 -25]
4599,301545,154540,454030,403015,[  0  55 -20],[ -5  45 -35],[ 25  40 -45],[ 55 -20 -35]
4600,301545,154550,455030,503015,[  0  65 -10],[  5  45 -25],[ 35  50 -45],[ 65 -10 -55]
4601,301550,15500,50030,03015,[  5  20 -70],[-45  50 -85],[-10   0 -55],[ 20 -70  45]
4602,301550,15505,50530,53015,[  5  25 -65],[-40  50 -80],[ -5   5 -55],[ 25 -65  35]
4603,301550,155010,501030,103015,[  5  30 -60],[-35  50 -75],[  0  10 -55],[ 30 -60  25]
4604,301550,155020,502030,203015,[  5  40 -50],[-25  50 -65],[ 10  20 -55],[ 40 -50   5]
4605,301550,155025,502530,253015,[  5  45 -45],[-20  50 -60],[ 15  25 -55],[ 45 -45  -5]
4606,301550,155035,503530,353015,[  5  55 -35],[-10  50 -50],[ 25  35 -55],[ 55 -35 -25]
4607,301550,155040,504030,403015,[  5  60 -30],[ -5  50 -45],[ 30  40 -55],[ 60 -30 -35]
4608,301550,155045,504530,453015,[  5  65 -25],[  0  50 -40],[ 35  45 -55],[ 65 -25 -45]
4609,30200,2005,0530,53020,[-40 -35  35],[-35 -10  25],[-55  -5  50],[-35  35  40]
4610,30200,20010,01030,103020,[-40 -30  40],[-30 -10  30],[-50   0  50],[-30  40  30]
4611,30200,20015,01530,153020,[-40 -25  45],[-25 -10  35],[-45   5  50],[-25  45  20]
4612,30200,20025,02530,253020,[-40 -15  55],[-15 -10  45],[-35  15  50],[-15  55   0]
4613,30200,20035,03530,353020,[-40  -5  65],[ -5 -10  55],[-25  25  50],[ -5  65 -20]
4614,30200,20040,04030,403020,[-40   0  70],[  0 -10  60],[-20  30  50],[  0  70 -30]
4615,30200,20045,04530,453020,[-40   5  75],[  5 -10  65],[-15  35  50],[  5  75 -40]
4616,30200,20050,05030,503020,[-40  10  80],[ 10 -10  70],[-10  40  50],[ 10  80 -50]
4617,30205,2050,5030,03020,[-53 -40  70],[-58 -10  60],[-55 -10  40],[  1  30 -50]
4618,30205,20510,51030,103020,[-35 -25  30],[-30  -5  20],[-45   0  40],[-25  30  30]
4619,30205,20515,51530,153020,[-35 -20  35],[-25  -5  25],[-40   5  40],[-20  35  20]
4620,30205,20525,52530,253020,[-35 -10  45],[-15  -5  35],[-30  15  40],[-10  45   0]
4621,30205,20535,53530,353020,[-35   0  55],[-5 -5 45],[-20  25  40],[  0  55 -20]
4622,30205,20540,54030,403020,[-35   5  60],[ 0 -5 50],[-15  30  40],[  5  60 -30]
4623,30205,20545,54530,453020,[-35  10  65],[ 5 -5 55],[-10  35  40],[ 10  65 -40]
4624,30205,20550,55030,503020,[-35  15  70],[10 -5 60],[-5 40 40],[ 15  70 -50]
4625,302010,20100,10030,03020,[-30 -30  10],[-40   0   0],[-50 -10  30],[-30  10  50]
4626,302010,20105,10530,53020,[-30 -25  15],[-35   0   5],[-45  -5  30],[-25  15  40]
4627,302010,201015,101530,153020,[-30 -15  25],[-25   0  15],[-35   5  30],[-15  25  20]
4628,302010,201025,102530,253020,[-30  -5  35],[-15   0  25],[-25  15  30],[-5 35  0]
4629,302010,201035,103530,353020,[-30   5  45],[-5  0 35],[-15  25  30],[  5  45 -20]
4630,302010,201040,104030,403020,[-30  10  50],[ 0  0 40],[-10  30  30],[ 10  50 -30]
4631,302010,201045,104530,453020,[-30  15  55],[ 5  0 45],[-5 35 30],[ 15  55 -40]
4632,302010,201050,105030,503020,[-30  20  60],[10  0 50],[ 0 40 30],[ 20  60 -50]
4633,302015,20150,15030,03020,[-39  11  50],[-40  -9  40],[-59  40  20],[-39  78 -50]
4634,302015,20155,15530,53020,[-25 -20   5],[-35   5  -5],[-40  -5  20],[-20   5  40]
4635,302015,201510,151030,103020,[-25 -15  10],[-30   5   0],[-35   0  20],[-15  10  30]
4636,302015,201525,152530,253020,[-25   0  25],[-15   5  15],[-20  15  20],[ 0 25  0]
4637,302015,201535,153530,353020,[-25  10  35],[-5  5 25],[-10  25  20],[ 10  35 -20]
4638,302015,201540,154030,403020,[-25  15  40],[ 0  5 30],[-5 30 20],[ 15  40 -30]
4639,302015,201545,154530,453020,[-25  20  45],[ 5  5 35],[ 0 35 20],[ 20  45 -40]
4640,302015,201550,155030,503020,[-25  25  50],[10  5 40],[ 5 40 20],[ 25  50 -50]
4641,302025,20250,25030,03020,[-38  12  30],[-40  -8  20],[-58  40   0],[-38  76 -50]
4642,302025,20255,25530,53020,[-15 -10 -15],[-35  15 -25],[-30  -5   0],[-10 -15  40]
4643,302025,202510,251030,103020,[-15  -5 -10],[-30  15 -20],[-25   0   0],[ -5 -10  30]
4644,302025,202515,251530,153020,[-15   0  -5],[-25  15 -15],[-20   5   0],[ 0 -5 20]
4645,302025,202535,253530,353020,[-15  20  15],[-5 15  5],[ 0 25  0],[ 20  15 -20]
4646,302025,202540,254030,403020,[-15  25  20],[ 0 15 10],[ 5 30  0],[ 25  20 -30]
4647,302025,202545,254530,453020,[-15  30  25],[ 5 15 15],[10 35  0],[ 30  25 -40]
4648,302025,202550,255030,503020,[-15  35  30],[10 15 20],[15 40  0],[ 35  30 -50]
4649,302035,20350,35030,03020,[-37  13  10],[-40  -7   0],[-57  40 -20],[-37  74 -50]
4650,302035,20355,35530,53020,[ -5   0 -35],[-35  25 -45],[-20  -5 -20],[  0 -35  40]
4651,302035,203510,351030,103020,[ -5   5 -30],[-30  25 -40],[-15   0 -20],[  5 -30  30]
4652,302035,203515,351530,153020,[ -5  10 -25],[-25  25 -35],[-10   5 -20],[ 10 -25  20]
4653,302035,203525,352530,253020,[ -5  20 -15],[-15  25 -25],[  0  15 -20],[ 20 -15   0]
4654,302035,203540,354030,403020,[-5 35  0],[  0  25 -10],[ 15  30 -20],[ 35   0 -30]
4655,302035,203545,354530,453020,[-5 40  5],[ 5 25 -5],[ 20  35 -20],[ 40   5 -40]
4656,302035,203550,355030,503020,[-5 45 10],[10 25  0],[ 25  40 -20],[ 45  10 -50]
4657,302040,20400,40030,03020,[  0   0 -50],[-40  30 -60],[-20 -10 -30],[  0 -50  50]
4658,302040,20405,40530,53020,[  0   5 -45],[-35  30 -55],[-15  -5 -30],[  5 -45  40]
4659,302040,204010,401030,103020,[  0  10 -40],[-30  30 -50],[-10   0 -30],[ 10 -40  30]
4660,302040,204015,401530,153020,[  0  15 -35],[-25  30 -45],[ -5   5 -30],[ 15 -35  20]
4661,302040,204025,402530,253020,[  0  25 -25],[-15  30 -35],[  5  15 -30],[ 25 -25   0]
4662,302040,204035,403530,353020,[  0  35 -15],[ -5  30 -25],[ 15  25 -30],[ 35 -15 -20]
4663,302040,204045,404530,453020,[ 0 45 -5],[  5  30 -15],[ 25  35 -30],[ 45  -5 -40]
4664,302040,204050,405030,503020,[ 0 50  0],[ 10  30 -10],[ 30  40 -30],[ 50   0 -50]
4665,302045,20450,45030,03020,[-36  14 -10],[-40  -6 -20],[-56  40 -40],[-36  72 -50]
4666,302045,20455,45530,53020,[  5  10 -55],[-35  35 -65],[-10  -5 -40],[ 10 -55  40]
4667,302045,204510,451030,103020,[  5  15 -50],[-30  35 -60],[ -5   0 -40],[ 15 -50  30]
4668,302045,204515,451530,153020,[  5  20 -45],[-25  35 -55],[  0   5 -40],[ 20 -45  20]
4669,302045,204525,452530,253020,[  5  30 -35],[-15  35 -45],[ 10  15 -40],[ 30 -35   0]
4670,302045,204535,453530,353020,[  5  40 -25],[ -5  35 -35],[ 20  25 -40],[ 40 -25 -20]
4671,302045,204540,454030,403020,[  5  45 -20],[  0  35 -30],[ 25  30 -40],[ 45 -20 -30]
4672,302045,204550,455030,503020,[  5  55 -10],[ 10  35 -20],[ 35  40 -40],[ 55 -10 -50]
4673,302050,20500,50030,03020,[ 10  10 -70],[-40  40 -80],[-10 -10 -50],[ 10 -70  50]
4674,302050,20505,50530,53020,[ 10  15 -65],[-35  40 -75],[ -5  -5 -50],[ 15 -65  40]
4675,302050,205010,501030,103020,[ 10  20 -60],[-30  40 -70],[  0   0 -50],[ 20 -60  30]
4676,302050,205015,501530,153020,[ 10  25 -55],[-25  40 -65],[  5   5 -50],[ 25 -55  20]
4677,302050,205025,502530,253020,[ 10  35 -45],[-15  40 -55],[ 15  15 -50],[ 35 -45   0]
4678,302050,205035,503530,353020,[ 10  45 -35],[ -5  40 -45],[ 25  25 -50],[ 45 -35 -20]
4679,302050,205040,504030,403020,[ 10  50 -30],[  0  40 -40],[ 30  30 -50],[ 50 -30 -30]
4680,302050,205045,504530,453020,[ 10  55 -25],[  5  40 -35],[ 35  35 -50],[ 55 -25 -40]
4681,30250,2505,0530,53025,[-58  51 -65],[-53  76 -70],[-55  31 -45],[  1 -65  45]
4682,30250,25010,01030,103025,[-58  56 -60],[-48  76 -65],[-50  36 -45],[  6 -60  35]
4683,30250,25015,01530,153025,[-58  61 -55],[-43  76 -60],[-45  41 -45],[ 11 -55  25]
4684,30250,25020,02030,203025,[-58  66 -50],[-38  76 -55],[-40  46 -45],[ 16 -50  15]
4685,30250,25035,03530,353025,[-58  81 -35],[-23  76 -40],[-25  61 -45],[ 31 -35 -15]
4686,30250,25040,04030,403025,[-58  86 -30],[-18  76 -35],[-20  66 -45],[ 36 -30 -25]
4687,30250,25045,04530,453025,[-58  91 -25],[-13  76 -30],[-15  71 -45],[ 41 -25 -35]
4688,30250,25050,05030,503025,[-58  96 -20],[ -8  76 -25],[-10  76 -45],[ 46 -20 -45]
4689,30255,2550,5030,03025,[-53 -45  70],[-58 -15  65],[-55 -20  45],[  1  20 -45]
4690,30255,25510,51030,103025,[-30 -35  30],[-25 -15  25],[-45 -10  45],[-35  30  35]
4691,30255,25515,51530,153025,[-30 -30  35],[-20 -15  30],[-40  -5  45],[-30  35  25]
4692,30255,25520,52030,203025,[-30 -25  40],[-15 -15  35],[-35   0  45],[-25  40  15]
4693,30255,25535,53530,353025,[-30 -10  55],[  0 -15  50],[-20  15  45],[-10  55 -15]
4694,30255,25540,54030,403025,[-30  -5  60],[  5 -15  55],[-15  20  45],[ -5  60 -25]
4695,30255,25545,54530,453025,[-30   0  65],[ 10 -15  60],[-10  25  45],[  0  65 -35]
4696,30255,25550,55030,503025,[-30   5  70],[ 15 -15  65],[-5 30 45],[  5  70 -45]
4697,302510,25100,10030,03025,[-25 -40  10],[-35 -10   5],[-50 -20  35],[-40  10  55]
4698,302510,25105,10530,53025,[-25 -35  15],[-30 -10  10],[-45 -15  35],[-35  15  45]
4699,302510,251015,101530,153025,[-25 -25  25],[-20 -10  20],[-35  -5  35],[-25  25  25]
4700,302510,251020,102030,203025,[-25 -20  30],[-15 -10  25],[-30   0  35],[-20  30  15]
4701,302510,251035,103530,353025,[-25  -5  45],[  0 -10  40],[-15  15  35],[ -5  45 -15]
4702,302510,251040,104030,403025,[-25   0  50],[  5 -10  45],[-10  20  35],[  0  50 -25]
4703,302510,251045,104530,453025,[-25   5  55],[ 10 -10  50],[-5 25 35],[  5  55 -35]
4704,302510,251050,105030,503025,[-25  10  60],[ 15 -10  55],[ 0 30 35],[ 10  60 -45]
4705,302515,25150,15030,03025,[-34   1  50],[-35 -19  45],[-59  30  25],[-49  78 -45]
4706,302515,25155,15530,53025,[-20 -30   5],[-30  -5   0],[-40 -15  25],[-30   5  45]
4707,302515,251510,151030,103025,[-20 -25  10],[-25  -5   5],[-35 -10  25],[-25  10  35]
4708,302515,251520,152030,203025,[-20 -15  20],[-15  -5  15],[-25   0  25],[-15  20  15]
4709,302515,251535,153530,353025,[-20   0  35],[ 0 -5 30],[-10  15  25],[  0  35 -15]
4710,302515,251540,154030,403025,[-20   5  40],[ 5 -5 35],[-5 20 25],[  5  40 -25]
4711,302515,251545,154530,453025,[-20  10  45],[10 -5 40],[ 0 25 25],[ 10  45 -35]
4712,302515,251550,155030,503025,[-20  15  50],[15 -5 45],[ 5 30 25],[ 15  50 -45]
4713,302520,25200,20030,03025,[-15 -30 -10],[-35   0 -15],[-40 -20  15],[-30 -10  55]
4714,302520,25205,20530,53025,[-15 -25  -5],[-30   0 -10],[-35 -15  15],[-25  -5  45]
4715,302520,252010,201030,103025,[-15 -20   0],[-25   0  -5],[-30 -10  15],[-20   0  35]
4716,302520,252015,201530,153025,[-15 -15   5],[-20   0   0],[-25  -5  15],[-15   5  25]
4717,302520,252035,203530,353025,[-15   5  25],[ 0  0 20],[-5 15 15],[  5  25 -15]
4718,302520,252040,204030,403025,[-15  10  30],[ 5  0 25],[ 0 20 15],[ 10  30 -25]
4719,302520,252045,204530,453025,[-15  15  35],[10  0 30],[ 5 25 15],[ 15  35 -35]
4720,302520,252050,205030,503025,[-15  20  40],[15  0 35],[10 30 15],[ 20  40 -45]
4721,302535,25350,35030,03025,[-32   3  10],[-35 -17   5],[-57  30 -15],[-47  74 -45]
4722,302535,25355,35530,53025,[  0 -10 -35],[-30  15 -40],[-20 -15 -15],[-10 -35  45]
4723,302535,253510,351030,103025,[  0  -5 -30],[-25  15 -35],[-15 -10 -15],[ -5 -30  35]
4724,302535,253515,351530,153025,[  0   0 -25],[-20  15 -30],[-10  -5 -15],[  0 -25  25]
4725,302535,253520,352030,203025,[  0   5 -20],[-15  15 -25],[ -5   0 -15],[  5 -20  15]
4726,302535,253540,354030,403025,[ 0 25  0],[ 5 15 -5],[ 15  20 -15],[ 25   0 -25]
4727,302535,253545,354530,453025,[ 0 30  5],[10 15  0],[ 20  25 -15],[ 30   5 -35]
4728,302535,253550,355030,503025,[ 0 35 10],[15 15  5],[ 25  30 -15],[ 35  10 -45]
4729,302540,25400,40030,03025,[  5 -10 -50],[-35  20 -55],[-20 -20 -25],[-10 -50  55]
4730,302540,25405,40530,53025,[  5  -5 -45],[-30  20 -50],[-15 -15 -25],[ -5 -45  45]
4731,302540,254010,401030,103025,[  5   0 -40],[-25  20 -45],[-10 -10 -25],[  0 -40  35]
4732,302540,254015,401530,153025,[  5   5 -35],[-20  20 -40],[ -5  -5 -25],[  5 -35  25]
4733,302540,254020,402030,203025,[  5  10 -30],[-15  20 -35],[  0   0 -25],[ 10 -30  15]
4734,302540,254035,403530,353025,[  5  25 -15],[  0  20 -20],[ 15  15 -25],[ 25 -15 -15]
4735,302540,254045,404530,453025,[ 5 35 -5],[ 10  20 -10],[ 25  25 -25],[ 35  -5 -35]
4736,302540,254050,405030,503025,[ 5 40  0],[15 20 -5],[ 30  30 -25],[ 40   0 -45]
4737,302545,25450,45030,03025,[-31   4 -10],[-35 -16 -15],[-56  30 -35],[-46  72 -45]
4738,302545,25455,45530,53025,[ 10   0 -55],[-30  25 -60],[-10 -15 -35],[  0 -55  45]
4739,302545,254510,451030,103025,[ 10   5 -50],[-25  25 -55],[ -5 -10 -35],[  5 -50  35]
4740,302545,254515,451530,153025,[ 10  10 -45],[-20  25 -50],[  0  -5 -35],[ 10 -45  25]
4741,302545,254520,452030,203025,[ 10  15 -40],[-15  25 -45],[  5   0 -35],[ 15 -40  15]
4742,302545,254535,453530,353025,[ 10  30 -25],[  0  25 -30],[ 20  15 -35],[ 30 -25 -15]
4743,302545,254540,454030,403025,[ 10  35 -20],[  5  25 -25],[ 25  20 -35],[ 35 -20 -25]
4744,302545,254550,455030,503025,[ 10  45 -10],[ 15  25 -15],[ 35  30 -35],[ 45 -10 -45]
4745,302550,25500,50030,03025,[ 15   0 -70],[-35  30 -75],[-10 -20 -45],[  0 -70  55]
4746,302550,25505,50530,53025,[ 15   5 -65],[-30  30 -70],[ -5 -15 -45],[  5 -65  45]
4747,302550,255010,501030,103025,[ 15  10 -60],[-25  30 -65],[  0 -10 -45],[ 10 -60  35]
4748,302550,255015,501530,153025,[ 15  15 -55],[-20  30 -60],[  5  -5 -45],[ 15 -55  25]
4749,302550,255020,502030,203025,[ 15  20 -50],[-15  30 -55],[ 10   0 -45],[ 20 -50  15]
4750,302550,255035,503530,353025,[ 15  35 -35],[  0  30 -40],[ 25  15 -45],[ 35 -35 -15]
4751,302550,255040,504030,403025,[ 15  40 -30],[  5  30 -35],[ 30  20 -45],[ 40 -30 -25]
4752,302550,255045,504530,453025,[ 15  45 -25],[ 10  30 -30],[ 35  25 -45],[ 45 -25 -35]
4753,30350,3505,0530,53035,[-57  49 -65],[-52  74 -60],[-55  29 -35],[ -1 -65  55]
4754,30350,35010,01030,103035,[-57  54 -60],[-47  74 -55],[-50  34 -35],[  4 -60  45]
4755,30350,35015,01530,153035,[-57  59 -55],[-42  74 -50],[-45  39 -35],[  9 -55  35]
4756,30350,35020,02030,203035,[-57  64 -50],[-37  74 -45],[-40  44 -35],[ 14 -50  25]
4757,30350,35025,02530,253035,[-57  69 -45],[-32  74 -40],[-35  49 -35],[ 19 -45  15]
4758,30350,35040,04030,403035,[-57  84 -30],[-17  74 -25],[-20  64 -35],[ 34 -30 -15]
4759,30350,35045,04530,453035,[-57  89 -25],[-12  74 -20],[-15  69 -35],[ 39 -25 -25]
4760,30350,35050,05030,503035,[-57  94 -20],[ -7  74 -15],[-10  74 -35],[ 44 -20 -35]
4761,30355,3550,5030,03035,[-52 -65  70],[-57 -35  75],[-55 -40  55],[ -1  20 -35]
4762,30355,35510,51030,103035,[-20 -55  30],[-15 -35  35],[-45 -30  55],[-55  30  45]
4763,30355,35515,51530,153035,[-20 -50  35],[-10 -35  40],[-40 -25  55],[-50  35  35]
4764,30355,35520,52030,203035,[-20 -45  40],[ -5 -35  45],[-35 -20  55],[-45  40  25]
4765,30355,35525,52530,253035,[-20 -40  45],[  0 -35  50],[-30 -15  55],[-40  45  15]
4766,30355,35540,54030,403035,[-20 -25  60],[ 15 -35  65],[-15   0  55],[-25  60 -15]
4767,30355,35545,54530,453035,[-20 -20  65],[ 20 -35  70],[-10   5  55],[-20  65 -25]
4768,30355,35550,55030,503035,[-20 -15  70],[ 25 -35  75],[-5 10 55],[-15  70 -35]
4769,303510,35100,10030,03035,[-15 -60  10],[-25 -30  15],[-50 -40  45],[-60  10  65]
4770,303510,35105,10530,53035,[-15 -55  15],[-20 -30  20],[-45 -35  45],[-55  15  55]
4771,303510,351015,101530,153035,[-15 -45  25],[-10 -30  30],[-35 -25  45],[-45  25  35]
4772,303510,351020,102030,203035,[-15 -40  30],[ -5 -30  35],[-30 -20  45],[-40  30  25]
4773,303510,351025,102530,253035,[-15 -35  35],[  0 -30  40],[-25 -15  45],[-35  35  15]
4774,303510,351040,104030,403035,[-15 -20  50],[ 15 -30  55],[-10   0  45],[-20  50 -15]
4775,303510,351045,104530,453035,[-15 -15  55],[ 20 -30  60],[-5  5 45],[-15  55 -25]
4776,303510,351050,105030,503035,[-15 -10  60],[ 25 -30  65],[ 0 10 45],[-10  60 -35]
4777,303515,35150,15030,03035,[-24 -19  50],[-25 -39  55],[-59  10  35],[-69  78 -35]
4778,303515,35155,15530,53035,[-10 -50   5],[-20 -25  10],[-40 -35  35],[-50   5  55]
4779,303515,351510,151030,103035,[-10 -45  10],[-15 -25  15],[-35 -30  35],[-45  10  45]
4780,303515,351520,152030,203035,[-10 -35  20],[ -5 -25  25],[-25 -20  35],[-35  20  25]
4781,303515,351525,152530,253035,[-10 -30  25],[  0 -25  30],[-20 -15  35],[-30  25  15]
4782,303515,351540,154030,403035,[-10 -15  40],[ 15 -25  45],[-5  0 35],[-15  40 -15]
4783,303515,351545,154530,453035,[-10 -10  45],[ 20 -25  50],[ 0  5 35],[-10  45 -25]
4784,303515,351550,155030,503035,[-10  -5  50],[ 25 -25  55],[ 5 10 35],[ -5  50 -35]
4785,303520,35200,20030,03035,[ -5 -50 -10],[-25 -20  -5],[-40 -40  25],[-50 -10  65]
4786,303520,35205,20530,53035,[ -5 -45  -5],[-20 -20   0],[-35 -35  25],[-45  -5  55]
4787,303520,352010,201030,103035,[ -5 -40   0],[-15 -20   5],[-30 -30  25],[-40   0  45]
4788,303520,352015,201530,153035,[ -5 -35   5],[-10 -20  10],[-25 -25  25],[-35   5  35]
4789,303520,352025,202530,253035,[ -5 -25  15],[  0 -20  20],[-15 -15  25],[-25  15  15]
4790,303520,352040,204030,403035,[ -5 -10  30],[ 15 -20  35],[ 0  0 25],[-10  30 -15]
4791,303520,352045,204530,453035,[-5 -5 35],[ 20 -20  40],[ 5  5 25],[ -5  35 -25]
4792,303520,352050,205030,503035,[-5  0 40],[ 25 -20  45],[10 10 25],[  0  40 -35]
4793,303525,35250,25030,03035,[-23 -18  30],[-25 -38  35],[-58  10  15],[-68  76 -35]
4794,303525,35255,25530,53035,[  0 -40 -15],[-20 -15 -10],[-30 -35  15],[-40 -15  55]
4795,303525,352510,251030,103035,[  0 -35 -10],[-15 -15  -5],[-25 -30  15],[-35 -10  45]
4796,303525,352515,251530,153035,[  0 -30  -5],[-10 -15   0],[-20 -25  15],[-30  -5  35]
4797,303525,352520,252030,203035,[  0 -25   0],[ -5 -15   5],[-15 -20  15],[-25   0  25]
4798,303525,352540,254030,403035,[ 0 -5 20],[ 15 -15  25],[ 5  0 15],[ -5  20 -15]
4799,303525,352545,254530,453035,[ 0  0 25],[ 20 -15  30],[10  5 15],[  0  25 -25]
4800,303525,352550,255030,503035,[ 0  5 30],[ 25 -15  35],[15 10 15],[  5  30 -35]
4801,303540,35400,40030,03035,[ 15 -30 -50],[-25   0 -45],[-20 -40 -15],[-30 -50  65]
4802,303540,35405,40530,53035,[ 15 -25 -45],[-20   0 -40],[-15 -35 -15],[-25 -45  55]
4803,303540,354010,401030,103035,[ 15 -20 -40],[-15   0 -35],[-10 -30 -15],[-20 -40  45]
4804,303540,354015,401530,153035,[ 15 -15 -35],[-10   0 -30],[ -5 -25 -15],[-15 -35  35]
4805,303540,354020,402030,203035,[ 15 -10 -30],[ -5   0 -25],[  0 -20 -15],[-10 -30  25]
4806,303540,354025,402530,253035,[ 15  -5 -25],[  0   0 -20],[  5 -15 -15],[ -5 -25  15]
4807,303540,354045,404530,453035,[15 15 -5],[20  0  0],[ 25   5 -15],[ 15  -5 -25]
4808,303540,354050,405030,503035,[15 20  0],[25  0  5],[ 30  10 -15],[ 20   0 -35]
4809,303545,35450,45030,03035,[-21 -16 -10],[-25 -36  -5],[-56  10 -25],[-66  72 -35]
4810,303545,35455,45530,53035,[ 20 -20 -55],[-20   5 -50],[-10 -35 -25],[-20 -55  55]
4811,303545,354510,451030,103035,[ 20 -15 -50],[-15   5 -45],[ -5 -30 -25],[-15 -50  45]
4812,303545,354515,451530,153035,[ 20 -10 -45],[-10   5 -40],[  0 -25 -25],[-10 -45  35]
4813,303545,354520,452030,203035,[ 20  -5 -40],[ -5   5 -35],[  5 -20 -25],[ -5 -40  25]
4814,303545,354525,452530,253035,[ 20   0 -35],[  0   5 -30],[ 10 -15 -25],[  0 -35  15]
4815,303545,354540,454030,403035,[ 20  15 -20],[ 15   5 -15],[ 25   0 -25],[ 15 -20 -15]
4816,303545,354550,455030,503035,[ 20  25 -10],[25  5 -5],[ 35  10 -25],[ 25 -10 -35]
4817,303550,35500,50030,03035,[ 25 -20 -70],[-25  10 -65],[-10 -40 -35],[-20 -70  65]
4818,303550,35505,50530,53035,[ 25 -15 -65],[-20  10 -60],[ -5 -35 -35],[-15 -65  55]
4819,303550,355010,501030,103035,[ 25 -10 -60],[-15  10 -55],[  0 -30 -35],[-10 -60  45]
4820,303550,355015,501530,153035,[ 25  -5 -55],[-10  10 -50],[  5 -25 -35],[ -5 -55  35]
4821,303550,355020,502030,203035,[ 25   0 -50],[ -5  10 -45],[ 10 -20 -35],[  0 -50  25]
4822,303550,355025,502530,253035,[ 25   5 -45],[  0  10 -40],[ 15 -15 -35],[  5 -45  15]
4823,303550,355040,504030,403035,[ 25  20 -30],[ 15  10 -25],[ 30   0 -35],[ 20 -30 -15]
4824,303550,355045,504530,453035,[ 25  25 -25],[ 20  10 -20],[ 35   5 -35],[ 25 -25 -25]
4825,30400,4005,0530,53040,[-20 -75  35],[-15 -50  45],[-55 -45  70],[-75  35  60]
4826,30400,40010,01030,103040,[-20 -70  40],[-10 -50  50],[-50 -40  70],[-70  40  50]
4827,30400,40015,01530,153040,[-20 -65  45],[ -5 -50  55],[-45 -35  70],[-65  45  40]
4828,30400,40020,02030,203040,[-20 -60  50],[  0 -50  60],[-40 -30  70],[-60  50  30]
4829,30400,40025,02530,253040,[-20 -55  55],[  5 -50  65],[-35 -25  70],[-55  55  20]
4830,30400,40035,03530,353040,[-20 -45  65],[ 15 -50  75],[-25 -15  70],[-45  65   0]
4831,30400,40045,04530,453040,[-20 -35  75],[ 25 -50  85],[-15  -5  70],[-35  75 -20]
4832,30400,40050,05030,503040,[-20 -30  80],[ 30 -50  90],[-10   0  70],[-30  80 -30]
4833,30405,4050,5030,03040,[-51 -80  70],[-56 -50  80],[-55 -50  60],[ -3  30 -30]
4834,30405,40510,51030,103040,[-15 -65  30],[-10 -45  40],[-45 -40  60],[-65  30  50]
4835,30405,40515,51530,153040,[-15 -60  35],[ -5 -45  45],[-40 -35  60],[-60  35  40]
4836,30405,40520,52030,203040,[-15 -55  40],[  0 -45  50],[-35 -30  60],[-55  40  30]
4837,30405,40525,52530,253040,[-15 -50  45],[  5 -45  55],[-30 -25  60],[-50  45  20]
4838,30405,40535,53530,353040,[-15 -40  55],[ 15 -45  65],[-20 -15  60],[-40  55   0]
4839,30405,40545,54530,453040,[-15 -30  65],[ 25 -45  75],[-10  -5  60],[-30  65 -20]
4840,30405,40550,55030,503040,[-15 -25  70],[ 30 -45  80],[-5  0 60],[-25  70 -30]
4841,304010,40100,10030,03040,[-10 -70  10],[-20 -40  20],[-50 -50  50],[-70  10  70]
4842,304010,40105,10530,53040,[-10 -65  15],[-15 -40  25],[-45 -45  50],[-65  15  60]
4843,304010,401015,101530,153040,[-10 -55  25],[ -5 -40  35],[-35 -35  50],[-55  25  40]
4844,304010,401020,102030,203040,[-10 -50  30],[  0 -40  40],[-30 -30  50],[-50  30  30]
4845,304010,401025,102530,253040,[-10 -45  35],[  5 -40  45],[-25 -25  50],[-45  35  20]
4846,304010,401035,103530,353040,[-10 -35  45],[ 15 -40  55],[-15 -15  50],[-35  45   0]
4847,304010,401045,104530,453040,[-10 -25  55],[ 25 -40  65],[-5 -5 50],[-25  55 -20]
4848,304010,401050,105030,503040,[-10 -20  60],[ 30 -40  70],[ 0  0 50],[-20  60 -30]
4849,304015,40150,15030,03040,[-19 -29  50],[-20 -49  60],[-59   0  40],[-79  78 -30]
4850,304015,40155,15530,53040,[ -5 -60   5],[-15 -35  15],[-40 -45  40],[-60   5  60]
4851,304015,401510,151030,103040,[ -5 -55  10],[-10 -35  20],[-35 -40  40],[-55  10  50]
4852,304015,401520,152030,203040,[ -5 -45  20],[  0 -35  30],[-25 -30  40],[-45  20  30]
4853,304015,401525,152530,253040,[ -5 -40  25],[  5 -35  35],[-20 -25  40],[-40  25  20]
4854,304015,401535,153530,353040,[ -5 -30  35],[ 15 -35  45],[-10 -15  40],[-30  35   0]
4855,304015,401545,154530,453040,[ -5 -20  45],[ 25 -35  55],[ 0 -5 40],[-20  45 -20]
4856,304015,401550,155030,503040,[ -5 -15  50],[ 30 -35  60],[ 5  0 40],[-15  50 -30]
4857,304020,40200,20030,03040,[  0 -60 -10],[-20 -30   0],[-40 -50  30],[-60 -10  70]
4858,304020,40205,20530,53040,[  0 -55  -5],[-15 -30   5],[-35 -45  30],[-55  -5  60]
4859,304020,402010,201030,103040,[  0 -50   0],[-10 -30  10],[-30 -40  30],[-50   0  50]
4860,304020,402015,201530,153040,[  0 -45   5],[ -5 -30  15],[-25 -35  30],[-45   5  40]
4861,304020,402025,202530,253040,[  0 -35  15],[  5 -30  25],[-15 -25  30],[-35  15  20]
4862,304020,402035,203530,353040,[  0 -25  25],[ 15 -30  35],[ -5 -15  30],[-25  25   0]
4863,304020,402045,204530,453040,[  0 -15  35],[ 25 -30  45],[ 5 -5 30],[-15  35 -20]
4864,304020,402050,205030,503040,[  0 -10  40],[ 30 -30  50],[10  0 30],[-10  40 -30]
4865,304025,40250,25030,03040,[-18 -28  30],[-20 -48  40],[-58   0  20],[-78  76 -30]
4866,304025,40255,25530,53040,[  5 -50 -15],[-15 -25  -5],[-30 -45  20],[-50 -15  60]
4867,304025,402510,251030,103040,[  5 -45 -10],[-10 -25   0],[-25 -40  20],[-45 -10  50]
4868,304025,402515,251530,153040,[  5 -40  -5],[ -5 -25   5],[-20 -35  20],[-40  -5  40]
4869,304025,402520,252030,203040,[  5 -35   0],[  0 -25  10],[-15 -30  20],[-35   0  30]
4870,304025,402535,253530,353040,[  5 -20  15],[ 15 -25  25],[  0 -15  20],[-20  15   0]
4871,304025,402545,254530,453040,[  5 -10  25],[ 25 -25  35],[10 -5 20],[-10  25 -20]
4872,304025,402550,255030,503040,[ 5 -5 30],[ 30 -25  40],[15  0 20],[ -5  30 -30]
4873,304035,40350,35030,03040,[-17 -27  10],[-20 -47  20],[-57   0   0],[-77  74 -30]
4874,304035,40355,35530,53040,[ 15 -40 -35],[-15 -15 -25],[-20 -45   0],[-40 -35  60]
4875,304035,403510,351030,103040,[ 15 -35 -30],[-10 -15 -20],[-15 -40   0],[-35 -30  50]
4876,304035,403515,351530,153040,[ 15 -30 -25],[ -5 -15 -15],[-10 -35   0],[-30 -25  40]
4877,304035,403520,352030,203040,[ 15 -25 -20],[  0 -15 -10],[ -5 -30   0],[-25 -20  30]
4878,304035,403525,352530,253040,[ 15 -20 -15],[  5 -15  -5],[  0 -25   0],[-20 -15  20]
4879,304035,403545,354530,453040,[15  0  5],[ 25 -15  15],[20 -5  0],[  0   5 -20]
4880,304035,403550,355030,503040,[15  5 10],[ 30 -15  20],[25  0  0],[  5  10 -30]
4881,304045,40450,45030,03040,[-16 -26 -10],[-20 -46   0],[-56   0 -20],[-76  72 -30]
4882,304045,40455,45530,53040,[ 25 -30 -55],[-15  -5 -45],[-10 -45 -20],[-30 -55  60]
4883,304045,404510,451030,103040,[ 25 -25 -50],[-10  -5 -40],[ -5 -40 -20],[-25 -50  50]
4884,304045,404515,451530,153040,[ 25 -20 -45],[ -5  -5 -35],[  0 -35 -20],[-20 -45  40]
4885,304045,404520,452030,203040,[ 25 -15 -40],[  0  -5 -30],[  5 -30 -20],[-15 -40  30]
4886,304045,404525,452530,253040,[ 25 -10 -35],[  5  -5 -25],[ 10 -25 -20],[-10 -35  20]
4887,304045,404535,453530,353040,[ 25   0 -25],[ 15  -5 -15],[ 20 -15 -20],[  0 -25   0]
4888,304045,404550,455030,503040,[ 25  15 -10],[30 -5  0],[ 35   0 -20],[ 15 -10 -30]
4889,304050,40500,50030,03040,[ 30 -30 -70],[-20   0 -60],[-10 -50 -30],[-30 -70  70]
4890,304050,40505,50530,53040,[ 30 -25 -65],[-15   0 -55],[ -5 -45 -30],[-25 -65  60]
4891,304050,405010,501030,103040,[ 30 -20 -60],[-10   0 -50],[  0 -40 -30],[-20 -60  50]
4892,304050,405015,501530,153040,[ 30 -15 -55],[ -5   0 -45],[  5 -35 -30],[-15 -55  40]
4893,304050,405020,502030,203040,[ 30 -10 -50],[  0   0 -40],[ 10 -30 -30],[-10 -50  30]
4894,304050,405025,502530,253040,[ 30  -5 -45],[  5   0 -35],[ 15 -25 -30],[ -5 -45  20]
4895,304050,405035,503530,353040,[ 30   5 -35],[ 15   0 -25],[ 25 -15 -30],[  5 -35   0]
4896,304050,405045,504530,453040,[ 30  15 -25],[ 25   0 -15],[ 35  -5 -30],[ 15 -25 -20]
4897,30450,4505,0530,53045,[-56  47 -65],[-51  72 -50],[-55  27 -25],[ -3 -65  65]
4898,30450,45010,01030,103045,[-56  52 -60],[-46  72 -45],[-50  32 -25],[  2 -60  55]
4899,30450,45015,01530,153045,[-56  57 -55],[-41  72 -40],[-45  37 -25],[  7 -55  45]
4900,30450,45020,02030,203045,[-56  62 -50],[-36  72 -35],[-40  42 -25],[ 12 -50  35]
4901,30450,45025,02530,253045,[-56  67 -45],[-31  72 -30],[-35  47 -25],[ 17 -45  25]
4902,30450,45035,03530,353045,[-56  77 -35],[-21  72 -20],[-25  57 -25],[ 27 -35   5]
4903,30450,45040,04030,403045,[-56  82 -30],[-16  72 -15],[-20  62 -25],[ 32 -30  -5]
4904,30450,45050,05030,503045,[-56  92 -20],[-6 72 -5],[-10  72 -25],[ 42 -20 -25]
4905,30455,4550,5030,03045,[-51 -85  70],[-56 -55  85],[-55 -60  65],[ -3  20 -25]
4906,30455,45510,51030,103045,[-10 -75  30],[ -5 -55  45],[-45 -50  65],[-75  30  55]
4907,30455,45515,51530,153045,[-10 -70  35],[  0 -55  50],[-40 -45  65],[-70  35  45]
4908,30455,45520,52030,203045,[-10 -65  40],[  5 -55  55],[-35 -40  65],[-65  40  35]
4909,30455,45525,52530,253045,[-10 -60  45],[ 10 -55  60],[-30 -35  65],[-60  45  25]
4910,30455,45535,53530,353045,[-10 -50  55],[ 20 -55  70],[-20 -25  65],[-50  55   5]
4911,30455,45540,54030,403045,[-10 -45  60],[ 25 -55  75],[-15 -20  65],[-45  60  -5]
4912,30455,45550,55030,503045,[-10 -35  70],[ 35 -55  85],[ -5 -10  65],[-35  70 -25]
4913,304510,45100,10030,03045,[ -5 -80  10],[-15 -50  25],[-50 -60  55],[-80  10  75]
4914,304510,45105,10530,53045,[ -5 -75  15],[-10 -50  30],[-45 -55  55],[-75  15  65]
4915,304510,451015,101530,153045,[ -5 -65  25],[  0 -50  40],[-35 -45  55],[-65  25  45]
4916,304510,451020,102030,203045,[ -5 -60  30],[  5 -50  45],[-30 -40  55],[-60  30  35]
4917,304510,451025,102530,253045,[ -5 -55  35],[ 10 -50  50],[-25 -35  55],[-55  35  25]
4918,304510,451035,103530,353045,[ -5 -45  45],[ 20 -50  60],[-15 -25  55],[-45  45   5]
4919,304510,451040,104030,403045,[ -5 -40  50],[ 25 -50  65],[-10 -20  55],[-40  50  -5]
4920,304510,451050,105030,503045,[ -5 -30  60],[ 35 -50  75],[  0 -10  55],[-30  60 -25]
4921,304515,45150,15030,03045,[-14 -39  50],[-15 -59  65],[-59 -10  45],[-89  78 -25]
4922,304515,45155,15530,53045,[  0 -70   5],[-10 -45  20],[-40 -55  45],[-70   5  65]
4923,304515,451510,151030,103045,[  0 -65  10],[ -5 -45  25],[-35 -50  45],[-65  10  55]
4924,304515,451520,152030,203045,[  0 -55  20],[  5 -45  35],[-25 -40  45],[-55  20  35]
4925,304515,451525,152530,253045,[  0 -50  25],[ 10 -45  40],[-20 -35  45],[-50  25  25]
4926,304515,451535,153530,353045,[  0 -40  35],[ 20 -45  50],[-10 -25  45],[-40  35   5]
4927,304515,451540,154030,403045,[  0 -35  40],[ 25 -45  55],[ -5 -20  45],[-35  40  -5]
4928,304515,451550,155030,503045,[  0 -25  50],[ 35 -45  65],[  5 -10  45],[-25  50 -25]
4929,304520,45200,20030,03045,[  5 -70 -10],[-15 -40   5],[-40 -60  35],[-70 -10  75]
4930,304520,45205,20530,53045,[  5 -65  -5],[-10 -40  10],[-35 -55  35],[-65  -5  65]
4931,304520,452010,201030,103045,[  5 -60   0],[ -5 -40  15],[-30 -50  35],[-60   0  55]
4932,304520,452015,201530,153045,[  5 -55   5],[  0 -40  20],[-25 -45  35],[-55   5  45]
4933,304520,452025,202530,253045,[  5 -45  15],[ 10 -40  30],[-15 -35  35],[-45  15  25]
4934,304520,452035,203530,353045,[  5 -35  25],[ 20 -40  40],[ -5 -25  35],[-35  25   5]
4935,304520,452040,204030,403045,[  5 -30  30],[ 25 -40  45],[  0 -20  35],[-30  30  -5]
4936,304520,452050,205030,503045,[  5 -20  40],[ 35 -40  55],[ 10 -10  35],[-20  40 -25]
4937,304525,45250,25030,03045,[-13 -38  30],[-15 -58  45],[-58 -10  25],[-88  76 -25]
4938,304525,45255,25530,53045,[ 10 -60 -15],[-10 -35   0],[-30 -55  25],[-60 -15  65]
4939,304525,452510,251030,103045,[ 10 -55 -10],[ -5 -35   5],[-25 -50  25],[-55 -10  55]
4940,304525,452515,251530,153045,[ 10 -50  -5],[  0 -35  10],[-20 -45  25],[-50  -5  45]
4941,304525,452520,252030,203045,[ 10 -45   0],[  5 -35  15],[-15 -40  25],[-45   0  35]
4942,304525,452535,253530,353045,[ 10 -30  15],[ 20 -35  30],[  0 -25  25],[-30  15   5]
4943,304525,452540,254030,403045,[ 10 -25  20],[ 25 -35  35],[  5 -20  25],[-25  20  -5]
4944,304525,452550,255030,503045,[ 10 -15  30],[ 35 -35  45],[ 15 -10  25],[-15  30 -25]
4945,304535,45350,35030,03045,[-12 -37  10],[-15 -57  25],[-57 -10   5],[-87  74 -25]
4946,304535,45355,35530,53045,[ 20 -50 -35],[-10 -25 -20],[-20 -55   5],[-50 -35  65]
4947,304535,453510,351030,103045,[ 20 -45 -30],[ -5 -25 -15],[-15 -50   5],[-45 -30  55]
4948,304535,453515,351530,153045,[ 20 -40 -25],[  0 -25 -10],[-10 -45   5],[-40 -25  45]
4949,304535,453520,352030,203045,[ 20 -35 -20],[  5 -25  -5],[ -5 -40   5],[-35 -20  35]
4950,304535,453525,352530,253045,[ 20 -30 -15],[ 10 -25   0],[  0 -35   5],[-30 -15  25]
4951,304535,453540,354030,403045,[ 20 -15   0],[ 25 -25  15],[ 15 -20   5],[-15   0  -5]
4952,304535,453550,355030,503045,[20 -5 10],[ 35 -25  25],[ 25 -10   5],[ -5  10 -25]
4953,304540,45400,40030,03045,[ 25 -50 -50],[-15 -20 -35],[-20 -60  -5],[-50 -50  75]
4954,304540,45405,40530,53045,[ 25 -45 -45],[-10 -20 -30],[-15 -55  -5],[-45 -45  65]
4955,304540,454010,401030,103045,[ 25 -40 -40],[ -5 -20 -25],[-10 -50  -5],[-40 -40  55]
4956,304540,454015,401530,153045,[ 25 -35 -35],[  0 -20 -20],[ -5 -45  -5],[-35 -35  45]
4957,304540,454020,402030,203045,[ 25 -30 -30],[  5 -20 -15],[  0 -40  -5],[-30 -30  35]
4958,304540,454025,402530,253045,[ 25 -25 -25],[ 10 -20 -10],[  5 -35  -5],[-25 -25  25]
4959,304540,454035,403530,353045,[ 25 -15 -15],[ 20 -20   0],[ 15 -25  -5],[-15 -15   5]
4960,304540,454050,405030,503045,[25  0  0],[ 35 -20  15],[ 30 -10  -5],[  0   0 -25]
4961,304550,45500,50030,03045,[ 35 -40 -70],[-15 -10 -55],[-10 -60 -25],[-40 -70  75]
4962,304550,45505,50530,53045,[ 35 -35 -65],[-10 -10 -50],[ -5 -55 -25],[-35 -65  65]
4963,304550,455010,501030,103045,[ 35 -30 -60],[ -5 -10 -45],[  0 -50 -25],[-30 -60  55]
4964,304550,455015,501530,153045,[ 35 -25 -55],[  0 -10 -40],[  5 -45 -25],[-25 -55  45]
4965,304550,455020,502030,203045,[ 35 -20 -50],[  5 -10 -35],[ 10 -40 -25],[-20 -50  35]
4966,304550,455025,502530,253045,[ 35 -15 -45],[ 10 -10 -30],[ 15 -35 -25],[-15 -45  25]
4967,304550,455035,503530,353045,[ 35  -5 -35],[ 20 -10 -20],[ 25 -25 -25],[ -5 -35   5]
4968,304550,455040,504030,403045,[ 35   0 -30],[ 25 -10 -15],[ 30 -20 -25],[  0 -30  -5]
4969,30500,5005,0530,53050,[-10 -95  35],[ -5 -70  55],[-55 -65  80],[-95  35  70]
4970,30500,50010,01030,103050,[-10 -90  40],[  0 -70  60],[-50 -60  80],[-90  40  60]
4971,30500,50015,01530,153050,[-10 -85  45],[  5 -70  65],[-45 -55  80],[-85  45  50]
4972,30500,50020,02030,203050,[-10 -80  50],[ 10 -70  70],[-40 -50  80],[-80  50  40]
4973,30500,50025,02530,253050,[-10 -75  55],[ 15 -70  75],[-35 -45  80],[-75  55  30]
4974,30500,50035,03530,353050,[-10 -65  65],[ 25 -70  85],[-25 -35  80],[-65  65  10]
4975,30500,50040,04030,403050,[-10 -60  70],[ 30 -70  90],[-20 -30  80],[-60  70   0]
4976,30500,50045,04530,453050,[-10 -55  75],[ 35 -70  95],[-15 -25  80],[-55  75 -10]
4977,30505,5050,5030,03050,[ -50 -100   70],[-55 -70  90],[-55 -70  70],[ -5  30 -20]
4978,30505,50510,51030,103050,[ -5 -85  30],[  0 -65  50],[-45 -60  70],[-85  30  60]
4979,30505,50515,51530,153050,[ -5 -80  35],[  5 -65  55],[-40 -55  70],[-80  35  50]
4980,30505,50520,52030,203050,[ -5 -75  40],[ 10 -65  60],[-35 -50  70],[-75  40  40]
4981,30505,50525,52530,253050,[ -5 -70  45],[ 15 -65  65],[-30 -45  70],[-70  45  30]
4982,30505,50535,53530,353050,[ -5 -60  55],[ 25 -65  75],[-20 -35  70],[-60  55  10]
4983,30505,50540,54030,403050,[ -5 -55  60],[ 30 -65  80],[-15 -30  70],[-55  60   0]
4984,30505,50545,54530,453050,[ -5 -50  65],[ 35 -65  85],[-10 -25  70],[-50  65 -10]
4985,305010,50100,10030,03050,[  0 -90  10],[-10 -60  30],[-50 -70  60],[-90  10  80]
4986,305010,50105,10530,53050,[  0 -85  15],[ -5 -60  35],[-45 -65  60],[-85  15  70]
4987,305010,501015,101530,153050,[  0 -75  25],[  5 -60  45],[-35 -55  60],[-75  25  50]
4988,305010,501020,102030,203050,[  0 -70  30],[ 10 -60  50],[-30 -50  60],[-70  30  40]
4989,305010,501025,102530,253050,[  0 -65  35],[ 15 -60  55],[-25 -45  60],[-65  35  30]
4990,305010,501035,103530,353050,[  0 -55  45],[ 25 -60  65],[-15 -35  60],[-55  45  10]
4991,305010,501040,104030,403050,[  0 -50  50],[ 30 -60  70],[-10 -30  60],[-50  50   0]
4992,305010,501045,104530,453050,[  0 -45  55],[ 35 -60  75],[ -5 -25  60],[-45  55 -10]
4993,305015,50150,15030,03050,[ -9 -49  50],[-10 -69  70],[-59 -20  50],[-99  78 -20]
4994,305015,50155,15530,53050,[  5 -80   5],[ -5 -55  25],[-40 -65  50],[-80   5  70]
4995,305015,501510,151030,103050,[  5 -75  10],[  0 -55  30],[-35 -60  50],[-75  10  60]
4996,305015,501520,152030,203050,[  5 -65  20],[ 10 -55  40],[-25 -50  50],[-65  20  40]
4997,305015,501525,152530,253050,[  5 -60  25],[ 15 -55  45],[-20 -45  50],[-60  25  30]
4998,305015,501535,153530,353050,[  5 -50  35],[ 25 -55  55],[-10 -35  50],[-50  35  10]
4999,305015,501540,154030,403050,[  5 -45  40],[ 30 -55  60],[ -5 -30  50],[-45  40   0]
5000,305015,501545,154530,453050,[  5 -40  45],[ 35 -55  65],[  0 -25  50],[-40  45 -10]
5001,305020,50200,20030,03050,[ 10 -80 -10],[-10 -50  10],[-40 -70  40],[-80 -10  80]
5002,305020,50205,20530,53050,[ 10 -75  -5],[ -5 -50  15],[-35 -65  40],[-75  -5  70]
5003,305020,502010,201030,103050,[ 10 -70   0],[  0 -50  20],[-30 -60  40],[-70   0  60]
5004,305020,502015,201530,153050,[ 10 -65   5],[  5 -50  25],[-25 -55  40],[-65   5  50]
5005,305020,502025,202530,253050,[ 10 -55  15],[ 15 -50  35],[-15 -45  40],[-55  15  30]
5006,305020,502035,203530,353050,[ 10 -45  25],[ 25 -50  45],[ -5 -35  40],[-45  25  10]
5007,305020,502040,204030,403050,[ 10 -40  30],[ 30 -50  50],[  0 -30  40],[-40  30   0]
5008,305020,502045,204530,453050,[ 10 -35  35],[ 35 -50  55],[  5 -25  40],[-35  35 -10]
5009,305025,50250,25030,03050,[ -8 -48  30],[-10 -68  50],[-58 -20  30],[-98  76 -20]
5010,305025,50255,25530,53050,[ 15 -70 -15],[ -5 -45   5],[-30 -65  30],[-70 -15  70]
5011,305025,502510,251030,103050,[ 15 -65 -10],[  0 -45  10],[-25 -60  30],[-65 -10  60]
5012,305025,502515,251530,153050,[ 15 -60  -5],[  5 -45  15],[-20 -55  30],[-60  -5  50]
5013,305025,502520,252030,203050,[ 15 -55   0],[ 10 -45  20],[-15 -50  30],[-55   0  40]
5014,305025,502535,253530,353050,[ 15 -40  15],[ 25 -45  35],[  0 -35  30],[-40  15  10]
5015,305025,502540,254030,403050,[ 15 -35  20],[ 30 -45  40],[  5 -30  30],[-35  20   0]
5016,305025,502545,254530,453050,[ 15 -30  25],[ 35 -45  45],[ 10 -25  30],[-30  25 -10]
5017,305035,50350,35030,03050,[ -7 -47  10],[-10 -67  30],[-57 -20  10],[-97  74 -20]
5018,305035,50355,35530,53050,[ 25 -60 -35],[ -5 -35 -15],[-20 -65  10],[-60 -35  70]
5019,305035,503510,351030,103050,[ 25 -55 -30],[  0 -35 -10],[-15 -60  10],[-55 -30  60]
5020,305035,503515,351530,153050,[ 25 -50 -25],[  5 -35  -5],[-10 -55  10],[-50 -25  50]
5021,305035,503520,352030,203050,[ 25 -45 -20],[ 10 -35   0],[ -5 -50  10],[-45 -20  40]
5022,305035,503525,352530,253050,[ 25 -40 -15],[ 15 -35   5],[  0 -45  10],[-40 -15  30]
5023,305035,503540,354030,403050,[ 25 -25   0],[ 30 -35  20],[ 15 -30  10],[-25   0   0]
5024,305035,503545,354530,453050,[ 25 -20   5],[ 35 -35  25],[ 20 -25  10],[-20   5 -10]
5025,305040,50400,40030,03050,[ 30 -60 -50],[-10 -30 -30],[-20 -70   0],[-60 -50  80]
5026,305040,50405,40530,53050,[ 30 -55 -45],[ -5 -30 -25],[-15 -65   0],[-55 -45  70]
5027,305040,504010,401030,103050,[ 30 -50 -40],[  0 -30 -20],[-10 -60   0],[-50 -40  60]
5028,305040,504015,401530,153050,[ 30 -45 -35],[  5 -30 -15],[ -5 -55   0],[-45 -35  50]
5029,305040,504020,402030,203050,[ 30 -40 -30],[ 10 -30 -10],[  0 -50   0],[-40 -30  40]
5030,305040,504025,402530,253050,[ 30 -35 -25],[ 15 -30  -5],[  5 -45   0],[-35 -25  30]
5031,305040,504035,403530,353050,[ 30 -25 -15],[ 25 -30   5],[ 15 -35   0],[-25 -15  10]
5032,305040,504045,404530,453050,[ 30 -15  -5],[ 35 -30  15],[ 25 -25   0],[-15  -5 -10]
5033,305045,50450,45030,03050,[ -6 -46 -10],[-10 -66  10],[-56 -20 -10],[-96  72 -20]
5034,305045,50455,45530,53050,[ 35 -50 -55],[ -5 -25 -35],[-10 -65 -10],[-50 -55  70]
5035,305045,504510,451030,103050,[ 35 -45 -50],[  0 -25 -30],[ -5 -60 -10],[-45 -50  60]
5036,305045,504515,451530,153050,[ 35 -40 -45],[  5 -25 -25],[  0 -55 -10],[-40 -45  50]
5037,305045,504520,452030,203050,[ 35 -35 -40],[ 10 -25 -20],[  5 -50 -10],[-35 -40  40]
5038,305045,504525,452530,253050,[ 35 -30 -35],[ 15 -25 -15],[ 10 -45 -10],[-30 -35  30]
5039,305045,504535,453530,353050,[ 35 -20 -25],[ 25 -25  -5],[ 20 -35 -10],[-20 -25  10]
5040,305045,504540,454030,403050,[ 35 -15 -20],[ 30 -25   0],[ 25 -30 -10],[-15 -20   0]
5041,3505,0510,51035,10350,[ -1 -85  35],[  4 -92  50],[  9 -87  75],[15  3 65]
5042,3505,0515,51535,15350,[ -1 -80  40],[  9 -92  55],[ 14 -82  75],[20  8 55]
5043,3505,0520,52035,20350,[ -1 -75  45],[ 14 -92  60],[ 19 -77  75],[25 13 45]
5044,3505,0525,52535,25350,[ -1 -70  50],[ 19 -92  65],[ 24 -72  75],[30 18 35]
5045,3505,0530,53035,30350,[ -1 -65  55],[ 24 -92  70],[ 29 -67  75],[35 23 25]
5046,3505,0540,54035,40350,[ -1 -55  65],[ 34 -92  80],[ 39 -57  75],[45 33  5]
5047,3505,0545,54535,45350,[ -1 -50  70],[ 39 -92  85],[ 44 -52  75],[50 38 -5]
5048,3505,0550,55035,50350,[ -1 -45  75],[ 44 -92  90],[ 49 -47  75],[ 55  43 -15]
5049,35010,0105,10535,5350,[  4 -85  20],[ -1 -87  35],[  9 -92  65],[ 15 -12  75]
5050,35010,01015,101535,15350,[  4 -75  30],[  9 -87  45],[ 19 -82  65],[25 -2 55]
5051,35010,01020,102035,20350,[  4 -70  35],[ 14 -87  50],[ 24 -77  65],[30  3 45]
5052,35010,01025,102535,25350,[  4 -65  40],[ 19 -87  55],[ 29 -72  65],[35  8 35]
5053,35010,01030,103035,30350,[  4 -60  45],[ 24 -87  60],[ 34 -67  65],[40 13 25]
5054,35010,01040,104035,40350,[  4 -50  55],[ 34 -87  70],[ 44 -57  65],[50 23  5]
5055,35010,01045,104535,45350,[  4 -45  60],[ 39 -87  75],[ 49 -52  65],[55 28 -5]
5056,35010,01050,105035,50350,[  4 -40  65],[ 44 -87  80],[ 54 -47  65],[ 60  33 -15]
5057,35015,0155,15535,5350,[  9 -80  10],[ -1 -82  25],[ 14 -92  55],[ 20 -22  75]
5058,35015,01510,151035,10350,[  9 -75  15],[  4 -82  30],[ 19 -87  55],[ 25 -17  65]
5059,35015,01520,152035,20350,[  9 -65  25],[ 14 -82  40],[ 29 -77  55],[35 -7 45]
5060,35015,01525,152535,25350,[  9 -60  30],[ 19 -82  45],[ 34 -72  55],[40 -2 35]
5061,35015,01530,153035,30350,[  9 -55  35],[ 24 -82  50],[ 39 -67  55],[45  3 25]
5062,35015,01540,154035,40350,[  9 -45  45],[ 34 -82  60],[ 49 -57  55],[55 13  5]
5063,35015,01545,154535,45350,[  9 -40  50],[ 39 -82  65],[ 54 -52  55],[60 18 -5]
5064,35015,01550,155035,50350,[  9 -35  55],[ 44 -82  70],[ 59 -47  55],[ 65  23 -15]
5065,35020,0205,20535,5350,[ 14 -75   0],[ -1 -77  15],[ 19 -92  45],[ 25 -32  75]
5066,35020,02010,201035,10350,[ 14 -70   5],[  4 -77  20],[ 24 -87  45],[ 30 -27  65]
5067,35020,02015,201535,15350,[ 14 -65  10],[  9 -77  25],[ 29 -82  45],[ 35 -22  55]
5068,35020,02025,202535,25350,[ 14 -55  20],[ 19 -77  35],[ 39 -72  45],[ 45 -12  35]
5069,35020,02030,203035,30350,[ 14 -50  25],[ 24 -77  40],[ 44 -67  45],[50 -7 25]
5070,35020,02040,204035,40350,[ 14 -40  35],[ 34 -77  50],[ 54 -57  45],[60  3  5]
5071,35020,02045,204535,45350,[ 14 -35  40],[ 39 -77  55],[ 59 -52  45],[65  8 -5]
5072,35020,02050,205035,50350,[ 14 -30  45],[ 44 -77  60],[ 64 -47  45],[ 70  13 -15]
5073,35025,0255,25535,5350,[ 19 -70 -10],[ -1 -72   5],[ 24 -92  35],[ 30 -42  75]
5074,35025,02510,251035,10350,[ 19 -65  -5],[  4 -72  10],[ 29 -87  35],[ 35 -37  65]
5075,35025,02515,251535,15350,[ 19 -60   0],[  9 -72  15],[ 34 -82  35],[ 40 -32  55]
5076,35025,02520,252035,20350,[ 19 -55   5],[ 14 -72  20],[ 39 -77  35],[ 45 -27  45]
5077,35025,02530,253035,30350,[ 19 -45  15],[ 24 -72  30],[ 49 -67  35],[ 55 -17  25]
5078,35025,02540,254035,40350,[ 19 -35  25],[ 34 -72  40],[ 59 -57  35],[65 -7  5]
5079,35025,02545,254535,45350,[ 19 -30  30],[ 39 -72  45],[ 64 -52  35],[70 -2 -5]
5080,35025,02550,255035,50350,[ 19 -25  35],[ 44 -72  50],[ 69 -47  35],[ 75   3 -15]
5081,35030,0305,30535,5350,[ 24 -65 -20],[ -1 -67  -5],[ 29 -92  25],[ 35 -52  75]
5082,35030,03010,301035,10350,[ 24 -60 -15],[  4 -67   0],[ 34 -87  25],[ 40 -47  65]
5083,35030,03015,301535,15350,[ 24 -55 -10],[  9 -67   5],[ 39 -82  25],[ 45 -42  55]
5084,35030,03020,302035,20350,[ 24 -50  -5],[ 14 -67  10],[ 44 -77  25],[ 50 -37  45]
5085,35030,03025,302535,25350,[ 24 -45   0],[ 19 -67  15],[ 49 -72  25],[ 55 -32  35]
5086,35030,03040,304035,40350,[ 24 -30  15],[ 34 -67  30],[ 64 -57  25],[ 70 -17   5]
5087,35030,03045,304535,45350,[ 24 -25  20],[ 39 -67  35],[ 69 -52  25],[ 75 -12  -5]
5088,35030,03050,305035,50350,[ 24 -20  25],[ 44 -67  40],[ 74 -47  25],[ 80  -7 -15]
5089,35040,0405,40535,5350,[ 34 -55 -40],[ -1 -57 -25],[ 39 -92   5],[ 45 -72  75]
5090,35040,04010,401035,10350,[ 34 -50 -35],[  4 -57 -20],[ 44 -87   5],[ 50 -67  65]
5091,35040,04015,401535,15350,[ 34 -45 -30],[  9 -57 -15],[ 49 -82   5],[ 55 -62  55]
5092,35040,04020,402035,20350,[ 34 -40 -25],[ 14 -57 -10],[ 54 -77   5],[ 60 -57  45]
5093,35040,04025,402535,25350,[ 34 -35 -20],[ 19 -57  -5],[ 59 -72   5],[ 65 -52  35]
5094,35040,04030,403035,30350,[ 34 -30 -15],[ 24 -57   0],[ 64 -67   5],[ 70 -47  25]
5095,35040,04045,404535,45350,[ 34 -15   0],[ 39 -57  15],[ 79 -52   5],[ 85 -32  -5]
5096,35040,04050,405035,50350,[ 34 -10   5],[ 44 -57  20],[ 84 -47   5],[ 90 -27 -15]
5097,35045,0455,45535,5350,[ 39 -50 -50],[ -1 -52 -35],[ 44 -92  -5],[ 50 -82  75]
5098,35045,04510,451035,10350,[ 39 -45 -45],[  4 -52 -30],[ 49 -87  -5],[ 55 -77  65]
5099,35045,04515,451535,15350,[ 39 -40 -40],[  9 -52 -25],[ 54 -82  -5],[ 60 -72  55]
5100,35045,04520,452035,20350,[ 39 -35 -35],[ 14 -52 -20],[ 59 -77  -5],[ 65 -67  45]
5101,35045,04525,452535,25350,[ 39 -30 -30],[ 19 -52 -15],[ 64 -72  -5],[ 70 -62  35]
5102,35045,04530,453035,30350,[ 39 -25 -25],[ 24 -52 -10],[ 69 -67  -5],[ 75 -57  25]
5103,35045,04540,454035,40350,[ 39 -15 -15],[ 34 -52   0],[ 79 -57  -5],[ 85 -47   5]
5104,35045,04550,455035,50350,[39 -5 -5],[ 44 -52  10],[ 89 -47  -5],[ 95 -37 -15]
5105,35050,0505,50535,5350,[ 44 -45 -60],[ -1 -47 -45],[ 49 -92 -15],[ 55 -92  75]
5106,35050,05010,501035,10350,[ 44 -40 -55],[  4 -47 -40],[ 54 -87 -15],[ 60 -87  65]
5107,35050,05015,501535,15350,[ 44 -35 -50],[  9 -47 -35],[ 59 -82 -15],[ 65 -82  55]
5108,35050,05020,502035,20350,[ 44 -30 -45],[ 14 -47 -30],[ 64 -77 -15],[ 70 -77  45]
5109,35050,05025,502535,25350,[ 44 -25 -40],[ 19 -47 -25],[ 69 -72 -15],[ 75 -72  35]
5110,35050,05030,503035,30350,[ 44 -20 -35],[ 24 -47 -20],[ 74 -67 -15],[ 80 -67  25]
5111,35050,05040,504035,40350,[ 44 -10 -25],[ 34 -47 -10],[ 84 -57 -15],[ 90 -57   5]
5112,35050,05045,504535,45350,[ 44  -5 -20],[ 39 -47  -5],[ 89 -52 -15],[ 95 -52  -5]
5113,3550,5010,01035,10355,[ -1   0 -55],[  9  25 -85],[  4  35 -60],[ 0 45 20]
5114,3550,5015,01535,15355,[ -1   5 -50],[ 14  25 -80],[  9  40 -60],[ 5 50 10]
5115,3550,5020,02035,20355,[ -1  10 -45],[ 19  25 -75],[ 14  45 -60],[10 55  0]
5116,3550,5025,02535,25355,[ -1  15 -40],[ 24  25 -70],[ 19  50 -60],[ 15  60 -10]
5117,3550,5030,03035,30355,[ -1  20 -35],[ 29  25 -65],[ 24  55 -60],[ 20  65 -20]
5118,3550,5040,04035,40355,[ -1  30 -25],[ 39  25 -55],[ 34  65 -60],[ 30  75 -40]
5119,3550,5045,04535,45355,[ -1  35 -20],[ 44  25 -50],[ 39  70 -60],[ 35  80 -50]
5120,3550,5050,05035,50355,[ -1  40 -15],[ 49  25 -45],[ 44  75 -60],[ 40  85 -60]
5121,35510,5100,10035,0355,[-55   0  15],[-65  35 -15],[-60  25  20],[ 0 15 40]
5122,35510,51015,101535,15355,[-55  15  30],[-50  35   0],[-45  40  20],[15 30 10]
5123,35510,51020,102035,20355,[-55  20  35],[-45  35   5],[-40  45  20],[20 35  0]
5124,35510,51025,102535,25355,[-55  25  40],[-40  35  10],[-35  50  20],[ 25  40 -10]
5125,35510,51030,103035,30355,[-55  30  45],[-35  35  15],[-30  55  20],[ 30  45 -20]
5126,35510,51040,104035,40355,[-55  40  55],[-25  35  25],[-20  65  20],[ 40  55 -40]
5127,35510,51045,104535,45355,[-55  45  60],[-20  35  30],[-15  70  20],[ 45  60 -50]
5128,35510,51050,105035,50355,[-55  50  65],[-15  35  35],[-10  75  20],[ 50  65 -60]
5129,35515,5150,15035,0355,[-64  41  55],[-65  26  25],[-69  75  10],[ -9  83 -60]
5130,35515,51510,151035,10355,[-50  15  15],[-55  40 -15],[-45  35  10],[15 15 20]
5131,35515,51520,152035,20355,[-50  25  25],[-45  40  -5],[-35  45  10],[25 25  0]
5132,35515,51525,152535,25355,[-50  30  30],[-40  40   0],[-30  50  10],[ 30  30 -10]
5133,35515,51530,153035,30355,[-50  35  35],[-35  40   5],[-25  55  10],[ 35  35 -20]
5134,35515,51540,154035,40355,[-50  45  45],[-25  40  15],[-15  65  10],[ 45  45 -40]
5135,35515,51545,154535,45355,[-50  50  50],[-20  40  20],[-10  70  10],[ 50  50 -50]
5136,35515,51550,155035,50355,[-50  55  55],[-15  40  25],[-5 75 10],[ 55  55 -60]
5137,35520,5200,20035,0355,[-45  10  -5],[-65  45 -35],[-50  25   0],[10 -5 40]
5138,35520,52010,201035,10355,[-45  20   5],[-55  45 -25],[-40  35   0],[20  5 20]
5139,35520,52015,201535,15355,[-45  25  10],[-50  45 -20],[-35  40   0],[25 10 10]
5140,35520,52025,202535,25355,[-45  35  20],[-40  45 -10],[-25  50   0],[ 35  20 -10]
5141,35520,52030,203035,30355,[-45  40  25],[-35  45  -5],[-20  55   0],[ 40  25 -20]
5142,35520,52040,204035,40355,[-45  50  35],[-25  45   5],[-10  65   0],[ 50  35 -40]
5143,35520,52045,204535,45355,[-45  55  40],[-20  45  10],[-5 70  0],[ 55  40 -50]
5144,35520,52050,205035,50355,[-45  60  45],[-15  45  15],[ 0 75  0],[ 60  45 -60]
5145,35525,5250,25035,0355,[-63  42  35],[-65  27   5],[-68  75 -10],[ -8  81 -60]
5146,35525,52510,251035,10355,[-40  25  -5],[-55  50 -35],[-35  35 -10],[25 -5 20]
5147,35525,52515,251535,15355,[-40  30   0],[-50  50 -30],[-30  40 -10],[30  0 10]
5148,35525,52520,252035,20355,[-40  35   5],[-45  50 -25],[-25  45 -10],[35  5  0]
5149,35525,52530,253035,30355,[-40  45  15],[-35  50 -15],[-15  55 -10],[ 45  15 -20]
5150,35525,52540,254035,40355,[-40  55  25],[-25  50  -5],[ -5  65 -10],[ 55  25 -40]
5151,35525,52545,254535,45355,[-40  60  30],[-20  50   0],[  0  70 -10],[ 60  30 -50]
5152,35525,52550,255035,50355,[-40  65  35],[-15  50   5],[  5  75 -10],[ 65  35 -60]
5153,35530,5300,30035,0355,[-35  20 -25],[-65  55 -55],[-40  25 -20],[ 20 -25  40]
5154,35530,53010,301035,10355,[-35  30 -15],[-55  55 -45],[-30  35 -20],[ 30 -15  20]
5155,35530,53015,301535,15355,[-35  35 -10],[-50  55 -40],[-25  40 -20],[ 35 -10  10]
5156,35530,53020,302035,20355,[-35  40  -5],[-45  55 -35],[-20  45 -20],[40 -5  0]
5157,35530,53025,302535,25355,[-35  45   0],[-40  55 -30],[-15  50 -20],[ 45   0 -10]
5158,35530,53040,304035,40355,[-35  60  15],[-25  55 -15],[  0  65 -20],[ 60  15 -40]
5159,35530,53045,304535,45355,[-35  65  20],[-20  55 -10],[  5  70 -20],[ 65  20 -50]
5160,35530,53050,305035,50355,[-35  70  25],[-15  55  -5],[ 10  75 -20],[ 70  25 -60]
5161,35540,5400,40035,0355,[-25  30 -45],[-65  65 -75],[-30  25 -40],[ 30 -45  40]
5162,35540,54010,401035,10355,[-25  40 -35],[-55  65 -65],[-20  35 -40],[ 40 -35  20]
5163,35540,54015,401535,15355,[-25  45 -30],[-50  65 -60],[-15  40 -40],[ 45 -30  10]
5164,35540,54020,402035,20355,[-25  50 -25],[-45  65 -55],[-10  45 -40],[ 50 -25   0]
5165,35540,54025,402535,25355,[-25  55 -20],[-40  65 -50],[ -5  50 -40],[ 55 -20 -10]
5166,35540,54030,403035,30355,[-25  60 -15],[-35  65 -45],[  0  55 -40],[ 60 -15 -20]
5167,35540,54045,404535,45355,[-25  75   0],[-20  65 -30],[ 15  70 -40],[ 75   0 -50]
5168,35540,54050,405035,50355,[-25  80   5],[-15  65 -25],[ 20  75 -40],[ 80   5 -60]
5169,35545,5450,45035,0355,[-61  44  -5],[-65  29 -35],[-66  75 -50],[ -6  77 -60]
5170,35545,54510,451035,10355,[-20  45 -45],[-55  70 -75],[-15  35 -50],[ 45 -45  20]
5171,35545,54515,451535,15355,[-20  50 -40],[-50  70 -70],[-10  40 -50],[ 50 -40  10]
5172,35545,54520,452035,20355,[-20  55 -35],[-45  70 -65],[ -5  45 -50],[ 55 -35   0]
5173,35545,54525,452535,25355,[-20  60 -30],[-40  70 -60],[  0  50 -50],[ 60 -30 -10]
5174,35545,54530,453035,30355,[-20  65 -25],[-35  70 -55],[  5  55 -50],[ 65 -25 -20]
5175,35545,54540,454035,40355,[-20  75 -15],[-25  70 -45],[ 15  65 -50],[ 75 -15 -40]
5176,35545,54550,455035,50355,[-20  85  -5],[-15  70 -35],[ 25  75 -50],[ 85  -5 -60]
5177,35550,5500,50035,0355,[-15  40 -65],[-65  75 -95],[-20  25 -60],[ 40 -65  40]
5178,35550,55010,501035,10355,[-15  50 -55],[-55  75 -85],[-10  35 -60],[ 50 -55  20]
5179,35550,55015,501535,15355,[-15  55 -50],[-50  75 -80],[ -5  40 -60],[ 55 -50  10]
5180,35550,55020,502035,20355,[-15  60 -45],[-45  75 -75],[  0  45 -60],[ 60 -45   0]
5181,35550,55025,502535,25355,[-15  65 -40],[-40  75 -70],[  5  50 -60],[ 65 -40 -10]
5182,35550,55030,503035,30355,[-15  70 -35],[-35  75 -65],[ 10  55 -60],[ 70 -35 -20]
5183,35550,55040,504035,40355,[-15  80 -25],[-25  75 -55],[ 20  65 -60],[ 80 -25 -40]
5184,35550,55045,504535,45355,[-15  85 -20],[-20  75 -50],[ 25  70 -60],[ 85 -20 -50]
5185,35100,1005,0535,53510,[-60 -15  40],[-55  15  15],[-65  20  45],[-15  40  35]
5186,35100,10015,01535,153510,[-60  -5  50],[-45  15  25],[-55  30  45],[-5 50 15]
5187,35100,10020,02035,203510,[-60   0  55],[-40  15  30],[-50  35  45],[ 0 55  5]
5188,35100,10025,02535,253510,[-60   5  60],[-35  15  35],[-45  40  45],[ 5 60 -5]
5189,35100,10030,03035,303510,[-60  10  65],[-30  15  40],[-40  45  45],[ 10  65 -15]
5190,35100,10040,04035,403510,[-60  20  75],[-20  15  50],[-30  55  45],[ 20  75 -35]
5191,35100,10045,04535,453510,[-60  25  80],[-15  15  55],[-25  60  45],[ 25  80 -45]
5192,35100,10050,05035,503510,[-60  30  85],[-10  15  60],[-20  65  45],[ 30  85 -55]
5193,35105,1050,5035,03510,[-64 -20  75],[-69  15  50],[-65  15  35],[  3  35 -55]
5194,35105,10515,51535,153510,[-55   0  40],[-45  20  15],[-50  30  35],[ 0 40 15]
5195,35105,10520,52035,203510,[-55   5  45],[-40  20  20],[-45  35  35],[ 5 45  5]
5196,35105,10525,52535,253510,[-55  10  50],[-35  20  25],[-40  40  35],[10 50 -5]
5197,35105,10530,53035,303510,[-55  15  55],[-30  20  30],[-35  45  35],[ 15  55 -15]
5198,35105,10540,54035,403510,[-55  25  65],[-20  20  40],[-25  55  35],[ 25  65 -35]
5199,35105,10545,54535,453510,[-55  30  70],[-15  20  45],[-20  60  35],[ 30  70 -45]
5200,35105,10550,55035,503510,[-55  35  75],[-10  20  50],[-15  65  35],[ 35  75 -55]
5201,351015,10150,15035,03510,[-59  31  55],[-60  16  30],[-69  65  15],[-19  83 -55]
5202,351015,10155,15535,53510,[-45   0  10],[-55  30 -15],[-50  20  15],[ 0 10 35]
5203,351015,101520,152035,203510,[-45  15  25],[-40  30   0],[-35  35  15],[15 25  5]
5204,351015,101525,152535,253510,[-45  20  30],[-35  30   5],[-30  40  15],[20 30 -5]
5205,351015,101530,153035,303510,[-45  25  35],[-30  30  10],[-25  45  15],[ 25  35 -15]
5206,351015,101540,154035,403510,[-45  35  45],[-20  30  20],[-15  55  15],[ 35  45 -35]
5207,351015,101545,154535,453510,[-45  40  50],[-15  30  25],[-10  60  15],[ 40  50 -45]
5208,351015,101550,155035,503510,[-45  45  55],[-10  30  30],[-5 65 15],[ 45  55 -55]
5209,351020,10200,20035,03510,[-40   0  -5],[-60  35 -30],[-50  15   5],[ 0 -5 45]
5210,351020,10205,20535,53510,[-40   5   0],[-55  35 -25],[-45  20   5],[ 5  0 35]
5211,351020,102015,201535,153510,[-40  15  10],[-45  35 -15],[-35  30   5],[15 10 15]
5212,351020,102025,202535,253510,[-40  25  20],[-35  35  -5],[-25  40   5],[25 20 -5]
5213,351020,102030,203035,303510,[-40  30  25],[-30  35   0],[-20  45   5],[ 30  25 -15]
5214,351020,102040,204035,403510,[-40  40  35],[-20  35  10],[-10  55   5],[ 40  35 -35]
5215,351020,102045,204535,453510,[-40  45  40],[-15  35  15],[-5 60  5],[ 45  40 -45]
5216,351020,102050,205035,503510,[-40  50  45],[-10  35  20],[ 0 65  5],[ 50  45 -55]
5217,351025,10250,25035,03510,[-58  32  35],[-60  17  10],[-68  65  -5],[-18  81 -55]
5218,351025,10255,25535,53510,[-35  10 -10],[-55  40 -35],[-40  20  -5],[ 10 -10  35]
5219,351025,102515,251535,153510,[-35  20   0],[-45  40 -25],[-30  30  -5],[20  0 15]
5220,351025,102520,252035,203510,[-35  25   5],[-40  40 -20],[-25  35  -5],[25  5  5]
5221,351025,102530,253035,303510,[-35  35  15],[-30  40 -10],[-15  45  -5],[ 35  15 -15]
5222,351025,102540,254035,403510,[-35  45  25],[-20  40   0],[-5 55 -5],[ 45  25 -35]
5223,351025,102545,254535,453510,[-35  50  30],[-15  40   5],[ 0 60 -5],[ 50  30 -45]
5224,351025,102550,255035,503510,[-35  55  35],[-10  40  10],[ 5 65 -5],[ 55  35 -55]
5225,351030,10300,30035,03510,[-30  10 -25],[-60  45 -50],[-40  15 -15],[ 10 -25  45]
5226,351030,10305,30535,53510,[-30  15 -20],[-55  45 -45],[-35  20 -15],[ 15 -20  35]
5227,351030,103015,301535,153510,[-30  25 -10],[-45  45 -35],[-25  30 -15],[ 25 -10  15]
5228,351030,103020,302035,203510,[-30  30  -5],[-40  45 -30],[-20  35 -15],[30 -5  5]
5229,351030,103025,302535,253510,[-30  35   0],[-35  45 -25],[-15  40 -15],[35  0 -5]
5230,351030,103040,304035,403510,[-30  50  15],[-20  45 -10],[  0  55 -15],[ 50  15 -35]
5231,351030,103045,304535,453510,[-30  55  20],[-15  45  -5],[  5  60 -15],[ 55  20 -45]
5232,351030,103050,305035,503510,[-30  60  25],[-10  45   0],[ 10  65 -15],[ 60  25 -55]
5233,351040,10400,40035,03510,[-20  20 -45],[-60  55 -70],[-30  15 -35],[ 20 -45  45]
5234,351040,10405,40535,53510,[-20  25 -40],[-55  55 -65],[-25  20 -35],[ 25 -40  35]
5235,351040,104015,401535,153510,[-20  35 -30],[-45  55 -55],[-15  30 -35],[ 35 -30  15]
5236,351040,104020,402035,203510,[-20  40 -25],[-40  55 -50],[-10  35 -35],[ 40 -25   5]
5237,351040,104025,402535,253510,[-20  45 -20],[-35  55 -45],[ -5  40 -35],[ 45 -20  -5]
5238,351040,104030,403035,303510,[-20  50 -15],[-30  55 -40],[  0  45 -35],[ 50 -15 -15]
5239,351040,104045,404535,453510,[-20  65   0],[-15  55 -25],[ 15  60 -35],[ 65   0 -45]
5240,351040,104050,405035,503510,[-20  70   5],[-10  55 -20],[ 20  65 -35],[ 70   5 -55]
5241,351045,10450,45035,03510,[-56  34  -5],[-60  19 -30],[-66  65 -45],[-16  77 -55]
5242,351045,10455,45535,53510,[-15  30 -50],[-55  60 -75],[-20  20 -45],[ 30 -50  35]
5243,351045,104515,451535,153510,[-15  40 -40],[-45  60 -65],[-10  30 -45],[ 40 -40  15]
5244,351045,104520,452035,203510,[-15  45 -35],[-40  60 -60],[ -5  35 -45],[ 45 -35   5]
5245,351045,104525,452535,253510,[-15  50 -30],[-35  60 -55],[  0  40 -45],[ 50 -30  -5]
5246,351045,104530,453035,303510,[-15  55 -25],[-30  60 -50],[  5  45 -45],[ 55 -25 -15]
5247,351045,104540,454035,403510,[-15  65 -15],[-20  60 -40],[ 15  55 -45],[ 65 -15 -35]
5248,351045,104550,455035,503510,[-15  75  -5],[-10  60 -30],[ 25  65 -45],[ 75  -5 -55]
5249,351050,10500,50035,03510,[-10  30 -65],[-60  65 -90],[-20  15 -55],[ 30 -65  45]
5250,351050,10505,50535,53510,[-10  35 -60],[-55  65 -85],[-15  20 -55],[ 35 -60  35]
5251,351050,105015,501535,153510,[-10  45 -50],[-45  65 -75],[ -5  30 -55],[ 45 -50  15]
5252,351050,105020,502035,203510,[-10  50 -45],[-40  65 -70],[  0  35 -55],[ 50 -45   5]
5253,351050,105025,502535,253510,[-10  55 -40],[-35  65 -65],[  5  40 -55],[ 55 -40  -5]
5254,351050,105030,503035,303510,[-10  60 -35],[-30  65 -60],[ 10  45 -55],[ 60 -35 -15]
5255,351050,105040,504035,403510,[-10  70 -25],[-20  65 -50],[ 20  55 -55],[ 70 -25 -35]
5256,351050,105045,504535,453510,[-10  75 -20],[-15  65 -45],[ 25  60 -55],[ 75 -20 -45]
5257,35150,1505,0535,53515,[-69  53 -60],[-64  83 -80],[-65  38 -50],[  3 -60  40]
5258,35150,15010,01035,103515,[-69  58 -55],[-59  83 -75],[-60  43 -50],[  8 -55  30]
5259,35150,15020,02035,203515,[-69  68 -45],[-49  83 -65],[-50  53 -50],[ 18 -45  10]
5260,35150,15025,02535,253515,[-69  73 -40],[-44  83 -60],[-45  58 -50],[ 23 -40   0]
5261,35150,15030,03035,303515,[-69  78 -35],[-39  83 -55],[-40  63 -50],[ 28 -35 -10]
5262,35150,15040,04035,403515,[-69  88 -25],[-29  83 -45],[-30  73 -50],[ 38 -25 -30]
5263,35150,15045,04535,453515,[-69  93 -20],[-24  83 -40],[-25  78 -50],[ 43 -20 -40]
5264,35150,15050,05035,503515,[-69  98 -15],[-19  83 -35],[-20  83 -50],[ 48 -15 -50]
5265,35155,1550,5035,03515,[-64 -25  75],[-69  10  55],[-65   5  40],[  3  25 -50]
5266,35155,15510,51035,103515,[-50 -15  35],[-45  10  15],[-55  15  40],[-15  35  30]
5267,35155,15520,52035,203515,[-50  -5  45],[-35  10  25],[-45  25  40],[-5 45 10]
5268,35155,15525,52535,253515,[-50   0  50],[-30  10  30],[-40  30  40],[ 0 50  0]
5269,35155,15530,53035,303515,[-50   5  55],[-25  10  35],[-35  35  40],[  5  55 -10]
5270,35155,15540,54035,403515,[-50  15  65],[-15  10  45],[-25  45  40],[ 15  65 -30]
5271,35155,15545,54535,453515,[-50  20  70],[-10  10  50],[-20  50  40],[ 20  70 -40]
5272,35155,15550,55035,503515,[-50  25  75],[-5 10 55],[-15  55  40],[ 25  75 -50]
5273,351510,15100,10035,03515,[-45 -20  15],[-55  15  -5],[-60   5  30],[-20  15  50]
5274,351510,15105,10535,53515,[-45 -15  20],[-50  15   0],[-55  10  30],[-15  20  40]
5275,351510,151020,102035,203515,[-45   0  35],[-35  15  15],[-40  25  30],[ 0 35 10]
5276,351510,151025,102535,253515,[-45   5  40],[-30  15  20],[-35  30  30],[ 5 40  0]
5277,351510,151030,103035,303515,[-45  10  45],[-25  15  25],[-30  35  30],[ 10  45 -10]
5278,351510,151040,104035,403515,[-45  20  55],[-15  15  35],[-20  45  30],[ 20  55 -30]
5279,351510,151045,104535,453515,[-45  25  60],[-10  15  40],[-15  50  30],[ 25  60 -40]
5280,351510,151050,105035,503515,[-45  30  65],[-5 15 45],[-10  55  30],[ 30  65 -50]
5281,351520,15200,20035,03515,[-35 -10  -5],[-55  25 -25],[-50   5  10],[-10  -5  50]
5282,351520,15205,20535,53515,[-35  -5   0],[-50  25 -20],[-45  10  10],[-5  0 40]
5283,351520,152010,201035,103515,[-35   0   5],[-45  25 -15],[-40  15  10],[ 0  5 30]
5284,351520,152025,202535,253515,[-35  15  20],[-30  25   0],[-25  30  10],[15 20  0]
5285,351520,152030,203035,303515,[-35  20  25],[-25  25   5],[-20  35  10],[ 20  25 -10]
5286,351520,152040,204035,403515,[-35  30  35],[-15  25  15],[-10  45  10],[ 30  35 -30]
5287,351520,152045,204535,453515,[-35  35  40],[-10  25  20],[-5 50 10],[ 35  40 -40]
5288,351520,152050,205035,503515,[-35  40  45],[-5 25 25],[ 0 55 10],[ 40  45 -50]
5289,351525,15250,25035,03515,[-53  22  35],[-55   7  15],[-68  55   0],[-28  81 -50]
5290,351525,15255,25535,53515,[-30   0 -10],[-50  30 -30],[-40  10   0],[  0 -10  40]
5291,351525,152510,251035,103515,[-30   5  -5],[-45  30 -25],[-35  15   0],[ 5 -5 30]
5292,351525,152520,252035,203515,[-30  15   5],[-35  30 -15],[-25  25   0],[15  5 10]
5293,351525,152530,253035,303515,[-30  25  15],[-25  30  -5],[-15  35   0],[ 25  15 -10]
5294,351525,152540,254035,403515,[-30  35  25],[-15  30   5],[-5 45  0],[ 35  25 -30]
5295,351525,152545,254535,453515,[-30  40  30],[-10  30  10],[ 0 50  0],[ 40  30 -40]
5296,351525,152550,255035,503515,[-30  45  35],[-5 30 15],[ 5 55  0],[ 45  35 -50]
5297,351530,15300,30035,03515,[-25   0 -25],[-55  35 -45],[-40   5 -10],[  0 -25  50]
5298,351530,15305,30535,53515,[-25   5 -20],[-50  35 -40],[-35  10 -10],[  5 -20  40]
5299,351530,153010,301035,103515,[-25  10 -15],[-45  35 -35],[-30  15 -10],[ 10 -15  30]
5300,351530,153020,302035,203515,[-25  20  -5],[-35  35 -25],[-20  25 -10],[20 -5 10]
5301,351530,153025,302535,253515,[-25  25   0],[-30  35 -20],[-15  30 -10],[25  0  0]
5302,351530,153040,304035,403515,[-25  40  15],[-15  35  -5],[  0  45 -10],[ 40  15 -30]
5303,351530,153045,304535,453515,[-25  45  20],[-10  35   0],[  5  50 -10],[ 45  20 -40]
5304,351530,153050,305035,503515,[-25  50  25],[-5 35  5],[ 10  55 -10],[ 50  25 -50]
5305,351540,15400,40035,03515,[-15  10 -45],[-55  45 -65],[-30   5 -30],[ 10 -45  50]
5306,351540,15405,40535,53515,[-15  15 -40],[-50  45 -60],[-25  10 -30],[ 15 -40  40]
5307,351540,154010,401035,103515,[-15  20 -35],[-45  45 -55],[-20  15 -30],[ 20 -35  30]
5308,351540,154020,402035,203515,[-15  30 -25],[-35  45 -45],[-10  25 -30],[ 30 -25  10]
5309,351540,154025,402535,253515,[-15  35 -20],[-30  45 -40],[ -5  30 -30],[ 35 -20   0]
5310,351540,154030,403035,303515,[-15  40 -15],[-25  45 -35],[  0  35 -30],[ 40 -15 -10]
5311,351540,154045,404535,453515,[-15  55   0],[-10  45 -20],[ 15  50 -30],[ 55   0 -40]
5312,351540,154050,405035,503515,[-15  60   5],[ -5  45 -15],[ 20  55 -30],[ 60   5 -50]
5313,351545,15450,45035,03515,[-51  24  -5],[-55   9 -25],[-66  55 -40],[-26  77 -50]
5314,351545,15455,45535,53515,[-10  20 -50],[-50  50 -70],[-20  10 -40],[ 20 -50  40]
5315,351545,154510,451035,103515,[-10  25 -45],[-45  50 -65],[-15  15 -40],[ 25 -45  30]
5316,351545,154520,452035,203515,[-10  35 -35],[-35  50 -55],[ -5  25 -40],[ 35 -35  10]
5317,351545,154525,452535,253515,[-10  40 -30],[-30  50 -50],[  0  30 -40],[ 40 -30   0]
5318,351545,154530,453035,303515,[-10  45 -25],[-25  50 -45],[  5  35 -40],[ 45 -25 -10]
5319,351545,154540,454035,403515,[-10  55 -15],[-15  50 -35],[ 15  45 -40],[ 55 -15 -30]
5320,351545,154550,455035,503515,[-10  65  -5],[ -5  50 -25],[ 25  55 -40],[ 65  -5 -50]
5321,351550,15500,50035,03515,[ -5  20 -65],[-55  55 -85],[-20   5 -50],[ 20 -65  50]
5322,351550,15505,50535,53515,[ -5  25 -60],[-50  55 -80],[-15  10 -50],[ 25 -60  40]
5323,351550,155010,501035,103515,[ -5  30 -55],[-45  55 -75],[-10  15 -50],[ 30 -55  30]
5324,351550,155020,502035,203515,[ -5  40 -45],[-35  55 -65],[  0  25 -50],[ 40 -45  10]
5325,351550,155025,502535,253515,[ -5  45 -40],[-30  55 -60],[  5  30 -50],[ 45 -40   0]
5326,351550,155030,503035,303515,[ -5  50 -35],[-25  55 -55],[ 10  35 -50],[ 50 -35 -10]
5327,351550,155040,504035,403515,[ -5  60 -25],[-15  55 -45],[ 20  45 -50],[ 60 -25 -30]
5328,351550,155045,504535,453515,[ -5  65 -20],[-10  55 -40],[ 25  50 -50],[ 65 -20 -40]
5329,35200,2005,0535,53520,[-50 -35  40],[-45  -5  25],[-65   0  55],[-35  40  45]
5330,35200,20010,01035,103520,[-50 -30  45],[-40  -5  30],[-60   5  55],[-30  45  35]
5331,35200,20015,01535,153520,[-50 -25  50],[-35  -5  35],[-55  10  55],[-25  50  25]
5332,35200,20025,02535,253520,[-50 -15  60],[-25  -5  45],[-45  20  55],[-15  60   5]
5333,35200,20030,03035,303520,[-50 -10  65],[-20  -5  50],[-40  25  55],[-10  65  -5]
5334,35200,20040,04035,403520,[-50   0  75],[-10  -5  60],[-30  35  55],[  0  75 -25]
5335,35200,20045,04535,453520,[-50   5  80],[-5 -5 65],[-25  40  55],[  5  80 -35]
5336,35200,20050,05035,503520,[-50  10  85],[ 0 -5 70],[-20  45  55],[ 10  85 -45]
5337,35205,2050,5035,03520,[-63 -40  75],[-68  -5  60],[-65  -5  45],[  1  35 -45]
5338,35205,20510,51035,103520,[-45 -25  35],[-40   0  20],[-55   5  45],[-25  35  35]
5339,35205,20515,51535,153520,[-45 -20  40],[-35   0  25],[-50  10  45],[-20  40  25]
5340,35205,20525,52535,253520,[-45 -10  50],[-25   0  35],[-40  20  45],[-10  50   5]
5341,35205,20530,53035,303520,[-45  -5  55],[-20   0  40],[-35  25  45],[-5 55 -5]
5342,35205,20540,54035,403520,[-45   5  65],[-10   0  50],[-25  35  45],[  5  65 -25]
5343,35205,20545,54535,453520,[-45  10  70],[-5  0 55],[-20  40  45],[ 10  70 -35]
5344,35205,20550,55035,503520,[-45  15  75],[ 0  0 60],[-15  45  45],[ 15  75 -45]
5345,352010,20100,10035,03520,[-40 -30  15],[-50   5   0],[-60  -5  35],[-30  15  55]
5346,352010,20105,10535,53520,[-40 -25  20],[-45   5   5],[-55   0  35],[-25  20  45]
5347,352010,201015,101535,153520,[-40 -15  30],[-35   5  15],[-45  10  35],[-15  30  25]
5348,352010,201025,102535,253520,[-40  -5  40],[-25   5  25],[-35  20  35],[-5 40  5]
5349,352010,201030,103035,303520,[-40   0  45],[-20   5  30],[-30  25  35],[ 0 45 -5]
5350,352010,201040,104035,403520,[-40  10  55],[-10   5  40],[-20  35  35],[ 10  55 -25]
5351,352010,201045,104535,453520,[-40  15  60],[-5  5 45],[-15  40  35],[ 15  60 -35]
5352,352010,201050,105035,503520,[-40  20  65],[ 0  5 50],[-10  45  35],[ 20  65 -45]
5353,352015,20150,15035,03520,[-49  11  55],[-50  -4  40],[-69  45  25],[-39  83 -45]
5354,352015,20155,15535,53520,[-35 -20  10],[-45  10  -5],[-50   0  25],[-20  10  45]
5355,352015,201510,151035,103520,[-35 -15  15],[-40  10   0],[-45   5  25],[-15  15  35]
5356,352015,201525,152535,253520,[-35   0  30],[-25  10  15],[-30  20  25],[ 0 30  5]
5357,352015,201530,153035,303520,[-35   5  35],[-20  10  20],[-25  25  25],[ 5 35 -5]
5358,352015,201540,154035,403520,[-35  15  45],[-10  10  30],[-15  35  25],[ 15  45 -25]
5359,352015,201545,154535,453520,[-35  20  50],[-5 10 35],[-10  40  25],[ 20  50 -35]
5360,352015,201550,155035,503520,[-35  25  55],[ 0 10 40],[-5 45 25],[ 25  55 -45]
5361,352025,20250,25035,03520,[-48  12  35],[-50  -3  20],[-68  45   5],[-38  81 -45]
5362,352025,20255,25535,53520,[-25 -10 -10],[-45  20 -25],[-40   0   5],[-10 -10  45]
5363,352025,202510,251035,103520,[-25  -5  -5],[-40  20 -20],[-35   5   5],[-5 -5 35]
5364,352025,202515,251535,153520,[-25   0   0],[-35  20 -15],[-30  10   5],[ 0  0 25]
5365,352025,202530,253035,303520,[-25  15  15],[-20  20   0],[-15  25   5],[15 15 -5]
5366,352025,202540,254035,403520,[-25  25  25],[-10  20  10],[-5 35  5],[ 25  25 -25]
5367,352025,202545,254535,453520,[-25  30  30],[-5 20 15],[ 0 40  5],[ 30  30 -35]
5368,352025,202550,255035,503520,[-25  35  35],[ 0 20 20],[ 5 45  5],[ 35  35 -45]
5369,352030,20300,30035,03520,[-20 -10 -25],[-50  25 -40],[-40  -5  -5],[-10 -25  55]
5370,352030,20305,30535,53520,[-20  -5 -20],[-45  25 -35],[-35   0  -5],[ -5 -20  45]
5371,352030,203010,301035,103520,[-20   0 -15],[-40  25 -30],[-30   5  -5],[  0 -15  35]
5372,352030,203015,301535,153520,[-20   5 -10],[-35  25 -25],[-25  10  -5],[  5 -10  25]
5373,352030,203025,302535,253520,[-20  15   0],[-25  25 -15],[-15  20  -5],[15  0  5]
5374,352030,203040,304035,403520,[-20  30  15],[-10  25   0],[ 0 35 -5],[ 30  15 -25]
5375,352030,203045,304535,453520,[-20  35  20],[-5 25  5],[ 5 40 -5],[ 35  20 -35]
5376,352030,203050,305035,503520,[-20  40  25],[ 0 25 10],[10 45 -5],[ 40  25 -45]
5377,352040,20400,40035,03520,[-10   0 -45],[-50  35 -60],[-30  -5 -25],[  0 -45  55]
5378,352040,20405,40535,53520,[-10   5 -40],[-45  35 -55],[-25   0 -25],[  5 -40  45]
5379,352040,204010,401035,103520,[-10  10 -35],[-40  35 -50],[-20   5 -25],[ 10 -35  35]
5380,352040,204015,401535,153520,[-10  15 -30],[-35  35 -45],[-15  10 -25],[ 15 -30  25]
5381,352040,204025,402535,253520,[-10  25 -20],[-25  35 -35],[ -5  20 -25],[ 25 -20   5]
5382,352040,204030,403035,303520,[-10  30 -15],[-20  35 -30],[  0  25 -25],[ 30 -15  -5]
5383,352040,204045,404535,453520,[-10  45   0],[ -5  35 -15],[ 15  40 -25],[ 45   0 -35]
5384,352040,204050,405035,503520,[-10  50   5],[  0  35 -10],[ 20  45 -25],[ 50   5 -45]
5385,352045,20450,45035,03520,[-46  14  -5],[-50  -1 -20],[-66  45 -35],[-36  77 -45]
5386,352045,20455,45535,53520,[ -5  10 -50],[-45  40 -65],[-20   0 -35],[ 10 -50  45]
5387,352045,204510,451035,103520,[ -5  15 -45],[-40  40 -60],[-15   5 -35],[ 15 -45  35]
5388,352045,204515,451535,153520,[ -5  20 -40],[-35  40 -55],[-10  10 -35],[ 20 -40  25]
5389,352045,204525,452535,253520,[ -5  30 -30],[-25  40 -45],[  0  20 -35],[ 30 -30   5]
5390,352045,204530,453035,303520,[ -5  35 -25],[-20  40 -40],[  5  25 -35],[ 35 -25  -5]
5391,352045,204540,454035,403520,[ -5  45 -15],[-10  40 -30],[ 15  35 -35],[ 45 -15 -25]
5392,352045,204550,455035,503520,[-5 55 -5],[  0  40 -20],[ 25  45 -35],[ 55  -5 -45]
5393,352050,20500,50035,03520,[  0  10 -65],[-50  45 -80],[-20  -5 -45],[ 10 -65  55]
5394,352050,20505,50535,53520,[  0  15 -60],[-45  45 -75],[-15   0 -45],[ 15 -60  45]
5395,352050,205010,501035,103520,[  0  20 -55],[-40  45 -70],[-10   5 -45],[ 20 -55  35]
5396,352050,205015,501535,153520,[  0  25 -50],[-35  45 -65],[ -5  10 -45],[ 25 -50  25]
5397,352050,205025,502535,253520,[  0  35 -40],[-25  45 -55],[  5  20 -45],[ 35 -40   5]
5398,352050,205030,503035,303520,[  0  40 -35],[-20  45 -50],[ 10  25 -45],[ 40 -35  -5]
5399,352050,205040,504035,403520,[  0  50 -25],[-10  45 -40],[ 20  35 -45],[ 50 -25 -25]
5400,352050,205045,504535,453520,[  0  55 -20],[ -5  45 -35],[ 25  40 -45],[ 55 -20 -35]
5401,35250,2505,0535,53525,[-68  51 -60],[-63  81 -70],[-65  36 -40],[  1 -60  50]
5402,35250,25010,01035,103525,[-68  56 -55],[-58  81 -65],[-60  41 -40],[  6 -55  40]
5403,35250,25015,01535,153525,[-68  61 -50],[-53  81 -60],[-55  46 -40],[ 11 -50  30]
5404,35250,25020,02035,203525,[-68  66 -45],[-48  81 -55],[-50  51 -40],[ 16 -45  20]
5405,35250,25030,03035,303525,[-68  76 -35],[-38  81 -45],[-40  61 -40],[ 26 -35   0]
5406,35250,25040,04035,403525,[-68  86 -25],[-28  81 -35],[-30  71 -40],[ 36 -25 -20]
5407,35250,25045,04535,453525,[-68  91 -20],[-23  81 -30],[-25  76 -40],[ 41 -20 -30]
5408,35250,25050,05035,503525,[-68  96 -15],[-18  81 -25],[-20  81 -40],[ 46 -15 -40]
5409,35255,2550,5035,03525,[-63 -45  75],[-68 -10  65],[-65 -15  50],[  1  25 -40]
5410,35255,25510,51035,103525,[-40 -35  35],[-35 -10  25],[-55  -5  50],[-35  35  40]
5411,35255,25515,51535,153525,[-40 -30  40],[-30 -10  30],[-50   0  50],[-30  40  30]
5412,35255,25520,52035,203525,[-40 -25  45],[-25 -10  35],[-45   5  50],[-25  45  20]
5413,35255,25530,53035,303525,[-40 -15  55],[-15 -10  45],[-35  15  50],[-15  55   0]
5414,35255,25540,54035,403525,[-40  -5  65],[ -5 -10  55],[-25  25  50],[ -5  65 -20]
5415,35255,25545,54535,453525,[-40   0  70],[  0 -10  60],[-20  30  50],[  0  70 -30]
5416,35255,25550,55035,503525,[-40   5  75],[  5 -10  65],[-15  35  50],[  5  75 -40]
5417,352510,25100,10035,03525,[-35 -40  15],[-45  -5   5],[-60 -15  40],[-40  15  60]
5418,352510,25105,10535,53525,[-35 -35  20],[-40  -5  10],[-55 -10  40],[-35  20  50]
5419,352510,251015,101535,153525,[-35 -25  30],[-30  -5  20],[-45   0  40],[-25  30  30]
5420,352510,251020,102035,203525,[-35 -20  35],[-25  -5  25],[-40   5  40],[-20  35  20]
5421,352510,251030,103035,303525,[-35 -10  45],[-15  -5  35],[-30  15  40],[-10  45   0]
5422,352510,251040,104035,403525,[-35   0  55],[-5 -5 45],[-20  25  40],[  0  55 -20]
5423,352510,251045,104535,453525,[-35   5  60],[ 0 -5 50],[-15  30  40],[  5  60 -30]
5424,352510,251050,105035,503525,[-35  10  65],[ 5 -5 55],[-10  35  40],[ 10  65 -40]
5425,352515,25150,15035,03525,[-44   1  55],[-45 -14  45],[-69  35  30],[-49  83 -40]
5426,352515,25155,15535,53525,[-30 -30  10],[-40   0   0],[-50 -10  30],[-30  10  50]
5427,352515,251510,151035,103525,[-30 -25  15],[-35   0   5],[-45  -5  30],[-25  15  40]
5428,352515,251520,152035,203525,[-30 -15  25],[-25   0  15],[-35   5  30],[-15  25  20]
5429,352515,251530,153035,303525,[-30  -5  35],[-15   0  25],[-25  15  30],[-5 35  0]
5430,352515,251540,154035,403525,[-30   5  45],[-5  0 35],[-15  25  30],[  5  45 -20]
5431,352515,251545,154535,453525,[-30  10  50],[ 0  0 40],[-10  30  30],[ 10  50 -30]
5432,352515,251550,155035,503525,[-30  15  55],[ 5  0 45],[-5 35 30],[ 15  55 -40]
5433,352520,25200,20035,03525,[-25 -30  -5],[-45   5 -15],[-50 -15  20],[-30  -5  60]
5434,352520,25205,20535,53525,[-25 -25   0],[-40   5 -10],[-45 -10  20],[-25   0  50]
5435,352520,252010,201035,103525,[-25 -20   5],[-35   5  -5],[-40  -5  20],[-20   5  40]
5436,352520,252015,201535,153525,[-25 -15  10],[-30   5   0],[-35   0  20],[-15  10  30]
5437,352520,252030,203035,303525,[-25   0  25],[-15   5  15],[-20  15  20],[ 0 25  0]
5438,352520,252040,204035,403525,[-25  10  35],[-5  5 25],[-10  25  20],[ 10  35 -20]
5439,352520,252045,204535,453525,[-25  15  40],[ 0  5 30],[-5 30 20],[ 15  40 -30]
5440,352520,252050,205035,503525,[-25  20  45],[ 5  5 35],[ 0 35 20],[ 20  45 -40]
5441,352530,25300,30035,03525,[-15 -20 -25],[-45  15 -35],[-40 -15   0],[-20 -25  60]
5442,352530,25305,30535,53525,[-15 -15 -20],[-40  15 -30],[-35 -10   0],[-15 -20  50]
5443,352530,253010,301035,103525,[-15 -10 -15],[-35  15 -25],[-30  -5   0],[-10 -15  40]
5444,352530,253015,301535,153525,[-15  -5 -10],[-30  15 -20],[-25   0   0],[ -5 -10  30]
5445,352530,253020,302035,203525,[-15   0  -5],[-25  15 -15],[-20   5   0],[ 0 -5 20]
5446,352530,253040,304035,403525,[-15  20  15],[-5 15  5],[ 0 25  0],[ 20  15 -20]
5447,352530,253045,304535,453525,[-15  25  20],[ 0 15 10],[ 5 30  0],[ 25  20 -30]
5448,352530,253050,305035,503525,[-15  30  25],[ 5 15 15],[10 35  0],[ 30  25 -40]
5449,352540,25400,40035,03525,[ -5 -10 -45],[-45  25 -55],[-30 -15 -20],[-10 -45  60]
5450,352540,25405,40535,53525,[ -5  -5 -40],[-40  25 -50],[-25 -10 -20],[ -5 -40  50]
5451,352540,254010,401035,103525,[ -5   0 -35],[-35  25 -45],[-20  -5 -20],[  0 -35  40]
5452,352540,254015,401535,153525,[ -5   5 -30],[-30  25 -40],[-15   0 -20],[  5 -30  30]
5453,352540,254020,402035,203525,[ -5  10 -25],[-25  25 -35],[-10   5 -20],[ 10 -25  20]
5454,352540,254030,403035,303525,[ -5  20 -15],[-15  25 -25],[  0  15 -20],[ 20 -15   0]
5455,352540,254045,404535,453525,[-5 35  0],[  0  25 -10],[ 15  30 -20],[ 35   0 -30]
5456,352540,254050,405035,503525,[-5 40  5],[ 5 25 -5],[ 20  35 -20],[ 40   5 -40]
5457,352545,25450,45035,03525,[-41   4  -5],[-45 -11 -15],[-66  35 -30],[-46  77 -40]
5458,352545,25455,45535,53525,[  0   0 -50],[-40  30 -60],[-20 -10 -30],[  0 -50  50]
5459,352545,254510,451035,103525,[  0   5 -45],[-35  30 -55],[-15  -5 -30],[  5 -45  40]
5460,352545,254515,451535,153525,[  0  10 -40],[-30  30 -50],[-10   0 -30],[ 10 -40  30]
5461,352545,254520,452035,203525,[  0  15 -35],[-25  30 -45],[ -5   5 -30],[ 15 -35  20]
5462,352545,254530,453035,303525,[  0  25 -25],[-15  30 -35],[  5  15 -30],[ 25 -25   0]
5463,352545,254540,454035,403525,[  0  35 -15],[ -5  30 -25],[ 15  25 -30],[ 35 -15 -20]
5464,352545,254550,455035,503525,[ 0 45 -5],[  5  30 -15],[ 25  35 -30],[ 45  -5 -40]
5465,352550,25500,50035,03525,[  5   0 -65],[-45  35 -75],[-20 -15 -40],[  0 -65  60]
5466,352550,25505,50535,53525,[  5   5 -60],[-40  35 -70],[-15 -10 -40],[  5 -60  50]
5467,352550,255010,501035,103525,[  5  10 -55],[-35  35 -65],[-10  -5 -40],[ 10 -55  40]
5468,352550,255015,501535,153525,[  5  15 -50],[-30  35 -60],[ -5   0 -40],[ 15 -50  30]
5469,352550,255020,502035,203525,[  5  20 -45],[-25  35 -55],[  0   5 -40],[ 20 -45  20]
5470,352550,255030,503035,303525,[  5  30 -35],[-15  35 -45],[ 10  15 -40],[ 30 -35   0]
5471,352550,255040,504035,403525,[  5  40 -25],[ -5  35 -35],[ 20  25 -40],[ 40 -25 -20]
5472,352550,255045,504535,453525,[  5  45 -20],[  0  35 -30],[ 25  30 -40],[ 45 -20 -30]
5473,35300,3005,0535,53530,[-40 -55  40],[-35 -25  35],[-65 -20  65],[-55  40  55]
5474,35300,30010,01035,103530,[-40 -50  45],[-30 -25  40],[-60 -15  65],[-50  45  45]
5475,35300,30015,01535,153530,[-40 -45  50],[-25 -25  45],[-55 -10  65],[-45  50  35]
5476,35300,30020,02035,203530,[-40 -40  55],[-20 -25  50],[-50  -5  65],[-40  55  25]
5477,35300,30025,02535,253530,[-40 -35  60],[-15 -25  55],[-45   0  65],[-35  60  15]
5478,35300,30040,04035,403530,[-40 -20  75],[  0 -25  70],[-30  15  65],[-20  75 -15]
5479,35300,30045,04535,453530,[-40 -15  80],[  5 -25  75],[-25  20  65],[-15  80 -25]
5480,35300,30050,05035,503530,[-40 -10  85],[ 10 -25  80],[-20  25  65],[-10  85 -35]
5481,35305,3050,5035,03530,[-62 -60  75],[-67 -25  70],[-65 -25  55],[ -1  35 -35]
5482,35305,30510,51035,103530,[-35 -45  35],[-30 -20  30],[-55 -15  55],[-45  35  45]
5483,35305,30515,51535,153530,[-35 -40  40],[-25 -20  35],[-50 -10  55],[-40  40  35]
5484,35305,30520,52035,203530,[-35 -35  45],[-20 -20  40],[-45  -5  55],[-35  45  25]
5485,35305,30525,52535,253530,[-35 -30  50],[-15 -20  45],[-40   0  55],[-30  50  15]
5486,35305,30540,54035,403530,[-35 -15  65],[  0 -20  60],[-25  15  55],[-15  65 -15]
5487,35305,30545,54535,453530,[-35 -10  70],[  5 -20  65],[-20  20  55],[-10  70 -25]
5488,35305,30550,55035,503530,[-35  -5  75],[ 10 -20  70],[-15  25  55],[ -5  75 -35]
5489,353010,30100,10035,03530,[-30 -50  15],[-40 -15  10],[-60 -25  45],[-50  15  65]
5490,353010,30105,10535,53530,[-30 -45  20],[-35 -15  15],[-55 -20  45],[-45  20  55]
5491,353010,301015,101535,153530,[-30 -35  30],[-25 -15  25],[-45 -10  45],[-35  30  35]
5492,353010,301020,102035,203530,[-30 -30  35],[-20 -15  30],[-40  -5  45],[-30  35  25]
5493,353010,301025,102535,253530,[-30 -25  40],[-15 -15  35],[-35   0  45],[-25  40  15]
5494,353010,301040,104035,403530,[-30 -10  55],[  0 -15  50],[-20  15  45],[-10  55 -15]
5495,353010,301045,104535,453530,[-30  -5  60],[  5 -15  55],[-15  20  45],[ -5  60 -25]
5496,353010,301050,105035,503530,[-30   0  65],[ 10 -15  60],[-10  25  45],[  0  65 -35]
5497,353015,30150,15035,03530,[-39  -9  55],[-40 -24  50],[-69  25  35],[-59  83 -35]
5498,353015,30155,15535,53530,[-25 -40  10],[-35 -10   5],[-50 -20  35],[-40  10  55]
5499,353015,301510,151035,103530,[-25 -35  15],[-30 -10  10],[-45 -15  35],[-35  15  45]
5500,353015,301520,152035,203530,[-25 -25  25],[-20 -10  20],[-35  -5  35],[-25  25  25]
5501,353015,301525,152535,253530,[-25 -20  30],[-15 -10  25],[-30   0  35],[-20  30  15]
5502,353015,301540,154035,403530,[-25  -5  45],[  0 -10  40],[-15  15  35],[ -5  45 -15]
5503,353015,301545,154535,453530,[-25   0  50],[  5 -10  45],[-10  20  35],[  0  50 -25]
5504,353015,301550,155035,503530,[-25   5  55],[ 10 -10  50],[-5 25 35],[  5  55 -35]
5505,353020,30200,20035,03530,[-20 -40  -5],[-40  -5 -10],[-50 -25  25],[-40  -5  65]
5506,353020,30205,20535,53530,[-20 -35   0],[-35  -5  -5],[-45 -20  25],[-35   0  55]
5507,353020,302010,201035,103530,[-20 -30   5],[-30  -5   0],[-40 -15  25],[-30   5  45]
5508,353020,302015,201535,153530,[-20 -25  10],[-25  -5   5],[-35 -10  25],[-25  10  35]
5509,353020,302025,202535,253530,[-20 -15  20],[-15  -5  15],[-25   0  25],[-15  20  15]
5510,353020,302040,204035,403530,[-20   0  35],[ 0 -5 30],[-10  15  25],[  0  35 -15]
5511,353020,302045,204535,453530,[-20   5  40],[ 5 -5 35],[-5 20 25],[  5  40 -25]
5512,353020,302050,205035,503530,[-20  10  45],[10 -5 40],[ 0 25 25],[ 10  45 -35]
5513,353025,30250,25035,03530,[-38  -8  35],[-40 -23  30],[-68  25  15],[-58  81 -35]
5514,353025,30255,25535,53530,[-15 -30 -10],[-35   0 -15],[-40 -20  15],[-30 -10  55]
5515,353025,302510,251035,103530,[-15 -25  -5],[-30   0 -10],[-35 -15  15],[-25  -5  45]
5516,353025,302515,251535,153530,[-15 -20   0],[-25   0  -5],[-30 -10  15],[-20   0  35]
5517,353025,302520,252035,203530,[-15 -15   5],[-20   0   0],[-25  -5  15],[-15   5  25]
5518,353025,302540,254035,403530,[-15   5  25],[ 0  0 20],[-5 15 15],[  5  25 -15]
5519,353025,302545,254535,453530,[-15  10  30],[ 5  0 25],[ 0 20 15],[ 10  30 -25]
5520,353025,302550,255035,503530,[-15  15  35],[10  0 30],[ 5 25 15],[ 15  35 -35]
5521,353040,30400,40035,03530,[  0 -20 -45],[-40  15 -50],[-30 -25 -15],[-20 -45  65]
5522,353040,30405,40535,53530,[  0 -15 -40],[-35  15 -45],[-25 -20 -15],[-15 -40  55]
5523,353040,304010,401035,103530,[  0 -10 -35],[-30  15 -40],[-20 -15 -15],[-10 -35  45]
5524,353040,304015,401535,153530,[  0  -5 -30],[-25  15 -35],[-15 -10 -15],[ -5 -30  35]
5525,353040,304020,402035,203530,[  0   0 -25],[-20  15 -30],[-10  -5 -15],[  0 -25  25]
5526,353040,304025,402535,253530,[  0   5 -20],[-15  15 -25],[ -5   0 -15],[  5 -20  15]
5527,353040,304045,404535,453530,[ 0 25  0],[ 5 15 -5],[ 15  20 -15],[ 25   0 -25]
5528,353040,304050,405035,503530,[ 0 30  5],[10 15  0],[ 20  25 -15],[ 30   5 -35]
5529,353045,30450,45035,03530,[-36  -6  -5],[-40 -21 -10],[-66  25 -25],[-56  77 -35]
5530,353045,30455,45535,53530,[  5 -10 -50],[-35  20 -55],[-20 -20 -25],[-10 -50  55]
5531,353045,304510,451035,103530,[  5  -5 -45],[-30  20 -50],[-15 -15 -25],[ -5 -45  45]
5532,353045,304515,451535,153530,[  5   0 -40],[-25  20 -45],[-10 -10 -25],[  0 -40  35]
5533,353045,304520,452035,203530,[  5   5 -35],[-20  20 -40],[ -5  -5 -25],[  5 -35  25]
5534,353045,304525,452535,253530,[  5  10 -30],[-15  20 -35],[  0   0 -25],[ 10 -30  15]
5535,353045,304540,454035,403530,[  5  25 -15],[  0  20 -20],[ 15  15 -25],[ 25 -15 -15]
5536,353045,304550,455035,503530,[ 5 35 -5],[ 10  20 -10],[ 25  25 -25],[ 35  -5 -35]
5537,353050,30500,50035,03530,[ 10 -10 -65],[-40  25 -70],[-20 -25 -35],[-10 -65  65]
5538,353050,30505,50535,53530,[ 10  -5 -60],[-35  25 -65],[-15 -20 -35],[ -5 -60  55]
5539,353050,305010,501035,103530,[ 10   0 -55],[-30  25 -60],[-10 -15 -35],[  0 -55  45]
5540,353050,305015,501535,153530,[ 10   5 -50],[-25  25 -55],[ -5 -10 -35],[  5 -50  35]
5541,353050,305020,502035,203530,[ 10  10 -45],[-20  25 -50],[  0  -5 -35],[ 10 -45  25]
5542,353050,305025,502535,253530,[ 10  15 -40],[-15  25 -45],[  5   0 -35],[ 15 -40  15]
5543,353050,305040,504035,403530,[ 10  30 -25],[  0  25 -30],[ 20  15 -35],[ 30 -25 -15]
5544,353050,305045,504535,453530,[ 10  35 -20],[  5  25 -25],[ 25  20 -35],[ 35 -20 -25]
5545,35400,4005,0535,53540,[-30 -75  40],[-25 -45  45],[-65 -40  75],[-75  40  65]
5546,35400,40010,01035,103540,[-30 -70  45],[-20 -45  50],[-60 -35  75],[-70  45  55]
5547,35400,40015,01535,153540,[-30 -65  50],[-15 -45  55],[-55 -30  75],[-65  50  45]
5548,35400,40020,02035,203540,[-30 -60  55],[-10 -45  60],[-50 -25  75],[-60  55  35]
5549,35400,40025,02535,253540,[-30 -55  60],[ -5 -45  65],[-45 -20  75],[-55  60  25]
5550,35400,40030,03035,303540,[-30 -50  65],[  0 -45  70],[-40 -15  75],[-50  65  15]
5551,35400,40045,04535,453540,[-30 -35  80],[ 15 -45  85],[-25   0  75],[-35  80 -15]
5552,35400,40050,05035,503540,[-30 -30  85],[ 20 -45  90],[-20   5  75],[-30  85 -25]
5553,35405,4050,5035,03540,[-61 -80  75],[-66 -45  80],[-65 -45  65],[ -3  35 -25]
5554,35405,40510,51035,103540,[-25 -65  35],[-20 -40  40],[-55 -35  65],[-65  35  55]
5555,35405,40515,51535,153540,[-25 -60  40],[-15 -40  45],[-50 -30  65],[-60  40  45]
5556,35405,40520,52035,203540,[-25 -55  45],[-10 -40  50],[-45 -25  65],[-55  45  35]
5557,35405,40525,52535,253540,[-25 -50  50],[ -5 -40  55],[-40 -20  65],[-50  50  25]
5558,35405,40530,53035,303540,[-25 -45  55],[  0 -40  60],[-35 -15  65],[-45  55  15]
5559,35405,40545,54535,453540,[-25 -30  70],[ 15 -40  75],[-20   0  65],[-30  70 -15]
5560,35405,40550,55035,503540,[-25 -25  75],[ 20 -40  80],[-15   5  65],[-25  75 -25]
5561,354010,40100,10035,03540,[-20 -70  15],[-30 -35  20],[-60 -45  55],[-70  15  75]
5562,354010,40105,10535,53540,[-20 -65  20],[-25 -35  25],[-55 -40  55],[-65  20  65]
5563,354010,401015,101535,153540,[-20 -55  30],[-15 -35  35],[-45 -30  55],[-55  30  45]
5564,354010,401020,102035,203540,[-20 -50  35],[-10 -35  40],[-40 -25  55],[-50  35  35]
5565,354010,401025,102535,253540,[-20 -45  40],[ -5 -35  45],[-35 -20  55],[-45  40  25]
5566,354010,401030,103035,303540,[-20 -40  45],[  0 -35  50],[-30 -15  55],[-40  45  15]
5567,354010,401045,104535,453540,[-20 -25  60],[ 15 -35  65],[-15   0  55],[-25  60 -15]
5568,354010,401050,105035,503540,[-20 -20  65],[ 20 -35  70],[-10   5  55],[-20  65 -25]
5569,354015,40150,15035,03540,[-29 -29  55],[-30 -44  60],[-69   5  45],[-79  83 -25]
5570,354015,40155,15535,53540,[-15 -60  10],[-25 -30  15],[-50 -40  45],[-60  10  65]
5571,354015,401510,151035,103540,[-15 -55  15],[-20 -30  20],[-45 -35  45],[-55  15  55]
5572,354015,401520,152035,203540,[-15 -45  25],[-10 -30  30],[-35 -25  45],[-45  25  35]
5573,354015,401525,152535,253540,[-15 -40  30],[ -5 -30  35],[-30 -20  45],[-40  30  25]
5574,354015,401530,153035,303540,[-15 -35  35],[  0 -30  40],[-25 -15  45],[-35  35  15]
5575,354015,401545,154535,453540,[-15 -20  50],[ 15 -30  55],[-10   0  45],[-20  50 -15]
5576,354015,401550,155035,503540,[-15 -15  55],[ 20 -30  60],[-5  5 45],[-15  55 -25]
5577,354020,40200,20035,03540,[-10 -60  -5],[-30 -25   0],[-50 -45  35],[-60  -5  75]
5578,354020,40205,20535,53540,[-10 -55   0],[-25 -25   5],[-45 -40  35],[-55   0  65]
5579,354020,402010,201035,103540,[-10 -50   5],[-20 -25  10],[-40 -35  35],[-50   5  55]
5580,354020,402015,201535,153540,[-10 -45  10],[-15 -25  15],[-35 -30  35],[-45  10  45]
5581,354020,402025,202535,253540,[-10 -35  20],[ -5 -25  25],[-25 -20  35],[-35  20  25]
5582,354020,402030,203035,303540,[-10 -30  25],[  0 -25  30],[-20 -15  35],[-30  25  15]
5583,354020,402045,204535,453540,[-10 -15  40],[ 15 -25  45],[-5  0 35],[-15  40 -15]
5584,354020,402050,205035,503540,[-10 -10  45],[ 20 -25  50],[ 0  5 35],[-10  45 -25]
5585,354025,40250,25035,03540,[-28 -28  35],[-30 -43  40],[-68   5  25],[-78  81 -25]
5586,354025,40255,25535,53540,[ -5 -50 -10],[-25 -20  -5],[-40 -40  25],[-50 -10  65]
5587,354025,402510,251035,103540,[ -5 -45  -5],[-20 -20   0],[-35 -35  25],[-45  -5  55]
5588,354025,402515,251535,153540,[ -5 -40   0],[-15 -20   5],[-30 -30  25],[-40   0  45]
5589,354025,402520,252035,203540,[ -5 -35   5],[-10 -20  10],[-25 -25  25],[-35   5  35]
5590,354025,402530,253035,303540,[ -5 -25  15],[  0 -20  20],[-15 -15  25],[-25  15  15]
5591,354025,402545,254535,453540,[ -5 -10  30],[ 15 -20  35],[ 0  0 25],[-10  30 -15]
5592,354025,402550,255035,503540,[-5 -5 35],[ 20 -20  40],[ 5  5 25],[ -5  35 -25]
5593,354030,40300,30035,03540,[  0 -50 -25],[-30 -15 -20],[-40 -45  15],[-50 -25  75]
5594,354030,40305,30535,53540,[  0 -45 -20],[-25 -15 -15],[-35 -40  15],[-45 -20  65]
5595,354030,403010,301035,103540,[  0 -40 -15],[-20 -15 -10],[-30 -35  15],[-40 -15  55]
5596,354030,403015,301535,153540,[  0 -35 -10],[-15 -15  -5],[-25 -30  15],[-35 -10  45]
5597,354030,403020,302035,203540,[  0 -30  -5],[-10 -15   0],[-20 -25  15],[-30  -5  35]
5598,354030,403025,302535,253540,[  0 -25   0],[ -5 -15   5],[-15 -20  15],[-25   0  25]
5599,354030,403045,304535,453540,[ 0 -5 20],[ 15 -15  25],[ 5  0 15],[ -5  20 -15]
5600,354030,403050,305035,503540,[ 0  0 25],[ 20 -15  30],[10  5 15],[  0  25 -25]
5601,354045,40450,45035,03540,[-26 -26  -5],[-30 -41   0],[-66   5 -15],[-76  77 -25]
5602,354045,40455,45535,53540,[ 15 -30 -50],[-25   0 -45],[-20 -40 -15],[-30 -50  65]
5603,354045,404510,451035,103540,[ 15 -25 -45],[-20   0 -40],[-15 -35 -15],[-25 -45  55]
5604,354045,404515,451535,153540,[ 15 -20 -40],[-15   0 -35],[-10 -30 -15],[-20 -40  45]
5605,354045,404520,452035,203540,[ 15 -15 -35],[-10   0 -30],[ -5 -25 -15],[-15 -35  35]
5606,354045,404525,452535,253540,[ 15 -10 -30],[ -5   0 -25],[  0 -20 -15],[-10 -30  25]
5607,354045,404530,453035,303540,[ 15  -5 -25],[  0   0 -20],[  5 -15 -15],[ -5 -25  15]
5608,354045,404550,455035,503540,[15 15 -5],[20  0  0],[ 25   5 -15],[ 15  -5 -25]
5609,354050,40500,50035,03540,[ 20 -30 -65],[-30   5 -60],[-20 -45 -25],[-30 -65  75]
5610,354050,40505,50535,53540,[ 20 -25 -60],[-25   5 -55],[-15 -40 -25],[-25 -60  65]
5611,354050,405010,501035,103540,[ 20 -20 -55],[-20   5 -50],[-10 -35 -25],[-20 -55  55]
5612,354050,405015,501535,153540,[ 20 -15 -50],[-15   5 -45],[ -5 -30 -25],[-15 -50  45]
5613,354050,405020,502035,203540,[ 20 -10 -45],[-10   5 -40],[  0 -25 -25],[-10 -45  35]
5614,354050,405025,502535,253540,[ 20  -5 -40],[ -5   5 -35],[  5 -20 -25],[ -5 -40  25]
5615,354050,405030,503035,303540,[ 20   0 -35],[  0   5 -30],[ 10 -15 -25],[  0 -35  15]
5616,354050,405045,504535,453540,[ 20  15 -20],[ 15   5 -15],[ 25   0 -25],[ 15 -20 -15]
5617,35450,4505,0535,53545,[-66  47 -60],[-61  77 -50],[-65  32 -20],[ -3 -60  70]
5618,35450,45010,01035,103545,[-66  52 -55],[-56  77 -45],[-60  37 -20],[  2 -55  60]
5619,35450,45015,01535,153545,[-66  57 -50],[-51  77 -40],[-55  42 -20],[  7 -50  50]
5620,35450,45020,02035,203545,[-66  62 -45],[-46  77 -35],[-50  47 -20],[ 12 -45  40]
5621,35450,45025,02535,253545,[-66  67 -40],[-41  77 -30],[-45  52 -20],[ 17 -40  30]
5622,35450,45030,03035,303545,[-66  72 -35],[-36  77 -25],[-40  57 -20],[ 22 -35  20]
5623,35450,45040,04035,403545,[-66  82 -25],[-26  77 -15],[-30  67 -20],[ 32 -25   0]
5624,35450,45050,05035,503545,[-66  92 -15],[-16  77  -5],[-20  77 -20],[ 42 -15 -20]
5625,35455,4550,5035,03545,[-61 -85  75],[-66 -50  85],[-65 -55  70],[ -3  25 -20]
5626,35455,45510,51035,103545,[-20 -75  35],[-15 -50  45],[-55 -45  70],[-75  35  60]
5627,35455,45515,51535,153545,[-20 -70  40],[-10 -50  50],[-50 -40  70],[-70  40  50]
5628,35455,45520,52035,203545,[-20 -65  45],[ -5 -50  55],[-45 -35  70],[-65  45  40]
5629,35455,45525,52535,253545,[-20 -60  50],[  0 -50  60],[-40 -30  70],[-60  50  30]
5630,35455,45530,53035,303545,[-20 -55  55],[  5 -50  65],[-35 -25  70],[-55  55  20]
5631,35455,45540,54035,403545,[-20 -45  65],[ 15 -50  75],[-25 -15  70],[-45  65   0]
5632,35455,45550,55035,503545,[-20 -35  75],[ 25 -50  85],[-15  -5  70],[-35  75 -20]
5633,354510,45100,10035,03545,[-15 -80  15],[-25 -45  25],[-60 -55  60],[-80  15  80]
5634,354510,45105,10535,53545,[-15 -75  20],[-20 -45  30],[-55 -50  60],[-75  20  70]
5635,354510,451015,101535,153545,[-15 -65  30],[-10 -45  40],[-45 -40  60],[-65  30  50]
5636,354510,451020,102035,203545,[-15 -60  35],[ -5 -45  45],[-40 -35  60],[-60  35  40]
5637,354510,451025,102535,253545,[-15 -55  40],[  0 -45  50],[-35 -30  60],[-55  40  30]
5638,354510,451030,103035,303545,[-15 -50  45],[  5 -45  55],[-30 -25  60],[-50  45  20]
5639,354510,451040,104035,403545,[-15 -40  55],[ 15 -45  65],[-20 -15  60],[-40  55   0]
5640,354510,451050,105035,503545,[-15 -30  65],[ 25 -45  75],[-10  -5  60],[-30  65 -20]
5641,354515,45150,15035,03545,[-24 -39  55],[-25 -54  65],[-69  -5  50],[-89  83 -20]
5642,354515,45155,15535,53545,[-10 -70  10],[-20 -40  20],[-50 -50  50],[-70  10  70]
5643,354515,451510,151035,103545,[-10 -65  15],[-15 -40  25],[-45 -45  50],[-65  15  60]
5644,354515,451520,152035,203545,[-10 -55  25],[ -5 -40  35],[-35 -35  50],[-55  25  40]
5645,354515,451525,152535,253545,[-10 -50  30],[  0 -40  40],[-30 -30  50],[-50  30  30]
5646,354515,451530,153035,303545,[-10 -45  35],[  5 -40  45],[-25 -25  50],[-45  35  20]
5647,354515,451540,154035,403545,[-10 -35  45],[ 15 -40  55],[-15 -15  50],[-35  45   0]
5648,354515,451550,155035,503545,[-10 -25  55],[ 25 -40  65],[-5 -5 50],[-25  55 -20]
5649,354520,45200,20035,03545,[ -5 -70  -5],[-25 -35   5],[-50 -55  40],[-70  -5  80]
5650,354520,45205,20535,53545,[ -5 -65   0],[-20 -35  10],[-45 -50  40],[-65   0  70]
5651,354520,452010,201035,103545,[ -5 -60   5],[-15 -35  15],[-40 -45  40],[-60   5  60]
5652,354520,452015,201535,153545,[ -5 -55  10],[-10 -35  20],[-35 -40  40],[-55  10  50]
5653,354520,452025,202535,253545,[ -5 -45  20],[  0 -35  30],[-25 -30  40],[-45  20  30]
5654,354520,452030,203035,303545,[ -5 -40  25],[  5 -35  35],[-20 -25  40],[-40  25  20]
5655,354520,452040,204035,403545,[ -5 -30  35],[ 15 -35  45],[-10 -15  40],[-30  35   0]
5656,354520,452050,205035,503545,[ -5 -20  45],[ 25 -35  55],[ 0 -5 40],[-20  45 -20]
5657,354525,45250,25035,03545,[-23 -38  35],[-25 -53  45],[-68  -5  30],[-88  81 -20]
5658,354525,45255,25535,53545,[  0 -60 -10],[-20 -30   0],[-40 -50  30],[-60 -10  70]
5659,354525,452510,251035,103545,[  0 -55  -5],[-15 -30   5],[-35 -45  30],[-55  -5  60]
5660,354525,452515,251535,153545,[  0 -50   0],[-10 -30  10],[-30 -40  30],[-50   0  50]
5661,354525,452520,252035,203545,[  0 -45   5],[ -5 -30  15],[-25 -35  30],[-45   5  40]
5662,354525,452530,253035,303545,[  0 -35  15],[  5 -30  25],[-15 -25  30],[-35  15  20]
5663,354525,452540,254035,403545,[  0 -25  25],[ 15 -30  35],[ -5 -15  30],[-25  25   0]
5664,354525,452550,255035,503545,[  0 -15  35],[ 25 -30  45],[ 5 -5 30],[-15  35 -20]
5665,354530,45300,30035,03545,[  5 -60 -25],[-25 -25 -15],[-40 -55  20],[-60 -25  80]
5666,354530,45305,30535,53545,[  5 -55 -20],[-20 -25 -10],[-35 -50  20],[-55 -20  70]
5667,354530,453010,301035,103545,[  5 -50 -15],[-15 -25  -5],[-30 -45  20],[-50 -15  60]
5668,354530,453015,301535,153545,[  5 -45 -10],[-10 -25   0],[-25 -40  20],[-45 -10  50]
5669,354530,453020,302035,203545,[  5 -40  -5],[ -5 -25   5],[-20 -35  20],[-40  -5  40]
5670,354530,453025,302535,253545,[  5 -35   0],[  0 -25  10],[-15 -30  20],[-35   0  30]
5671,354530,453040,304035,403545,[  5 -20  15],[ 15 -25  25],[  0 -15  20],[-20  15   0]
5672,354530,453050,305035,503545,[  5 -10  25],[ 25 -25  35],[10 -5 20],[-10  25 -20]
5673,354540,45400,40035,03545,[ 15 -50 -45],[-25 -15 -35],[-30 -55   0],[-50 -45  80]
5674,354540,45405,40535,53545,[ 15 -45 -40],[-20 -15 -30],[-25 -50   0],[-45 -40  70]
5675,354540,454010,401035,103545,[ 15 -40 -35],[-15 -15 -25],[-20 -45   0],[-40 -35  60]
5676,354540,454015,401535,153545,[ 15 -35 -30],[-10 -15 -20],[-15 -40   0],[-35 -30  50]
5677,354540,454020,402035,203545,[ 15 -30 -25],[ -5 -15 -15],[-10 -35   0],[-30 -25  40]
5678,354540,454025,402535,253545,[ 15 -25 -20],[  0 -15 -10],[ -5 -30   0],[-25 -20  30]
5679,354540,454030,403035,303545,[ 15 -20 -15],[  5 -15  -5],[  0 -25   0],[-20 -15  20]
5680,354540,454050,405035,503545,[15  0  5],[ 25 -15  15],[20 -5  0],[  0   5 -20]
5681,354550,45500,50035,03545,[ 25 -40 -65],[-25  -5 -55],[-20 -55 -20],[-40 -65  80]
5682,354550,45505,50535,53545,[ 25 -35 -60],[-20  -5 -50],[-15 -50 -20],[-35 -60  70]
5683,354550,455010,501035,103545,[ 25 -30 -55],[-15  -5 -45],[-10 -45 -20],[-30 -55  60]
5684,354550,455015,501535,153545,[ 25 -25 -50],[-10  -5 -40],[ -5 -40 -20],[-25 -50  50]
5685,354550,455020,502035,203545,[ 25 -20 -45],[ -5  -5 -35],[  0 -35 -20],[-20 -45  40]
5686,354550,455025,502535,253545,[ 25 -15 -40],[  0  -5 -30],[  5 -30 -20],[-15 -40  30]
5687,354550,455030,503035,303545,[ 25 -10 -35],[  5  -5 -25],[ 10 -25 -20],[-10 -35  20]
5688,354550,455040,504035,403545,[ 25   0 -25],[ 15  -5 -15],[ 20 -15 -20],[  0 -25   0]
5689,35500,5005,0535,53550,[-20 -95  40],[-15 -65  55],[-65 -60  85],[-95  40  75]
5690,35500,50010,01035,103550,[-20 -90  45],[-10 -65  60],[-60 -55  85],[-90  45  65]
5691,35500,50015,01535,153550,[-20 -85  50],[ -5 -65  65],[-55 -50  85],[-85  50  55]
5692,35500,50020,02035,203550,[-20 -80  55],[  0 -65  70],[-50 -45  85],[-80  55  45]
5693,35500,50025,02535,253550,[-20 -75  60],[  5 -65  75],[-45 -40  85],[-75  60  35]
5694,35500,50030,03035,303550,[-20 -70  65],[ 10 -65  80],[-40 -35  85],[-70  65  25]
5695,35500,50040,04035,403550,[-20 -60  75],[ 20 -65  90],[-30 -25  85],[-60  75   5]
5696,35500,50045,04535,453550,[-20 -55  80],[ 25 -65  95],[-25 -20  85],[-55  80  -5]
5697,35505,5050,5035,03550,[ -60 -100   75],[-65 -65  90],[-65 -65  75],[ -5  35 -15]
5698,35505,50510,51035,103550,[-15 -85  35],[-10 -60  50],[-55 -55  75],[-85  35  65]
5699,35505,50515,51535,153550,[-15 -80  40],[ -5 -60  55],[-50 -50  75],[-80  40  55]
5700,35505,50520,52035,203550,[-15 -75  45],[  0 -60  60],[-45 -45  75],[-75  45  45]
5701,35505,50525,52535,253550,[-15 -70  50],[  5 -60  65],[-40 -40  75],[-70  50  35]
5702,35505,50530,53035,303550,[-15 -65  55],[ 10 -60  70],[-35 -35  75],[-65  55  25]
5703,35505,50540,54035,403550,[-15 -55  65],[ 20 -60  80],[-25 -25  75],[-55  65   5]
5704,35505,50545,54535,453550,[-15 -50  70],[ 25 -60  85],[-20 -20  75],[-50  70  -5]
5705,355010,50100,10035,03550,[-10 -90  15],[-20 -55  30],[-60 -65  65],[-90  15  85]
5706,355010,50105,10535,53550,[-10 -85  20],[-15 -55  35],[-55 -60  65],[-85  20  75]
5707,355010,501015,101535,153550,[-10 -75  30],[ -5 -55  45],[-45 -50  65],[-75  30  55]
5708,355010,501020,102035,203550,[-10 -70  35],[  0 -55  50],[-40 -45  65],[-70  35  45]
5709,355010,501025,102535,253550,[-10 -65  40],[  5 -55  55],[-35 -40  65],[-65  40  35]
5710,355010,501030,103035,303550,[-10 -60  45],[ 10 -55  60],[-30 -35  65],[-60  45  25]
5711,355010,501040,104035,403550,[-10 -50  55],[ 20 -55  70],[-20 -25  65],[-50  55   5]
5712,355010,501045,104535,453550,[-10 -45  60],[ 25 -55  75],[-15 -20  65],[-45  60  -5]
5713,355015,50150,15035,03550,[-19 -49  55],[-20 -64  70],[-69 -15  55],[-99  83 -15]
5714,355015,50155,15535,53550,[ -5 -80  10],[-15 -50  25],[-50 -60  55],[-80  10  75]
5715,355015,501510,151035,103550,[ -5 -75  15],[-10 -50  30],[-45 -55  55],[-75  15  65]
5716,355015,501520,152035,203550,[ -5 -65  25],[  0 -50  40],[-35 -45  55],[-65  25  45]
5717,355015,501525,152535,253550,[ -5 -60  30],[  5 -50  45],[-30 -40  55],[-60  30  35]
5718,355015,501530,153035,303550,[ -5 -55  35],[ 10 -50  50],[-25 -35  55],[-55  35  25]
5719,355015,501540,154035,403550,[ -5 -45  45],[ 20 -50  60],[-15 -25  55],[-45  45   5]
5720,355015,501545,154535,453550,[ -5 -40  50],[ 25 -50  65],[-10 -20  55],[-40  50  -5]
5721,355020,50200,20035,03550,[  0 -80  -5],[-20 -45  10],[-50 -65  45],[-80  -5  85]
5722,355020,50205,20535,53550,[  0 -75   0],[-15 -45  15],[-45 -60  45],[-75   0  75]
5723,355020,502010,201035,103550,[  0 -70   5],[-10 -45  20],[-40 -55  45],[-70   5  65]
5724,355020,502015,201535,153550,[  0 -65  10],[ -5 -45  25],[-35 -50  45],[-65  10  55]
5725,355020,502025,202535,253550,[  0 -55  20],[  5 -45  35],[-25 -40  45],[-55  20  35]
5726,355020,502030,203035,303550,[  0 -50  25],[ 10 -45  40],[-20 -35  45],[-50  25  25]
5727,355020,502040,204035,403550,[  0 -40  35],[ 20 -45  50],[-10 -25  45],[-40  35   5]
5728,355020,502045,204535,453550,[  0 -35  40],[ 25 -45  55],[ -5 -20  45],[-35  40  -5]
5729,355025,50250,25035,03550,[-18 -48  35],[-20 -63  50],[-68 -15  35],[-98  81 -15]
5730,355025,50255,25535,53550,[  5 -70 -10],[-15 -40   5],[-40 -60  35],[-70 -10  75]
5731,355025,502510,251035,103550,[  5 -65  -5],[-10 -40  10],[-35 -55  35],[-65  -5  65]
5732,355025,502515,251535,153550,[  5 -60   0],[ -5 -40  15],[-30 -50  35],[-60   0  55]
5733,355025,502520,252035,203550,[  5 -55   5],[  0 -40  20],[-25 -45  35],[-55   5  45]
5734,355025,502530,253035,303550,[  5 -45  15],[ 10 -40  30],[-15 -35  35],[-45  15  25]
5735,355025,502540,254035,403550,[  5 -35  25],[ 20 -40  40],[ -5 -25  35],[-35  25   5]
5736,355025,502545,254535,453550,[  5 -30  30],[ 25 -40  45],[  0 -20  35],[-30  30  -5]
5737,355030,50300,30035,03550,[ 10 -70 -25],[-20 -35 -10],[-40 -65  25],[-70 -25  85]
5738,355030,50305,30535,53550,[ 10 -65 -20],[-15 -35  -5],[-35 -60  25],[-65 -20  75]
5739,355030,503010,301035,103550,[ 10 -60 -15],[-10 -35   0],[-30 -55  25],[-60 -15  65]
5740,355030,503015,301535,153550,[ 10 -55 -10],[ -5 -35   5],[-25 -50  25],[-55 -10  55]
5741,355030,503020,302035,203550,[ 10 -50  -5],[  0 -35  10],[-20 -45  25],[-50  -5  45]
5742,355030,503025,302535,253550,[ 10 -45   0],[  5 -35  15],[-15 -40  25],[-45   0  35]
5743,355030,503040,304035,403550,[ 10 -30  15],[ 20 -35  30],[  0 -25  25],[-30  15   5]
5744,355030,503045,304535,453550,[ 10 -25  20],[ 25 -35  35],[  5 -20  25],[-25  20  -5]
5745,355040,50400,40035,03550,[ 20 -60 -45],[-20 -25 -30],[-30 -65   5],[-60 -45  85]
5746,355040,50405,40535,53550,[ 20 -55 -40],[-15 -25 -25],[-25 -60   5],[-55 -40  75]
5747,355040,504010,401035,103550,[ 20 -50 -35],[-10 -25 -20],[-20 -55   5],[-50 -35  65]
5748,355040,504015,401535,153550,[ 20 -45 -30],[ -5 -25 -15],[-15 -50   5],[-45 -30  55]
5749,355040,504020,402035,203550,[ 20 -40 -25],[  0 -25 -10],[-10 -45   5],[-40 -25  45]
5750,355040,504025,402535,253550,[ 20 -35 -20],[  5 -25  -5],[ -5 -40   5],[-35 -20  35]
5751,355040,504030,403035,303550,[ 20 -30 -15],[ 10 -25   0],[  0 -35   5],[-30 -15  25]
5752,355040,504045,404535,453550,[ 20 -15   0],[ 25 -25  15],[ 15 -20   5],[-15   0  -5]
5753,355045,50450,45035,03550,[-16 -46  -5],[-20 -61  10],[-66 -15  -5],[-96  77 -15]
5754,355045,50455,45535,53550,[ 25 -50 -50],[-15 -20 -35],[-20 -60  -5],[-50 -50  75]
5755,355045,504510,451035,103550,[ 25 -45 -45],[-10 -20 -30],[-15 -55  -5],[-45 -45  65]
5756,355045,504515,451535,153550,[ 25 -40 -40],[ -5 -20 -25],[-10 -50  -5],[-40 -40  55]
5757,355045,504520,452035,203550,[ 25 -35 -35],[  0 -20 -20],[ -5 -45  -5],[-35 -35  45]
5758,355045,504525,452535,253550,[ 25 -30 -30],[  5 -20 -15],[  0 -40  -5],[-30 -30  35]
5759,355045,504530,453035,303550,[ 25 -25 -25],[ 10 -20 -10],[  5 -35  -5],[-25 -25  25]
5760,355045,504540,454035,403550,[ 25 -15 -15],[ 20 -20   0],[ 15 -25  -5],[-15 -15   5]
5761,4005,0510,51040,10400,[-75  15  40],[-70  45   0],[-65  50  30],[15 40 20]
5762,4005,0515,51540,15400,[-75  20  45],[-65  45   5],[-60  55  30],[20 45 10]
5763,4005,0520,52040,20400,[-75  25  50],[-60  45  10],[-55  60  30],[25 50  0]
5764,4005,0525,52540,25400,[-75  30  55],[-55  45  15],[-50  65  30],[ 30  55 -10]
5765,4005,0530,53040,30400,[-75  35  60],[-50  45  20],[-45  70  30],[ 35  60 -20]
5766,4005,0535,53540,35400,[-75  40  65],[-45  45  25],[-40  75  30],[ 40  65 -30]
5767,4005,0545,54540,45400,[-75  50  75],[-35  45  35],[-30  85  30],[ 50  75 -50]
5768,4005,0550,55040,50400,[-75  55  80],[-30  45  40],[-25  90  30],[ 55  80 -60]
5769,40010,0105,10540,5400,[-70  15  25],[-75  50 -15],[-65  45  20],[15 25 30]
5770,40010,01015,101540,15400,[-70  25  35],[-65  50  -5],[-55  55  20],[25 35 10]
5771,40010,01020,102040,20400,[-70  30  40],[-60  50   0],[-50  60  20],[30 40  0]
5772,40010,01025,102540,25400,[-70  35  45],[-55  50   5],[-45  65  20],[ 35  45 -10]
5773,40010,01030,103040,30400,[-70  40  50],[-50  50  10],[-40  70  20],[ 40  50 -20]
5774,40010,01035,103540,35400,[-70  45  55],[-45  50  15],[-35  75  20],[ 45  55 -30]
5775,40010,01045,104540,45400,[-70  55  65],[-35  50  25],[-25  85  20],[ 55  65 -50]
5776,40010,01050,105040,50400,[-70  60  70],[-30  50  30],[-20  90  20],[ 60  70 -60]
5777,40015,0155,15540,5400,[-65  20  15],[-75  55 -25],[-60  45  10],[20 15 30]
5778,40015,01510,151040,10400,[-65  25  20],[-70  55 -20],[-55  50  10],[25 20 20]
5779,40015,01520,152040,20400,[-65  35  30],[-60  55 -10],[-45  60  10],[35 30  0]
5780,40015,01525,152540,25400,[-65  40  35],[-55  55  -5],[-40  65  10],[ 40  35 -10]
5781,40015,01530,153040,30400,[-65  45  40],[-50  55   0],[-35  70  10],[ 45  40 -20]
5782,40015,01535,153540,35400,[-65  50  45],[-45  55   5],[-30  75  10],[ 50  45 -30]
5783,40015,01545,154540,45400,[-65  60  55],[-35  55  15],[-20  85  10],[ 60  55 -50]
5784,40015,01550,155040,50400,[-65  65  60],[-30  55  20],[-15  90  10],[ 65  60 -60]
5785,40020,0205,20540,5400,[-60  25   5],[-75  60 -35],[-55  45   0],[25  5 30]
5786,40020,02010,201040,10400,[-60  30  10],[-70  60 -30],[-50  50   0],[30 10 20]
5787,40020,02015,201540,15400,[-60  35  15],[-65  60 -25],[-45  55   0],[35 15 10]
5788,40020,02025,202540,25400,[-60  45  25],[-55  60 -15],[-35  65   0],[ 45  25 -10]
5789,40020,02030,203040,30400,[-60  50  30],[-50  60 -10],[-30  70   0],[ 50  30 -20]
5790,40020,02035,203540,35400,[-60  55  35],[-45  60  -5],[-25  75   0],[ 55  35 -30]
5791,40020,02045,204540,45400,[-60  65  45],[-35  60   5],[-15  85   0],[ 65  45 -50]
5792,40020,02050,205040,50400,[-60  70  50],[-30  60  10],[-10  90   0],[ 70  50 -60]
5793,40025,0255,25540,5400,[-55  30  -5],[-75  65 -45],[-50  45 -10],[30 -5 30]
5794,40025,02510,251040,10400,[-55  35   0],[-70  65 -40],[-45  50 -10],[35  0 20]
5795,40025,02515,251540,15400,[-55  40   5],[-65  65 -35],[-40  55 -10],[40  5 10]
5796,40025,02520,252040,20400,[-55  45  10],[-60  65 -30],[-35  60 -10],[45 10  0]
5797,40025,02530,253040,30400,[-55  55  20],[-50  65 -20],[-25  70 -10],[ 55  20 -20]
5798,40025,02535,253540,35400,[-55  60  25],[-45  65 -15],[-20  75 -10],[ 60  25 -30]
5799,40025,02545,254540,45400,[-55  70  35],[-35  65  -5],[-10  85 -10],[ 70  35 -50]
5800,40025,02550,255040,50400,[-55  75  40],[-30  65   0],[ -5  90 -10],[ 75  40 -60]
5801,40030,0305,30540,5400,[-50  35 -15],[-75  70 -55],[-45  45 -20],[ 35 -15  30]
5802,40030,03010,301040,10400,[-50  40 -10],[-70  70 -50],[-40  50 -20],[ 40 -10  20]
5803,40030,03015,301540,15400,[-50  45  -5],[-65  70 -45],[-35  55 -20],[45 -5 10]
5804,40030,03020,302040,20400,[-50  50   0],[-60  70 -40],[-30  60 -20],[50  0  0]
5805,40030,03025,302540,25400,[-50  55   5],[-55  70 -35],[-25  65 -20],[ 55   5 -10]
5806,40030,03035,303540,35400,[-50  65  15],[-45  70 -25],[-15  75 -20],[ 65  15 -30]
5807,40030,03045,304540,45400,[-50  75  25],[-35  70 -15],[ -5  85 -20],[ 75  25 -50]
5808,40030,03050,305040,50400,[-50  80  30],[-30  70 -10],[  0  90 -20],[ 80  30 -60]
5809,40035,0355,35540,5400,[-45  40 -25],[-75  75 -65],[-40  45 -30],[ 40 -25  30]
5810,40035,03510,351040,10400,[-45  45 -20],[-70  75 -60],[-35  50 -30],[ 45 -20  20]
5811,40035,03515,351540,15400,[-45  50 -15],[-65  75 -55],[-30  55 -30],[ 50 -15  10]
5812,40035,03520,352040,20400,[-45  55 -10],[-60  75 -50],[-25  60 -30],[ 55 -10   0]
5813,40035,03525,352540,25400,[-45  60  -5],[-55  75 -45],[-20  65 -30],[ 60  -5 -10]
5814,40035,03530,353040,30400,[-45  65   0],[-50  75 -40],[-15  70 -30],[ 65   0 -20]
5815,40035,03545,354540,45400,[-45  80  15],[-35  75 -25],[  0  85 -30],[ 80  15 -50]
5816,40035,03550,355040,50400,[-45  85  20],[-30  75 -20],[  5  90 -30],[ 85  20 -60]
5817,40045,0455,45540,5400,[-35  50 -45],[-75  85 -85],[-30  45 -50],[ 50 -45  30]
5818,40045,04510,451040,10400,[-35  55 -40],[-70  85 -80],[-25  50 -50],[ 55 -40  20]
5819,40045,04515,451540,15400,[-35  60 -35],[-65  85 -75],[-20  55 -50],[ 60 -35  10]
5820,40045,04520,452040,20400,[-35  65 -30],[-60  85 -70],[-15  60 -50],[ 65 -30   0]
5821,40045,04525,452540,25400,[-35  70 -25],[-55  85 -65],[-10  65 -50],[ 70 -25 -10]
5822,40045,04530,453040,30400,[-35  75 -20],[-50  85 -60],[ -5  70 -50],[ 75 -20 -20]
5823,40045,04535,453540,35400,[-35  80 -15],[-45  85 -55],[  0  75 -50],[ 80 -15 -30]
5824,40045,04550,455040,50400,[-35  95   0],[-30  85 -40],[ 15  90 -50],[ 95   0 -60]
5825,40050,0505,50540,5400,[-30  55 -55],[-75  90 -95],[-25  45 -60],[ 55 -55  30]
5826,40050,05010,501040,10400,[-30  60 -50],[-70  90 -90],[-20  50 -60],[ 60 -50  20]
5827,40050,05015,501540,15400,[-30  65 -45],[-65  90 -85],[-15  55 -60],[ 65 -45  10]
5828,40050,05020,502040,20400,[-30  70 -40],[-60  90 -80],[-10  60 -60],[ 70 -40   0]
5829,40050,05025,502540,25400,[-30  75 -35],[-55  90 -75],[ -5  65 -60],[ 75 -35 -10]
5830,40050,05030,503040,30400,[-30  80 -30],[-50  90 -70],[  0  70 -60],[ 80 -30 -20]
5831,40050,05035,503540,35400,[-30  85 -25],[-45  90 -65],[  5  75 -60],[ 85 -25 -30]
5832,40050,05045,504540,45400,[-30  95 -15],[-35  90 -55],[ 15  85 -60],[ 95 -15 -50]
5833,4050,5010,01040,10405,[ -3  10 -50],[  7  40 -85],[  2  50 -55],[ 0 50 25]
5834,4050,5015,01540,15405,[ -3  15 -45],[ 12  40 -80],[  7  55 -55],[ 5 55 15]
5835,4050,5020,02040,20405,[ -3  20 -40],[ 17  40 -75],[ 12  60 -55],[10 60  5]
5836,4050,5025,02540,25405,[ -3  25 -35],[ 22  40 -70],[ 17  65 -55],[15 65 -5]
5837,4050,5030,03040,30405,[ -3  30 -30],[ 27  40 -65],[ 22  70 -55],[ 20  70 -15]
5838,4050,5035,03540,35405,[ -3  35 -25],[ 32  40 -60],[ 27  75 -55],[ 25  75 -25]
5839,4050,5045,04540,45405,[ -3  45 -15],[ 42  40 -50],[ 37  85 -55],[ 35  85 -45]
5840,4050,5050,05040,50405,[ -3  50 -10],[ 47  40 -45],[ 42  90 -55],[ 40  90 -55]
5841,40510,5100,10040,0405,[-65   0  20],[-75  40 -15],[-70  30  25],[ 0 20 45]
5842,40510,51015,101540,15405,[-65  15  35],[-60  40   0],[-55  45  25],[15 35 15]
5843,40510,51020,102040,20405,[-65  20  40],[-55  40   5],[-50  50  25],[20 40  5]
5844,40510,51025,102540,25405,[-65  25  45],[-50  40  10],[-45  55  25],[25 45 -5]
5845,40510,51030,103040,30405,[-65  30  50],[-45  40  15],[-40  60  25],[ 30  50 -15]
5846,40510,51035,103540,35405,[-65  35  55],[-40  40  20],[-35  65  25],[ 35  55 -25]
5847,40510,51045,104540,45405,[-65  45  65],[-30  40  30],[-25  75  25],[ 45  65 -45]
5848,40510,51050,105040,50405,[-65  50  70],[-25  40  35],[-20  80  25],[ 50  70 -55]
5849,40515,5150,15040,0405,[-74  41  60],[-75  31  25],[-79  80  15],[ -9  88 -55]
5850,40515,51510,151040,10405,[-60  15  20],[-65  45 -15],[-55  40  15],[15 20 25]
5851,40515,51520,152040,20405,[-60  25  30],[-55  45  -5],[-45  50  15],[25 30  5]
5852,40515,51525,152540,25405,[-60  30  35],[-50  45   0],[-40  55  15],[30 35 -5]
5853,40515,51530,153040,30405,[-60  35  40],[-45  45   5],[-35  60  15],[ 35  40 -15]
5854,40515,51535,153540,35405,[-60  40  45],[-40  45  10],[-30  65  15],[ 40  45 -25]
5855,40515,51545,154540,45405,[-60  50  55],[-30  45  20],[-20  75  15],[ 50  55 -45]
5856,40515,51550,155040,50405,[-60  55  60],[-25  45  25],[-15  80  15],[ 55  60 -55]
5857,40520,5200,20040,0405,[-55  10   0],[-75  50 -35],[-60  30   5],[10  0 45]
5858,40520,52010,201040,10405,[-55  20  10],[-65  50 -25],[-50  40   5],[20 10 25]
5859,40520,52015,201540,15405,[-55  25  15],[-60  50 -20],[-45  45   5],[25 15 15]
5860,40520,52025,202540,25405,[-55  35  25],[-50  50 -10],[-35  55   5],[35 25 -5]
5861,40520,52030,203040,30405,[-55  40  30],[-45  50  -5],[-30  60   5],[ 40  30 -15]
5862,40520,52035,203540,35405,[-55  45  35],[-40  50   0],[-25  65   5],[ 45  35 -25]
5863,40520,52045,204540,45405,[-55  55  45],[-30  50  10],[-15  75   5],[ 55  45 -45]
5864,40520,52050,205040,50405,[-55  60  50],[-25  50  15],[-10  80   5],[ 60  50 -55]
5865,40525,5250,25040,0405,[-73  42  40],[-75  32   5],[-78  80  -5],[ -8  86 -55]
5866,40525,52510,251040,10405,[-50  25   0],[-65  55 -35],[-45  40  -5],[25  0 25]
5867,40525,52515,251540,15405,[-50  30   5],[-60  55 -30],[-40  45  -5],[30  5 15]
5868,40525,52520,252040,20405,[-50  35  10],[-55  55 -25],[-35  50  -5],[35 10  5]
5869,40525,52530,253040,30405,[-50  45  20],[-45  55 -15],[-25  60  -5],[ 45  20 -15]
5870,40525,52535,253540,35405,[-50  50  25],[-40  55 -10],[-20  65  -5],[ 50  25 -25]
5871,40525,52545,254540,45405,[-50  60  35],[-30  55   0],[-10  75  -5],[ 60  35 -45]
5872,40525,52550,255040,50405,[-50  65  40],[-25  55   5],[-5 80 -5],[ 65  40 -55]
5873,40530,5300,30040,0405,[-45  20 -20],[-75  60 -55],[-50  30 -15],[ 20 -20  45]
5874,40530,53010,301040,10405,[-45  30 -10],[-65  60 -45],[-40  40 -15],[ 30 -10  25]
5875,40530,53015,301540,15405,[-45  35  -5],[-60  60 -40],[-35  45 -15],[35 -5 15]
5876,40530,53020,302040,20405,[-45  40   0],[-55  60 -35],[-30  50 -15],[40  0  5]
5877,40530,53025,302540,25405,[-45  45   5],[-50  60 -30],[-25  55 -15],[45  5 -5]
5878,40530,53035,303540,35405,[-45  55  15],[-40  60 -20],[-15  65 -15],[ 55  15 -25]
5879,40530,53045,304540,45405,[-45  65  25],[-30  60 -10],[ -5  75 -15],[ 65  25 -45]
5880,40530,53050,305040,50405,[-45  70  30],[-25  60  -5],[  0  80 -15],[ 70  30 -55]
5881,40535,5350,35040,0405,[-72  43  20],[-75  33 -15],[-77  80 -25],[ -7  84 -55]
5882,40535,53510,351040,10405,[-40  35 -20],[-65  65 -55],[-35  40 -25],[ 35 -20  25]
5883,40535,53515,351540,15405,[-40  40 -15],[-60  65 -50],[-30  45 -25],[ 40 -15  15]
5884,40535,53520,352040,20405,[-40  45 -10],[-55  65 -45],[-25  50 -25],[ 45 -10   5]
5885,40535,53525,352540,25405,[-40  50  -5],[-50  65 -40],[-20  55 -25],[50 -5 -5]
5886,40535,53530,353040,30405,[-40  55   0],[-45  65 -35],[-15  60 -25],[ 55   0 -15]
5887,40535,53545,354540,45405,[-40  70  15],[-30  65 -20],[  0  75 -25],[ 70  15 -45]
5888,40535,53550,355040,50405,[-40  75  20],[-25  65 -15],[  5  80 -25],[ 75  20 -55]
5889,40545,5450,45040,0405,[-71  44   0],[-75  34 -35],[-76  80 -45],[ -6  82 -55]
5890,40545,54510,451040,10405,[-30  45 -40],[-65  75 -75],[-25  40 -45],[ 45 -40  25]
5891,40545,54515,451540,15405,[-30  50 -35],[-60  75 -70],[-20  45 -45],[ 50 -35  15]
5892,40545,54520,452040,20405,[-30  55 -30],[-55  75 -65],[-15  50 -45],[ 55 -30   5]
5893,40545,54525,452540,25405,[-30  60 -25],[-50  75 -60],[-10  55 -45],[ 60 -25  -5]
5894,40545,54530,453040,30405,[-30  65 -20],[-45  75 -55],[ -5  60 -45],[ 65 -20 -15]
5895,40545,54535,453540,35405,[-30  70 -15],[-40  75 -50],[  0  65 -45],[ 70 -15 -25]
5896,40545,54550,455040,50405,[-30  85   0],[-25  75 -35],[ 15  80 -45],[ 85   0 -55]
5897,40550,5500,50040,0405,[-25  40 -60],[-75  80 -95],[-30  30 -55],[ 40 -60  45]
5898,40550,55010,501040,10405,[-25  50 -50],[-65  80 -85],[-20  40 -55],[ 50 -50  25]
5899,40550,55015,501540,15405,[-25  55 -45],[-60  80 -80],[-15  45 -55],[ 55 -45  15]
5900,40550,55020,502040,20405,[-25  60 -40],[-55  80 -75],[-10  50 -55],[ 60 -40   5]
5901,40550,55025,502540,25405,[-25  65 -35],[-50  80 -70],[ -5  55 -55],[ 65 -35  -5]
5902,40550,55030,503040,30405,[-25  70 -30],[-45  80 -65],[  0  60 -55],[ 70 -30 -15]
5903,40550,55035,503540,35405,[-25  75 -25],[-40  80 -60],[  5  65 -55],[ 75 -25 -25]
5904,40550,55045,504540,45405,[-25  85 -15],[-30  80 -50],[ 15  75 -55],[ 85 -15 -45]
5905,40100,1005,0540,54010,[-70 -15  45],[-65  20  15],[-75  25  50],[-15  45  40]
5906,40100,10015,01540,154010,[-70  -5  55],[-55  20  25],[-65  35  50],[-5 55 20]
5907,40100,10020,02040,204010,[-70   0  60],[-50  20  30],[-60  40  50],[ 0 60 10]
5908,40100,10025,02540,254010,[-70   5  65],[-45  20  35],[-55  45  50],[ 5 65  0]
5909,40100,10030,03040,304010,[-70  10  70],[-40  20  40],[-50  50  50],[ 10  70 -10]
5910,40100,10035,03540,354010,[-70  15  75],[-35  20  45],[-45  55  50],[ 15  75 -20]
5911,40100,10045,04540,454010,[-70  25  85],[-25  20  55],[-35  65  50],[ 25  85 -40]
5912,40100,10050,05040,504010,[-70  30  90],[-20  20  60],[-30  70  50],[ 30  90 -50]
5913,40105,1050,5040,04010,[-74 -20  80],[-79  20  50],[-75  20  40],[  3  40 -50]
5914,40105,10515,51540,154010,[-65   0  45],[-55  25  15],[-60  35  40],[ 0 45 20]
5915,40105,10520,52040,204010,[-65   5  50],[-50  25  20],[-55  40  40],[ 5 50 10]
5916,40105,10525,52540,254010,[-65  10  55],[-45  25  25],[-50  45  40],[10 55  0]
5917,40105,10530,53040,304010,[-65  15  60],[-40  25  30],[-45  50  40],[ 15  60 -10]
5918,40105,10535,53540,354010,[-65  20  65],[-35  25  35],[-40  55  40],[ 20  65 -20]
5919,40105,10545,54540,454010,[-65  30  75],[-25  25  45],[-30  65  40],[ 30  75 -40]
5920,40105,10550,55040,504010,[-65  35  80],[-20  25  50],[-25  70  40],[ 35  80 -50]
5921,401015,10150,15040,04010,[-69  31  60],[-70  21  30],[-79  70  20],[-19  88 -50]
5922,401015,10155,15540,54010,[-55   0  15],[-65  35 -15],[-60  25  20],[ 0 15 40]
5923,401015,101520,152040,204010,[-55  15  30],[-50  35   0],[-45  40  20],[15 30 10]
5924,401015,101525,152540,254010,[-55  20  35],[-45  35   5],[-40  45  20],[20 35  0]
5925,401015,101530,153040,304010,[-55  25  40],[-40  35  10],[-35  50  20],[ 25  40 -10]
5926,401015,101535,153540,354010,[-55  30  45],[-35  35  15],[-30  55  20],[ 30  45 -20]
5927,401015,101545,154540,454010,[-55  40  55],[-25  35  25],[-20  65  20],[ 40  55 -40]
5928,401015,101550,155040,504010,[-55  45  60],[-20  35  30],[-15  70  20],[ 45  60 -50]
5929,401020,10200,20040,04010,[-50   0   0],[-70  40 -30],[-60  20  10],[ 0  0 50]
5930,401020,10205,20540,54010,[-50   5   5],[-65  40 -25],[-55  25  10],[ 5  5 40]
5931,401020,102015,201540,154010,[-50  15  15],[-55  40 -15],[-45  35  10],[15 15 20]
5932,401020,102025,202540,254010,[-50  25  25],[-45  40  -5],[-35  45  10],[25 25  0]
5933,401020,102030,203040,304010,[-50  30  30],[-40  40   0],[-30  50  10],[ 30  30 -10]
5934,401020,102035,203540,354010,[-50  35  35],[-35  40   5],[-25  55  10],[ 35  35 -20]
5935,401020,102045,204540,454010,[-50  45  45],[-25  40  15],[-15  65  10],[ 45  45 -40]
5936,401020,102050,205040,504010,[-50  50  50],[-20  40  20],[-10  70  10],[ 50  50 -50]
5937,401025,10250,25040,04010,[-68  32  40],[-70  22  10],[-78  70   0],[-18  86 -50]
5938,401025,10255,25540,54010,[-45  10  -5],[-65  45 -35],[-50  25   0],[10 -5 40]
5939,401025,102515,251540,154010,[-45  20   5],[-55  45 -25],[-40  35   0],[20  5 20]
5940,401025,102520,252040,204010,[-45  25  10],[-50  45 -20],[-35  40   0],[25 10 10]
5941,401025,102530,253040,304010,[-45  35  20],[-40  45 -10],[-25  50   0],[ 35  20 -10]
5942,401025,102535,253540,354010,[-45  40  25],[-35  45  -5],[-20  55   0],[ 40  25 -20]
5943,401025,102545,254540,454010,[-45  50  35],[-25  45   5],[-10  65   0],[ 50  35 -40]
5944,401025,102550,255040,504010,[-45  55  40],[-20  45  10],[-5 70  0],[ 55  40 -50]
5945,401030,10300,30040,04010,[-40  10 -20],[-70  50 -50],[-50  20 -10],[ 10 -20  50]
5946,401030,10305,30540,54010,[-40  15 -15],[-65  50 -45],[-45  25 -10],[ 15 -15  40]
5947,401030,103015,301540,154010,[-40  25  -5],[-55  50 -35],[-35  35 -10],[25 -5 20]
5948,401030,103020,302040,204010,[-40  30   0],[-50  50 -30],[-30  40 -10],[30  0 10]
5949,401030,103025,302540,254010,[-40  35   5],[-45  50 -25],[-25  45 -10],[35  5  0]
5950,401030,103035,303540,354010,[-40  45  15],[-35  50 -15],[-15  55 -10],[ 45  15 -20]
5951,401030,103045,304540,454010,[-40  55  25],[-25  50  -5],[ -5  65 -10],[ 55  25 -40]
5952,401030,103050,305040,504010,[-40  60  30],[-20  50   0],[  0  70 -10],[ 60  30 -50]
5953,401035,10350,35040,04010,[-67  33  20],[-70  23 -10],[-77  70 -20],[-17  84 -50]
5954,401035,10355,35540,54010,[-35  20 -25],[-65  55 -55],[-40  25 -20],[ 20 -25  40]
5955,401035,103515,351540,154010,[-35  30 -15],[-55  55 -45],[-30  35 -20],[ 30 -15  20]
5956,401035,103520,352040,204010,[-35  35 -10],[-50  55 -40],[-25  40 -20],[ 35 -10  10]
5957,401035,103525,352540,254010,[-35  40  -5],[-45  55 -35],[-20  45 -20],[40 -5  0]
5958,401035,103530,353040,304010,[-35  45   0],[-40  55 -30],[-15  50 -20],[ 45   0 -10]
5959,401035,103545,354540,454010,[-35  60  15],[-25  55 -15],[  0  65 -20],[ 60  15 -40]
5960,401035,103550,355040,504010,[-35  65  20],[-20  55 -10],[  5  70 -20],[ 65  20 -50]
5961,401045,10450,45040,04010,[-66  34   0],[-70  24 -30],[-76  70 -40],[-16  82 -50]
5962,401045,10455,45540,54010,[-25  30 -45],[-65  65 -75],[-30  25 -40],[ 30 -45  40]
5963,401045,104515,451540,154010,[-25  40 -35],[-55  65 -65],[-20  35 -40],[ 40 -35  20]
5964,401045,104520,452040,204010,[-25  45 -30],[-50  65 -60],[-15  40 -40],[ 45 -30  10]
5965,401045,104525,452540,254010,[-25  50 -25],[-45  65 -55],[-10  45 -40],[ 50 -25   0]
5966,401045,104530,453040,304010,[-25  55 -20],[-40  65 -50],[ -5  50 -40],[ 55 -20 -10]
5967,401045,104535,453540,354010,[-25  60 -15],[-35  65 -45],[  0  55 -40],[ 60 -15 -20]
5968,401045,104550,455040,504010,[-25  75   0],[-20  65 -30],[ 15  70 -40],[ 75   0 -50]
5969,401050,10500,50040,04010,[-20  30 -60],[-70  70 -90],[-30  20 -50],[ 30 -60  50]
5970,401050,10505,50540,54010,[-20  35 -55],[-65  70 -85],[-25  25 -50],[ 35 -55  40]
5971,401050,105015,501540,154010,[-20  45 -45],[-55  70 -75],[-15  35 -50],[ 45 -45  20]
5972,401050,105020,502040,204010,[-20  50 -40],[-50  70 -70],[-10  40 -50],[ 50 -40  10]
5973,401050,105025,502540,254010,[-20  55 -35],[-45  70 -65],[ -5  45 -50],[ 55 -35   0]
5974,401050,105030,503040,304010,[-20  60 -30],[-40  70 -60],[  0  50 -50],[ 60 -30 -10]
5975,401050,105035,503540,354010,[-20  65 -25],[-35  70 -55],[  5  55 -50],[ 65 -25 -20]
5976,401050,105045,504540,454010,[-20  75 -15],[-25  70 -45],[ 15  65 -50],[ 75 -15 -40]
5977,40150,1505,0540,54015,[-79  53 -55],[-74  88 -80],[-75  43 -45],[  3 -55  45]
5978,40150,15010,01040,104015,[-79  58 -50],[-69  88 -75],[-70  48 -45],[  8 -50  35]
5979,40150,15020,02040,204015,[-79  68 -40],[-59  88 -65],[-60  58 -45],[ 18 -40  15]
5980,40150,15025,02540,254015,[-79  73 -35],[-54  88 -60],[-55  63 -45],[ 23 -35   5]
5981,40150,15030,03040,304015,[-79  78 -30],[-49  88 -55],[-50  68 -45],[ 28 -30  -5]
5982,40150,15035,03540,354015,[-79  83 -25],[-44  88 -50],[-45  73 -45],[ 33 -25 -15]
5983,40150,15045,04540,454015,[-79  93 -15],[-34  88 -40],[-35  83 -45],[ 43 -15 -35]
5984,40150,15050,05040,504015,[-79  98 -10],[-29  88 -35],[-30  88 -45],[ 48 -10 -45]
5985,40155,1550,5040,04015,[-74 -25  80],[-79  15  55],[-75  10  45],[  3  30 -45]
5986,40155,15510,51040,104015,[-60 -15  40],[-55  15  15],[-65  20  45],[-15  40  35]
5987,40155,15520,52040,204015,[-60  -5  50],[-45  15  25],[-55  30  45],[-5 50 15]
5988,40155,15525,52540,254015,[-60   0  55],[-40  15  30],[-50  35  45],[ 0 55  5]
5989,40155,15530,53040,304015,[-60   5  60],[-35  15  35],[-45  40  45],[ 5 60 -5]
5990,40155,15535,53540,354015,[-60  10  65],[-30  15  40],[-40  45  45],[ 10  65 -15]
5991,40155,15545,54540,454015,[-60  20  75],[-20  15  50],[-30  55  45],[ 20  75 -35]
5992,40155,15550,55040,504015,[-60  25  80],[-15  15  55],[-25  60  45],[ 25  80 -45]
5993,401510,15100,10040,04015,[-55 -20  20],[-65  20  -5],[-70  10  35],[-20  20  55]
5994,401510,15105,10540,54015,[-55 -15  25],[-60  20   0],[-65  15  35],[-15  25  45]
5995,401510,151020,102040,204015,[-55   0  40],[-45  20  15],[-50  30  35],[ 0 40 15]
5996,401510,151025,102540,254015,[-55   5  45],[-40  20  20],[-45  35  35],[ 5 45  5]
5997,401510,151030,103040,304015,[-55  10  50],[-35  20  25],[-40  40  35],[10 50 -5]
5998,401510,151035,103540,354015,[-55  15  55],[-30  20  30],[-35  45  35],[ 15  55 -15]
5999,401510,151045,104540,454015,[-55  25  65],[-20  20  40],[-25  55  35],[ 25  65 -35]
6000,401510,151050,105040,504015,[-55  30  70],[-15  20  45],[-20  60  35],[ 30  70 -45]
6001,401520,15200,20040,04015,[-45 -10   0],[-65  30 -25],[-60  10  15],[-10   0  55]
6002,401520,15205,20540,54015,[-45  -5   5],[-60  30 -20],[-55  15  15],[-5  5 45]
6003,401520,152010,201040,104015,[-45   0  10],[-55  30 -15],[-50  20  15],[ 0 10 35]
6004,401520,152025,202540,254015,[-45  15  25],[-40  30   0],[-35  35  15],[15 25  5]
6005,401520,152030,203040,304015,[-45  20  30],[-35  30   5],[-30  40  15],[20 30 -5]
6006,401520,152035,203540,354015,[-45  25  35],[-30  30  10],[-25  45  15],[ 25  35 -15]
6007,401520,152045,204540,454015,[-45  35  45],[-20  30  20],[-15  55  15],[ 35  45 -35]
6008,401520,152050,205040,504015,[-45  40  50],[-15  30  25],[-10  60  15],[ 40  50 -45]
6009,401525,15250,25040,04015,[-63  22  40],[-65  12  15],[-78  60   5],[-28  86 -45]
6010,401525,15255,25540,54015,[-40   0  -5],[-60  35 -30],[-50  15   5],[ 0 -5 45]
6011,401525,152510,251040,104015,[-40   5   0],[-55  35 -25],[-45  20   5],[ 5  0 35]
6012,401525,152520,252040,204015,[-40  15  10],[-45  35 -15],[-35  30   5],[15 10 15]
6013,401525,152530,253040,304015,[-40  25  20],[-35  35  -5],[-25  40   5],[25 20 -5]
6014,401525,152535,253540,354015,[-40  30  25],[-30  35   0],[-20  45   5],[ 30  25 -15]
6015,401525,152545,254540,454015,[-40  40  35],[-20  35  10],[-10  55   5],[ 40  35 -35]
6016,401525,152550,255040,504015,[-40  45  40],[-15  35  15],[-5 60  5],[ 45  40 -45]
6017,401530,15300,30040,04015,[-35   0 -20],[-65  40 -45],[-50  10  -5],[  0 -20  55]
6018,401530,15305,30540,54015,[-35   5 -15],[-60  40 -40],[-45  15  -5],[  5 -15  45]
6019,401530,153010,301040,104015,[-35  10 -10],[-55  40 -35],[-40  20  -5],[ 10 -10  35]
6020,401530,153020,302040,204015,[-35  20   0],[-45  40 -25],[-30  30  -5],[20  0 15]
6021,401530,153025,302540,254015,[-35  25   5],[-40  40 -20],[-25  35  -5],[25  5  5]
6022,401530,153035,303540,354015,[-35  35  15],[-30  40 -10],[-15  45  -5],[ 35  15 -15]
6023,401530,153045,304540,454015,[-35  45  25],[-20  40   0],[-5 55 -5],[ 45  25 -35]
6024,401530,153050,305040,504015,[-35  50  30],[-15  40   5],[ 0 60 -5],[ 50  30 -45]
6025,401535,15350,35040,04015,[-62  23  20],[-65  13  -5],[-77  60 -15],[-27  84 -45]
6026,401535,15355,35540,54015,[-30  10 -25],[-60  45 -50],[-40  15 -15],[ 10 -25  45]
6027,401535,153510,351040,104015,[-30  15 -20],[-55  45 -45],[-35  20 -15],[ 15 -20  35]
6028,401535,153520,352040,204015,[-30  25 -10],[-45  45 -35],[-25  30 -15],[ 25 -10  15]
6029,401535,153525,352540,254015,[-30  30  -5],[-40  45 -30],[-20  35 -15],[30 -5  5]
6030,401535,153530,353040,304015,[-30  35   0],[-35  45 -25],[-15  40 -15],[35  0 -5]
6031,401535,153545,354540,454015,[-30  50  15],[-20  45 -10],[  0  55 -15],[ 50  15 -35]
6032,401535,153550,355040,504015,[-30  55  20],[-15  45  -5],[  5  60 -15],[ 55  20 -45]
6033,401545,15450,45040,04015,[-61  24   0],[-65  14 -25],[-76  60 -35],[-26  82 -45]
6034,401545,15455,45540,54015,[-20  20 -45],[-60  55 -70],[-30  15 -35],[ 20 -45  45]
6035,401545,154510,451040,104015,[-20  25 -40],[-55  55 -65],[-25  20 -35],[ 25 -40  35]
6036,401545,154520,452040,204015,[-20  35 -30],[-45  55 -55],[-15  30 -35],[ 35 -30  15]
6037,401545,154525,452540,254015,[-20  40 -25],[-40  55 -50],[-10  35 -35],[ 40 -25   5]
6038,401545,154530,453040,304015,[-20  45 -20],[-35  55 -45],[ -5  40 -35],[ 45 -20  -5]
6039,401545,154535,453540,354015,[-20  50 -15],[-30  55 -40],[  0  45 -35],[ 50 -15 -15]
6040,401545,154550,455040,504015,[-20  65   0],[-15  55 -25],[ 15  60 -35],[ 65   0 -45]
6041,401550,15500,50040,04015,[-15  20 -60],[-65  60 -85],[-30  10 -45],[ 20 -60  55]
6042,401550,15505,50540,54015,[-15  25 -55],[-60  60 -80],[-25  15 -45],[ 25 -55  45]
6043,401550,155010,501040,104015,[-15  30 -50],[-55  60 -75],[-20  20 -45],[ 30 -50  35]
6044,401550,155020,502040,204015,[-15  40 -40],[-45  60 -65],[-10  30 -45],[ 40 -40  15]
6045,401550,155025,502540,254015,[-15  45 -35],[-40  60 -60],[ -5  35 -45],[ 45 -35   5]
6046,401550,155030,503040,304015,[-15  50 -30],[-35  60 -55],[  0  40 -45],[ 50 -30  -5]
6047,401550,155035,503540,354015,[-15  55 -25],[-30  60 -50],[  5  45 -45],[ 55 -25 -15]
6048,401550,155045,504540,454015,[-15  65 -15],[-20  60 -40],[ 15  55 -45],[ 65 -15 -35]
6049,40200,2005,0540,54020,[-60 -35  45],[-55   0  25],[-75   5  60],[-35  45  50]
6050,40200,20010,01040,104020,[-60 -30  50],[-50   0  30],[-70  10  60],[-30  50  40]
6051,40200,20015,01540,154020,[-60 -25  55],[-45   0  35],[-65  15  60],[-25  55  30]
6052,40200,20025,02540,254020,[-60 -15  65],[-35   0  45],[-55  25  60],[-15  65  10]
6053,40200,20030,03040,304020,[-60 -10  70],[-30   0  50],[-50  30  60],[-10  70   0]
6054,40200,20035,03540,354020,[-60  -5  75],[-25   0  55],[-45  35  60],[ -5  75 -10]
6055,40200,20045,04540,454020,[-60   5  85],[-15   0  65],[-35  45  60],[  5  85 -30]
6056,40200,20050,05040,504020,[-60  10  90],[-10   0  70],[-30  50  60],[ 10  90 -40]
6057,40205,2050,5040,04020,[-73 -40  80],[-78   0  60],[-75   0  50],[  1  40 -40]
6058,40205,20510,51040,104020,[-55 -25  40],[-50   5  20],[-65  10  50],[-25  40  40]
6059,40205,20515,51540,154020,[-55 -20  45],[-45   5  25],[-60  15  50],[-20  45  30]
6060,40205,20525,52540,254020,[-55 -10  55],[-35   5  35],[-50  25  50],[-10  55  10]
6061,40205,20530,53040,304020,[-55  -5  60],[-30   5  40],[-45  30  50],[-5 60  0]
6062,40205,20535,53540,354020,[-55   0  65],[-25   5  45],[-40  35  50],[  0  65 -10]
6063,40205,20545,54540,454020,[-55  10  75],[-15   5  55],[-30  45  50],[ 10  75 -30]
6064,40205,20550,55040,504020,[-55  15  80],[-10   5  60],[-25  50  50],[ 15  80 -40]
6065,402010,20100,10040,04020,[-50 -30  20],[-60  10   0],[-70   0  40],[-30  20  60]
6066,402010,20105,10540,54020,[-50 -25  25],[-55  10   5],[-65   5  40],[-25  25  50]
6067,402010,201015,101540,154020,[-50 -15  35],[-45  10  15],[-55  15  40],[-15  35  30]
6068,402010,201025,102540,254020,[-50  -5  45],[-35  10  25],[-45  25  40],[-5 45 10]
6069,402010,201030,103040,304020,[-50   0  50],[-30  10  30],[-40  30  40],[ 0 50  0]
6070,402010,201035,103540,354020,[-50   5  55],[-25  10  35],[-35  35  40],[  5  55 -10]
6071,402010,201045,104540,454020,[-50  15  65],[-15  10  45],[-25  45  40],[ 15  65 -30]
6072,402010,201050,105040,504020,[-50  20  70],[-10  10  50],[-20  50  40],[ 20  70 -40]
6073,402015,20150,15040,04020,[-59  11  60],[-60   1  40],[-79  50  30],[-39  88 -40]
6074,402015,20155,15540,54020,[-45 -20  15],[-55  15  -5],[-60   5  30],[-20  15  50]
6075,402015,201510,151040,104020,[-45 -15  20],[-50  15   0],[-55  10  30],[-15  20  40]
6076,402015,201525,152540,254020,[-45   0  35],[-35  15  15],[-40  25  30],[ 0 35 10]
6077,402015,201530,153040,304020,[-45   5  40],[-30  15  20],[-35  30  30],[ 5 40  0]
6078,402015,201535,153540,354020,[-45  10  45],[-25  15  25],[-30  35  30],[ 10  45 -10]
6079,402015,201545,154540,454020,[-45  20  55],[-15  15  35],[-20  45  30],[ 20  55 -30]
6080,402015,201550,155040,504020,[-45  25  60],[-10  15  40],[-15  50  30],[ 25  60 -40]
6081,402025,20250,25040,04020,[-58  12  40],[-60   2  20],[-78  50  10],[-38  86 -40]
6082,402025,20255,25540,54020,[-35 -10  -5],[-55  25 -25],[-50   5  10],[-10  -5  50]
6083,402025,202510,251040,104020,[-35  -5   0],[-50  25 -20],[-45  10  10],[-5  0 40]
6084,402025,202515,251540,154020,[-35   0   5],[-45  25 -15],[-40  15  10],[ 0  5 30]
6085,402025,202530,253040,304020,[-35  15  20],[-30  25   0],[-25  30  10],[15 20  0]
6086,402025,202535,253540,354020,[-35  20  25],[-25  25   5],[-20  35  10],[ 20  25 -10]
6087,402025,202545,254540,454020,[-35  30  35],[-15  25  15],[-10  45  10],[ 30  35 -30]
6088,402025,202550,255040,504020,[-35  35  40],[-10  25  20],[-5 50 10],[ 35  40 -40]
6089,402030,20300,30040,04020,[-30 -10 -20],[-60  30 -40],[-50   0   0],[-10 -20  60]
6090,402030,20305,30540,54020,[-30  -5 -15],[-55  30 -35],[-45   5   0],[ -5 -15  50]
6091,402030,203010,301040,104020,[-30   0 -10],[-50  30 -30],[-40  10   0],[  0 -10  40]
6092,402030,203015,301540,154020,[-30   5  -5],[-45  30 -25],[-35  15   0],[ 5 -5 30]
6093,402030,203025,302540,254020,[-30  15   5],[-35  30 -15],[-25  25   0],[15  5 10]
6094,402030,203035,303540,354020,[-30  25  15],[-25  30  -5],[-15  35   0],[ 25  15 -10]
6095,402030,203045,304540,454020,[-30  35  25],[-15  30   5],[-5 45  0],[ 35  25 -30]
6096,402030,203050,305040,504020,[-30  40  30],[-10  30  10],[ 0 50  0],[ 40  30 -40]
6097,402035,20350,35040,04020,[-57  13  20],[-60   3   0],[-77  50 -10],[-37  84 -40]
6098,402035,20355,35540,54020,[-25   0 -25],[-55  35 -45],[-40   5 -10],[  0 -25  50]
6099,402035,203510,351040,104020,[-25   5 -20],[-50  35 -40],[-35  10 -10],[  5 -20  40]
6100,402035,203515,351540,154020,[-25  10 -15],[-45  35 -35],[-30  15 -10],[ 10 -15  30]
6101,402035,203525,352540,254020,[-25  20  -5],[-35  35 -25],[-20  25 -10],[20 -5 10]
6102,402035,203530,353040,304020,[-25  25   0],[-30  35 -20],[-15  30 -10],[25  0  0]
6103,402035,203545,354540,454020,[-25  40  15],[-15  35  -5],[  0  45 -10],[ 40  15 -30]
6104,402035,203550,355040,504020,[-25  45  20],[-10  35   0],[  5  50 -10],[ 45  20 -40]
6105,402045,20450,45040,04020,[-56  14   0],[-60   4 -20],[-76  50 -30],[-36  82 -40]
6106,402045,20455,45540,54020,[-15  10 -45],[-55  45 -65],[-30   5 -30],[ 10 -45  50]
6107,402045,204510,451040,104020,[-15  15 -40],[-50  45 -60],[-25  10 -30],[ 15 -40  40]
6108,402045,204515,451540,154020,[-15  20 -35],[-45  45 -55],[-20  15 -30],[ 20 -35  30]
6109,402045,204525,452540,254020,[-15  30 -25],[-35  45 -45],[-10  25 -30],[ 30 -25  10]
6110,402045,204530,453040,304020,[-15  35 -20],[-30  45 -40],[ -5  30 -30],[ 35 -20   0]
6111,402045,204535,453540,354020,[-15  40 -15],[-25  45 -35],[  0  35 -30],[ 40 -15 -10]
6112,402045,204550,455040,504020,[-15  55   0],[-10  45 -20],[ 15  50 -30],[ 55   0 -40]
6113,402050,20500,50040,04020,[-10  10 -60],[-60  50 -80],[-30   0 -40],[ 10 -60  60]
6114,402050,20505,50540,54020,[-10  15 -55],[-55  50 -75],[-25   5 -40],[ 15 -55  50]
6115,402050,205010,501040,104020,[-10  20 -50],[-50  50 -70],[-20  10 -40],[ 20 -50  40]
6116,402050,205015,501540,154020,[-10  25 -45],[-45  50 -65],[-15  15 -40],[ 25 -45  30]
6117,402050,205025,502540,254020,[-10  35 -35],[-35  50 -55],[ -5  25 -40],[ 35 -35  10]
6118,402050,205030,503040,304020,[-10  40 -30],[-30  50 -50],[  0  30 -40],[ 40 -30   0]
6119,402050,205035,503540,354020,[-10  45 -25],[-25  50 -45],[  5  35 -40],[ 45 -25 -10]
6120,402050,205045,504540,454020,[-10  55 -15],[-15  50 -35],[ 15  45 -40],[ 55 -15 -30]
6121,40250,2505,0540,54025,[-78  51 -55],[-73  86 -70],[-75  41 -35],[  1 -55  55]
6122,40250,25010,01040,104025,[-78  56 -50],[-68  86 -65],[-70  46 -35],[  6 -50  45]
6123,40250,25015,01540,154025,[-78  61 -45],[-63  86 -60],[-65  51 -35],[ 11 -45  35]
6124,40250,25020,02040,204025,[-78  66 -40],[-58  86 -55],[-60  56 -35],[ 16 -40  25]
6125,40250,25030,03040,304025,[-78  76 -30],[-48  86 -45],[-50  66 -35],[ 26 -30   5]
6126,40250,25035,03540,354025,[-78  81 -25],[-43  86 -40],[-45  71 -35],[ 31 -25  -5]
6127,40250,25045,04540,454025,[-78  91 -15],[-33  86 -30],[-35  81 -35],[ 41 -15 -25]
6128,40250,25050,05040,504025,[-78  96 -10],[-28  86 -25],[-30  86 -35],[ 46 -10 -35]
6129,40255,2550,5040,04025,[-73 -45  80],[-78  -5  65],[-75 -10  55],[  1  30 -35]
6130,40255,25510,51040,104025,[-50 -35  40],[-45  -5  25],[-65   0  55],[-35  40  45]
6131,40255,25515,51540,154025,[-50 -30  45],[-40  -5  30],[-60   5  55],[-30  45  35]
6132,40255,25520,52040,204025,[-50 -25  50],[-35  -5  35],[-55  10  55],[-25  50  25]
6133,40255,25530,53040,304025,[-50 -15  60],[-25  -5  45],[-45  20  55],[-15  60   5]
6134,40255,25535,53540,354025,[-50 -10  65],[-20  -5  50],[-40  25  55],[-10  65  -5]
6135,40255,25545,54540,454025,[-50   0  75],[-10  -5  60],[-30  35  55],[  0  75 -25]
6136,40255,25550,55040,504025,[-50   5  80],[-5 -5 65],[-25  40  55],[  5  80 -35]
6137,402510,25100,10040,04025,[-45 -40  20],[-55   0   5],[-70 -10  45],[-40  20  65]
6138,402510,25105,10540,54025,[-45 -35  25],[-50   0  10],[-65  -5  45],[-35  25  55]
6139,402510,251015,101540,154025,[-45 -25  35],[-40   0  20],[-55   5  45],[-25  35  35]
6140,402510,251020,102040,204025,[-45 -20  40],[-35   0  25],[-50  10  45],[-20  40  25]
6141,402510,251030,103040,304025,[-45 -10  50],[-25   0  35],[-40  20  45],[-10  50   5]
6142,402510,251035,103540,354025,[-45  -5  55],[-20   0  40],[-35  25  45],[-5 55 -5]
6143,402510,251045,104540,454025,[-45   5  65],[-10   0  50],[-25  35  45],[  5  65 -25]
6144,402510,251050,105040,504025,[-45  10  70],[-5  0 55],[-20  40  45],[ 10  70 -35]
6145,402515,25150,15040,04025,[-54   1  60],[-55  -9  45],[-79  40  35],[-49  88 -35]
6146,402515,25155,15540,54025,[-40 -30  15],[-50   5   0],[-60  -5  35],[-30  15  55]
6147,402515,251510,151040,104025,[-40 -25  20],[-45   5   5],[-55   0  35],[-25  20  45]
6148,402515,251520,152040,204025,[-40 -15  30],[-35   5  15],[-45  10  35],[-15  30  25]
6149,402515,251530,153040,304025,[-40  -5  40],[-25   5  25],[-35  20  35],[-5 40  5]
6150,402515,251535,153540,354025,[-40   0  45],[-20   5  30],[-30  25  35],[ 0 45 -5]
6151,402515,251545,154540,454025,[-40  10  55],[-10   5  40],[-20  35  35],[ 10  55 -25]
6152,402515,251550,155040,504025,[-40  15  60],[-5  5 45],[-15  40  35],[ 15  60 -35]
6153,402520,25200,20040,04025,[-35 -30   0],[-55  10 -15],[-60 -10  25],[-30   0  65]
6154,402520,25205,20540,54025,[-35 -25   5],[-50  10 -10],[-55  -5  25],[-25   5  55]
6155,402520,252010,201040,104025,[-35 -20  10],[-45  10  -5],[-50   0  25],[-20  10  45]
6156,402520,252015,201540,154025,[-35 -15  15],[-40  10   0],[-45   5  25],[-15  15  35]
6157,402520,252030,203040,304025,[-35   0  30],[-25  10  15],[-30  20  25],[ 0 30  5]
6158,402520,252035,203540,354025,[-35   5  35],[-20  10  20],[-25  25  25],[ 5 35 -5]
6159,402520,252045,204540,454025,[-35  15  45],[-10  10  30],[-15  35  25],[ 15  45 -25]
6160,402520,252050,205040,504025,[-35  20  50],[-5 10 35],[-10  40  25],[ 20  50 -35]
6161,402530,25300,30040,04025,[-25 -20 -20],[-55  20 -35],[-50 -10   5],[-20 -20  65]
6162,402530,25305,30540,54025,[-25 -15 -15],[-50  20 -30],[-45  -5   5],[-15 -15  55]
6163,402530,253010,301040,104025,[-25 -10 -10],[-45  20 -25],[-40   0   5],[-10 -10  45]
6164,402530,253015,301540,154025,[-25  -5  -5],[-40  20 -20],[-35   5   5],[-5 -5 35]
6165,402530,253020,302040,204025,[-25   0   0],[-35  20 -15],[-30  10   5],[ 0  0 25]
6166,402530,253035,303540,354025,[-25  15  15],[-20  20   0],[-15  25   5],[15 15 -5]
6167,402530,253045,304540,454025,[-25  25  25],[-10  20  10],[-5 35  5],[ 25  25 -25]
6168,402530,253050,305040,504025,[-25  30  30],[-5 20 15],[ 0 40  5],[ 30  30 -35]
6169,402535,25350,35040,04025,[-52   3  20],[-55  -7   5],[-77  40  -5],[-47  84 -35]
6170,402535,25355,35540,54025,[-20 -10 -25],[-50  25 -40],[-40  -5  -5],[-10 -25  55]
6171,402535,253510,351040,104025,[-20  -5 -20],[-45  25 -35],[-35   0  -5],[ -5 -20  45]
6172,402535,253515,351540,154025,[-20   0 -15],[-40  25 -30],[-30   5  -5],[  0 -15  35]
6173,402535,253520,352040,204025,[-20   5 -10],[-35  25 -25],[-25  10  -5],[  5 -10  25]
6174,402535,253530,353040,304025,[-20  15   0],[-25  25 -15],[-15  20  -5],[15  0  5]
6175,402535,253545,354540,454025,[-20  30  15],[-10  25   0],[ 0 35 -5],[ 30  15 -25]
6176,402535,253550,355040,504025,[-20  35  20],[-5 25  5],[ 5 40 -5],[ 35  20 -35]
6177,402545,25450,45040,04025,[-51   4   0],[-55  -6 -15],[-76  40 -25],[-46  82 -35]
6178,402545,25455,45540,54025,[-10   0 -45],[-50  35 -60],[-30  -5 -25],[  0 -45  55]
6179,402545,254510,451040,104025,[-10   5 -40],[-45  35 -55],[-25   0 -25],[  5 -40  45]
6180,402545,254515,451540,154025,[-10  10 -35],[-40  35 -50],[-20   5 -25],[ 10 -35  35]
6181,402545,254520,452040,204025,[-10  15 -30],[-35  35 -45],[-15  10 -25],[ 15 -30  25]
6182,402545,254530,453040,304025,[-10  25 -20],[-25  35 -35],[ -5  20 -25],[ 25 -20   5]
6183,402545,254535,453540,354025,[-10  30 -15],[-20  35 -30],[  0  25 -25],[ 30 -15  -5]
6184,402545,254550,455040,504025,[-10  45   0],[ -5  35 -15],[ 15  40 -25],[ 45   0 -35]
6185,402550,25500,50040,04025,[ -5   0 -60],[-55  40 -75],[-30 -10 -35],[  0 -60  65]
6186,402550,25505,50540,54025,[ -5   5 -55],[-50  40 -70],[-25  -5 -35],[  5 -55  55]
6187,402550,255010,501040,104025,[ -5  10 -50],[-45  40 -65],[-20   0 -35],[ 10 -50  45]
6188,402550,255015,501540,154025,[ -5  15 -45],[-40  40 -60],[-15   5 -35],[ 15 -45  35]
6189,402550,255020,502040,204025,[ -5  20 -40],[-35  40 -55],[-10  10 -35],[ 20 -40  25]
6190,402550,255030,503040,304025,[ -5  30 -30],[-25  40 -45],[  0  20 -35],[ 30 -30   5]
6191,402550,255035,503540,354025,[ -5  35 -25],[-20  40 -40],[  5  25 -35],[ 35 -25  -5]
6192,402550,255045,504540,454025,[ -5  45 -15],[-10  40 -30],[ 15  35 -35],[ 45 -15 -25]
6193,40300,3005,0540,54030,[-50 -55  45],[-45 -20  35],[-75 -15  70],[-55  45  60]
6194,40300,30010,01040,104030,[-50 -50  50],[-40 -20  40],[-70 -10  70],[-50  50  50]
6195,40300,30015,01540,154030,[-50 -45  55],[-35 -20  45],[-65  -5  70],[-45  55  40]
6196,40300,30020,02040,204030,[-50 -40  60],[-30 -20  50],[-60   0  70],[-40  60  30]
6197,40300,30025,02540,254030,[-50 -35  65],[-25 -20  55],[-55   5  70],[-35  65  20]
6198,40300,30035,03540,354030,[-50 -25  75],[-15 -20  65],[-45  15  70],[-25  75   0]
6199,40300,30045,04540,454030,[-50 -15  85],[ -5 -20  75],[-35  25  70],[-15  85 -20]
6200,40300,30050,05040,504030,[-50 -10  90],[  0 -20  80],[-30  30  70],[-10  90 -30]
6201,40305,3050,5040,04030,[-72 -60  80],[-77 -20  70],[-75 -20  60],[ -1  40 -30]
6202,40305,30510,51040,104030,[-45 -45  40],[-40 -15  30],[-65 -10  60],[-45  40  50]
6203,40305,30515,51540,154030,[-45 -40  45],[-35 -15  35],[-60  -5  60],[-40  45  40]
6204,40305,30520,52040,204030,[-45 -35  50],[-30 -15  40],[-55   0  60],[-35  50  30]
6205,40305,30525,52540,254030,[-45 -30  55],[-25 -15  45],[-50   5  60],[-30  55  20]
6206,40305,30535,53540,354030,[-45 -20  65],[-15 -15  55],[-40  15  60],[-20  65   0]
6207,40305,30545,54540,454030,[-45 -10  75],[ -5 -15  65],[-30  25  60],[-10  75 -20]
6208,40305,30550,55040,504030,[-45  -5  80],[  0 -15  70],[-25  30  60],[ -5  80 -30]
6209,403010,30100,10040,04030,[-40 -50  20],[-50 -10  10],[-70 -20  50],[-50  20  70]
6210,403010,30105,10540,54030,[-40 -45  25],[-45 -10  15],[-65 -15  50],[-45  25  60]
6211,403010,301015,101540,154030,[-40 -35  35],[-35 -10  25],[-55  -5  50],[-35  35  40]
6212,403010,301020,102040,204030,[-40 -30  40],[-30 -10  30],[-50   0  50],[-30  40  30]
6213,403010,301025,102540,254030,[-40 -25  45],[-25 -10  35],[-45   5  50],[-25  45  20]
6214,403010,301035,103540,354030,[-40 -15  55],[-15 -10  45],[-35  15  50],[-15  55   0]
6215,403010,301045,104540,454030,[-40  -5  65],[ -5 -10  55],[-25  25  50],[ -5  65 -20]
6216,403010,301050,105040,504030,[-40   0  70],[  0 -10  60],[-20  30  50],[  0  70 -30]
6217,403015,30150,15040,04030,[-49  -9  60],[-50 -19  50],[-79  30  40],[-59  88 -30]
6218,403015,30155,15540,54030,[-35 -40  15],[-45  -5   5],[-60 -15  40],[-40  15  60]
6219,403015,301510,151040,104030,[-35 -35  20],[-40  -5  10],[-55 -10  40],[-35  20  50]
6220,403015,301520,152040,204030,[-35 -25  30],[-30  -5  20],[-45   0  40],[-25  30  30]
6221,403015,301525,152540,254030,[-35 -20  35],[-25  -5  25],[-40   5  40],[-20  35  20]
6222,403015,301535,153540,354030,[-35 -10  45],[-15  -5  35],[-30  15  40],[-10  45   0]
6223,403015,301545,154540,454030,[-35   0  55],[-5 -5 45],[-20  25  40],[  0  55 -20]
6224,403015,301550,155040,504030,[-35   5  60],[ 0 -5 50],[-15  30  40],[  5  60 -30]
6225,403020,30200,20040,04030,[-30 -40   0],[-50   0 -10],[-60 -20  30],[-40   0  70]
6226,403020,30205,20540,54030,[-30 -35   5],[-45   0  -5],[-55 -15  30],[-35   5  60]
6227,403020,302010,201040,104030,[-30 -30  10],[-40   0   0],[-50 -10  30],[-30  10  50]
6228,403020,302015,201540,154030,[-30 -25  15],[-35   0   5],[-45  -5  30],[-25  15  40]
6229,403020,302025,202540,254030,[-30 -15  25],[-25   0  15],[-35   5  30],[-15  25  20]
6230,403020,302035,203540,354030,[-30  -5  35],[-15   0  25],[-25  15  30],[-5 35  0]
6231,403020,302045,204540,454030,[-30   5  45],[-5  0 35],[-15  25  30],[  5  45 -20]
6232,403020,302050,205040,504030,[-30  10  50],[ 0  0 40],[-10  30  30],[ 10  50 -30]
6233,403025,30250,25040,04030,[-48  -8  40],[-50 -18  30],[-78  30  20],[-58  86 -30]
6234,403025,30255,25540,54030,[-25 -30  -5],[-45   5 -15],[-50 -15  20],[-30  -5  60]
6235,403025,302510,251040,104030,[-25 -25   0],[-40   5 -10],[-45 -10  20],[-25   0  50]
6236,403025,302515,251540,154030,[-25 -20   5],[-35   5  -5],[-40  -5  20],[-20   5  40]
6237,403025,302520,252040,204030,[-25 -15  10],[-30   5   0],[-35   0  20],[-15  10  30]
6238,403025,302535,253540,354030,[-25   0  25],[-15   5  15],[-20  15  20],[ 0 25  0]
6239,403025,302545,254540,454030,[-25  10  35],[-5  5 25],[-10  25  20],[ 10  35 -20]
6240,403025,302550,255040,504030,[-25  15  40],[ 0  5 30],[-5 30 20],[ 15  40 -30]
6241,403035,30350,35040,04030,[-47  -7  20],[-50 -17  10],[-77  30   0],[-57  84 -30]
6242,403035,30355,35540,54030,[-15 -20 -25],[-45  15 -35],[-40 -15   0],[-20 -25  60]
6243,403035,303510,351040,104030,[-15 -15 -20],[-40  15 -30],[-35 -10   0],[-15 -20  50]
6244,403035,303515,351540,154030,[-15 -10 -15],[-35  15 -25],[-30  -5   0],[-10 -15  40]
6245,403035,303520,352040,204030,[-15  -5 -10],[-30  15 -20],[-25   0   0],[ -5 -10  30]
6246,403035,303525,352540,254030,[-15   0  -5],[-25  15 -15],[-20   5   0],[ 0 -5 20]
6247,403035,303545,354540,454030,[-15  20  15],[-5 15  5],[ 0 25  0],[ 20  15 -20]
6248,403035,303550,355040,504030,[-15  25  20],[ 0 15 10],[ 5 30  0],[ 25  20 -30]
6249,403045,30450,45040,04030,[-46  -6   0],[-50 -16 -10],[-76  30 -20],[-56  82 -30]
6250,403045,30455,45540,54030,[ -5 -10 -45],[-45  25 -55],[-30 -15 -20],[-10 -45  60]
6251,403045,304510,451040,104030,[ -5  -5 -40],[-40  25 -50],[-25 -10 -20],[ -5 -40  50]
6252,403045,304515,451540,154030,[ -5   0 -35],[-35  25 -45],[-20  -5 -20],[  0 -35  40]
6253,403045,304520,452040,204030,[ -5   5 -30],[-30  25 -40],[-15   0 -20],[  5 -30  30]
6254,403045,304525,452540,254030,[ -5  10 -25],[-25  25 -35],[-10   5 -20],[ 10 -25  20]
6255,403045,304535,453540,354030,[ -5  20 -15],[-15  25 -25],[  0  15 -20],[ 20 -15   0]
6256,403045,304550,455040,504030,[-5 35  0],[  0  25 -10],[ 15  30 -20],[ 35   0 -30]
6257,403050,30500,50040,04030,[  0 -10 -60],[-50  30 -70],[-30 -20 -30],[-10 -60  70]
6258,403050,30505,50540,54030,[  0  -5 -55],[-45  30 -65],[-25 -15 -30],[ -5 -55  60]
6259,403050,305010,501040,104030,[  0   0 -50],[-40  30 -60],[-20 -10 -30],[  0 -50  50]
6260,403050,305015,501540,154030,[  0   5 -45],[-35  30 -55],[-15  -5 -30],[  5 -45  40]
6261,403050,305020,502040,204030,[  0  10 -40],[-30  30 -50],[-10   0 -30],[ 10 -40  30]
6262,403050,305025,502540,254030,[  0  15 -35],[-25  30 -45],[ -5   5 -30],[ 15 -35  20]
6263,403050,305035,503540,354030,[  0  25 -25],[-15  30 -35],[  5  15 -30],[ 25 -25   0]
6264,403050,305045,504540,454030,[  0  35 -15],[ -5  30 -25],[ 15  25 -30],[ 35 -15 -20]
6265,40350,3505,0540,54035,[-77  49 -55],[-72  84 -60],[-75  39 -25],[ -1 -55  65]
6266,40350,35010,01040,104035,[-77  54 -50],[-67  84 -55],[-70  44 -25],[  4 -50  55]
6267,40350,35015,01540,154035,[-77  59 -45],[-62  84 -50],[-65  49 -25],[  9 -45  45]
6268,40350,35020,02040,204035,[-77  64 -40],[-57  84 -45],[-60  54 -25],[ 14 -40  35]
6269,40350,35025,02540,254035,[-77  69 -35],[-52  84 -40],[-55  59 -25],[ 19 -35  25]
6270,40350,35030,03040,304035,[-77  74 -30],[-47  84 -35],[-50  64 -25],[ 24 -30  15]
6271,40350,35045,04540,454035,[-77  89 -15],[-32  84 -20],[-35  79 -25],[ 39 -15 -15]
6272,40350,35050,05040,504035,[-77  94 -10],[-27  84 -15],[-30  84 -25],[ 44 -10 -25]
6273,40355,3550,5040,04035,[-72 -65  80],[-77 -25  75],[-75 -30  65],[ -1  30 -25]
6274,40355,35510,51040,104035,[-40 -55  40],[-35 -25  35],[-65 -20  65],[-55  40  55]
6275,40355,35515,51540,154035,[-40 -50  45],[-30 -25  40],[-60 -15  65],[-50  45  45]
6276,40355,35520,52040,204035,[-40 -45  50],[-25 -25  45],[-55 -10  65],[-45  50  35]
6277,40355,35525,52540,254035,[-40 -40  55],[-20 -25  50],[-50  -5  65],[-40  55  25]
6278,40355,35530,53040,304035,[-40 -35  60],[-15 -25  55],[-45   0  65],[-35  60  15]
6279,40355,35545,54540,454035,[-40 -20  75],[  0 -25  70],[-30  15  65],[-20  75 -15]
6280,40355,35550,55040,504035,[-40 -15  80],[  5 -25  75],[-25  20  65],[-15  80 -25]
6281,403510,35100,10040,04035,[-35 -60  20],[-45 -20  15],[-70 -30  55],[-60  20  75]
6282,403510,35105,10540,54035,[-35 -55  25],[-40 -20  20],[-65 -25  55],[-55  25  65]
6283,403510,351015,101540,154035,[-35 -45  35],[-30 -20  30],[-55 -15  55],[-45  35  45]
6284,403510,351020,102040,204035,[-35 -40  40],[-25 -20  35],[-50 -10  55],[-40  40  35]
6285,403510,351025,102540,254035,[-35 -35  45],[-20 -20  40],[-45  -5  55],[-35  45  25]
6286,403510,351030,103040,304035,[-35 -30  50],[-15 -20  45],[-40   0  55],[-30  50  15]
6287,403510,351045,104540,454035,[-35 -15  65],[  0 -20  60],[-25  15  55],[-15  65 -15]
6288,403510,351050,105040,504035,[-35 -10  70],[  5 -20  65],[-20  20  55],[-10  70 -25]
6289,403515,35150,15040,04035,[-44 -19  60],[-45 -29  55],[-79  20  45],[-69  88 -25]
6290,403515,35155,15540,54035,[-30 -50  15],[-40 -15  10],[-60 -25  45],[-50  15  65]
6291,403515,351510,151040,104035,[-30 -45  20],[-35 -15  15],[-55 -20  45],[-45  20  55]
6292,403515,351520,152040,204035,[-30 -35  30],[-25 -15  25],[-45 -10  45],[-35  30  35]
6293,403515,351525,152540,254035,[-30 -30  35],[-20 -15  30],[-40  -5  45],[-30  35  25]
6294,403515,351530,153040,304035,[-30 -25  40],[-15 -15  35],[-35   0  45],[-25  40  15]
6295,403515,351545,154540,454035,[-30 -10  55],[  0 -15  50],[-20  15  45],[-10  55 -15]
6296,403515,351550,155040,504035,[-30  -5  60],[  5 -15  55],[-15  20  45],[ -5  60 -25]
6297,403520,35200,20040,04035,[-25 -50   0],[-45 -10  -5],[-60 -30  35],[-50   0  75]
6298,403520,35205,20540,54035,[-25 -45   5],[-40 -10   0],[-55 -25  35],[-45   5  65]
6299,403520,352010,201040,104035,[-25 -40  10],[-35 -10   5],[-50 -20  35],[-40  10  55]
6300,403520,352015,201540,154035,[-25 -35  15],[-30 -10  10],[-45 -15  35],[-35  15  45]
6301,403520,352025,202540,254035,[-25 -25  25],[-20 -10  20],[-35  -5  35],[-25  25  25]
6302,403520,352030,203040,304035,[-25 -20  30],[-15 -10  25],[-30   0  35],[-20  30  15]
6303,403520,352045,204540,454035,[-25  -5  45],[  0 -10  40],[-15  15  35],[ -5  45 -15]
6304,403520,352050,205040,504035,[-25   0  50],[  5 -10  45],[-10  20  35],[  0  50 -25]
6305,403525,35250,25040,04035,[-43 -18  40],[-45 -28  35],[-78  20  25],[-68  86 -25]
6306,403525,35255,25540,54035,[-20 -40  -5],[-40  -5 -10],[-50 -25  25],[-40  -5  65]
6307,403525,352510,251040,104035,[-20 -35   0],[-35  -5  -5],[-45 -20  25],[-35   0  55]
6308,403525,352515,251540,154035,[-20 -30   5],[-30  -5   0],[-40 -15  25],[-30   5  45]
6309,403525,352520,252040,204035,[-20 -25  10],[-25  -5   5],[-35 -10  25],[-25  10  35]
6310,403525,352530,253040,304035,[-20 -15  20],[-15  -5  15],[-25   0  25],[-15  20  15]
6311,403525,352545,254540,454035,[-20   0  35],[ 0 -5 30],[-10  15  25],[  0  35 -15]
6312,403525,352550,255040,504035,[-20   5  40],[ 5 -5 35],[-5 20 25],[  5  40 -25]
6313,403530,35300,30040,04035,[-15 -40 -20],[-45   0 -25],[-50 -30  15],[-40 -20  75]
6314,403530,35305,30540,54035,[-15 -35 -15],[-40   0 -20],[-45 -25  15],[-35 -15  65]
6315,403530,353010,301040,104035,[-15 -30 -10],[-35   0 -15],[-40 -20  15],[-30 -10  55]
6316,403530,353015,301540,154035,[-15 -25  -5],[-30   0 -10],[-35 -15  15],[-25  -5  45]
6317,403530,353020,302040,204035,[-15 -20   0],[-25   0  -5],[-30 -10  15],[-20   0  35]
6318,403530,353025,302540,254035,[-15 -15   5],[-20   0   0],[-25  -5  15],[-15   5  25]
6319,403530,353045,304540,454035,[-15   5  25],[ 0  0 20],[-5 15 15],[  5  25 -15]
6320,403530,353050,305040,504035,[-15  10  30],[ 5  0 25],[ 0 20 15],[ 10  30 -25]
6321,403545,35450,45040,04035,[-41 -16   0],[-45 -26  -5],[-76  20 -15],[-66  82 -25]
6322,403545,35455,45540,54035,[  0 -20 -45],[-40  15 -50],[-30 -25 -15],[-20 -45  65]
6323,403545,354510,451040,104035,[  0 -15 -40],[-35  15 -45],[-25 -20 -15],[-15 -40  55]
6324,403545,354515,451540,154035,[  0 -10 -35],[-30  15 -40],[-20 -15 -15],[-10 -35  45]
6325,403545,354520,452040,204035,[  0  -5 -30],[-25  15 -35],[-15 -10 -15],[ -5 -30  35]
6326,403545,354525,452540,254035,[  0   0 -25],[-20  15 -30],[-10  -5 -15],[  0 -25  25]
6327,403545,354530,453040,304035,[  0   5 -20],[-15  15 -25],[ -5   0 -15],[  5 -20  15]
6328,403545,354550,455040,504035,[ 0 25  0],[ 5 15 -5],[ 15  20 -15],[ 25   0 -25]
6329,403550,35500,50040,04035,[  5 -20 -60],[-45  20 -65],[-30 -30 -25],[-20 -60  75]
6330,403550,35505,50540,54035,[  5 -15 -55],[-40  20 -60],[-25 -25 -25],[-15 -55  65]
6331,403550,355010,501040,104035,[  5 -10 -50],[-35  20 -55],[-20 -20 -25],[-10 -50  55]
6332,403550,355015,501540,154035,[  5  -5 -45],[-30  20 -50],[-15 -15 -25],[ -5 -45  45]
6333,403550,355020,502040,204035,[  5   0 -40],[-25  20 -45],[-10 -10 -25],[  0 -40  35]
6334,403550,355025,502540,254035,[  5   5 -35],[-20  20 -40],[ -5  -5 -25],[  5 -35  25]
6335,403550,355030,503040,304035,[  5  10 -30],[-15  20 -35],[  0   0 -25],[ 10 -30  15]
6336,403550,355045,504540,454035,[  5  25 -15],[  0  20 -20],[ 15  15 -25],[ 25 -15 -15]
6337,40450,4505,0540,54045,[-76  47 -55],[-71  82 -50],[-75  37 -15],[ -3 -55  75]
6338,40450,45010,01040,104045,[-76  52 -50],[-66  82 -45],[-70  42 -15],[  2 -50  65]
6339,40450,45015,01540,154045,[-76  57 -45],[-61  82 -40],[-65  47 -15],[  7 -45  55]
6340,40450,45020,02040,204045,[-76  62 -40],[-56  82 -35],[-60  52 -15],[ 12 -40  45]
6341,40450,45025,02540,254045,[-76  67 -35],[-51  82 -30],[-55  57 -15],[ 17 -35  35]
6342,40450,45030,03040,304045,[-76  72 -30],[-46  82 -25],[-50  62 -15],[ 22 -30  25]
6343,40450,45035,03540,354045,[-76  77 -25],[-41  82 -20],[-45  67 -15],[ 27 -25  15]
6344,40450,45050,05040,504045,[-76  92 -10],[-26  82  -5],[-30  82 -15],[ 42 -10 -15]
6345,40455,4550,5040,04045,[-71 -85  80],[-76 -45  85],[-75 -50  75],[ -3  30 -15]
6346,40455,45510,51040,104045,[-30 -75  40],[-25 -45  45],[-65 -40  75],[-75  40  65]
6347,40455,45515,51540,154045,[-30 -70  45],[-20 -45  50],[-60 -35  75],[-70  45  55]
6348,40455,45520,52040,204045,[-30 -65  50],[-15 -45  55],[-55 -30  75],[-65  50  45]
6349,40455,45525,52540,254045,[-30 -60  55],[-10 -45  60],[-50 -25  75],[-60  55  35]
6350,40455,45530,53040,304045,[-30 -55  60],[ -5 -45  65],[-45 -20  75],[-55  60  25]
6351,40455,45535,53540,354045,[-30 -50  65],[  0 -45  70],[-40 -15  75],[-50  65  15]
6352,40455,45550,55040,504045,[-30 -35  80],[ 15 -45  85],[-25   0  75],[-35  80 -15]
6353,404510,45100,10040,04045,[-25 -80  20],[-35 -40  25],[-70 -50  65],[-80  20  85]
6354,404510,45105,10540,54045,[-25 -75  25],[-30 -40  30],[-65 -45  65],[-75  25  75]
6355,404510,451015,101540,154045,[-25 -65  35],[-20 -40  40],[-55 -35  65],[-65  35  55]
6356,404510,451020,102040,204045,[-25 -60  40],[-15 -40  45],[-50 -30  65],[-60  40  45]
6357,404510,451025,102540,254045,[-25 -55  45],[-10 -40  50],[-45 -25  65],[-55  45  35]
6358,404510,451030,103040,304045,[-25 -50  50],[ -5 -40  55],[-40 -20  65],[-50  50  25]
6359,404510,451035,103540,354045,[-25 -45  55],[  0 -40  60],[-35 -15  65],[-45  55  15]
6360,404510,451050,105040,504045,[-25 -30  70],[ 15 -40  75],[-20   0  65],[-30  70 -15]
6361,404515,45150,15040,04045,[-34 -39  60],[-35 -49  65],[-79   0  55],[-89  88 -15]
6362,404515,45155,15540,54045,[-20 -70  15],[-30 -35  20],[-60 -45  55],[-70  15  75]
6363,404515,451510,151040,104045,[-20 -65  20],[-25 -35  25],[-55 -40  55],[-65  20  65]
6364,404515,451520,152040,204045,[-20 -55  30],[-15 -35  35],[-45 -30  55],[-55  30  45]
6365,404515,451525,152540,254045,[-20 -50  35],[-10 -35  40],[-40 -25  55],[-50  35  35]
6366,404515,451530,153040,304045,[-20 -45  40],[ -5 -35  45],[-35 -20  55],[-45  40  25]
6367,404515,451535,153540,354045,[-20 -40  45],[  0 -35  50],[-30 -15  55],[-40  45  15]
6368,404515,451550,155040,504045,[-20 -25  60],[ 15 -35  65],[-15   0  55],[-25  60 -15]
6369,404520,45200,20040,04045,[-15 -70   0],[-35 -30   5],[-60 -50  45],[-70   0  85]
6370,404520,45205,20540,54045,[-15 -65   5],[-30 -30  10],[-55 -45  45],[-65   5  75]
6371,404520,452010,201040,104045,[-15 -60  10],[-25 -30  15],[-50 -40  45],[-60  10  65]
6372,404520,452015,201540,154045,[-15 -55  15],[-20 -30  20],[-45 -35  45],[-55  15  55]
6373,404520,452025,202540,254045,[-15 -45  25],[-10 -30  30],[-35 -25  45],[-45  25  35]
6374,404520,452030,203040,304045,[-15 -40  30],[ -5 -30  35],[-30 -20  45],[-40  30  25]
6375,404520,452035,203540,354045,[-15 -35  35],[  0 -30  40],[-25 -15  45],[-35  35  15]
6376,404520,452050,205040,504045,[-15 -20  50],[ 15 -30  55],[-10   0  45],[-20  50 -15]
6377,404525,45250,25040,04045,[-33 -38  40],[-35 -48  45],[-78   0  35],[-88  86 -15]
6378,404525,45255,25540,54045,[-10 -60  -5],[-30 -25   0],[-50 -45  35],[-60  -5  75]
6379,404525,452510,251040,104045,[-10 -55   0],[-25 -25   5],[-45 -40  35],[-55   0  65]
6380,404525,452515,251540,154045,[-10 -50   5],[-20 -25  10],[-40 -35  35],[-50   5  55]
6381,404525,452520,252040,204045,[-10 -45  10],[-15 -25  15],[-35 -30  35],[-45  10  45]
6382,404525,452530,253040,304045,[-10 -35  20],[ -5 -25  25],[-25 -20  35],[-35  20  25]
6383,404525,452535,253540,354045,[-10 -30  25],[  0 -25  30],[-20 -15  35],[-30  25  15]
6384,404525,452550,255040,504045,[-10 -15  40],[ 15 -25  45],[-5  0 35],[-15  40 -15]
6385,404530,45300,30040,04045,[ -5 -60 -20],[-35 -20 -15],[-50 -50  25],[-60 -20  85]
6386,404530,45305,30540,54045,[ -5 -55 -15],[-30 -20 -10],[-45 -45  25],[-55 -15  75]
6387,404530,453010,301040,104045,[ -5 -50 -10],[-25 -20  -5],[-40 -40  25],[-50 -10  65]
6388,404530,453015,301540,154045,[ -5 -45  -5],[-20 -20   0],[-35 -35  25],[-45  -5  55]
6389,404530,453020,302040,204045,[ -5 -40   0],[-15 -20   5],[-30 -30  25],[-40   0  45]
6390,404530,453025,302540,254045,[ -5 -35   5],[-10 -20  10],[-25 -25  25],[-35   5  35]
6391,404530,453035,303540,354045,[ -5 -25  15],[  0 -20  20],[-15 -15  25],[-25  15  15]
6392,404530,453050,305040,504045,[ -5 -10  30],[ 15 -20  35],[ 0  0 25],[-10  30 -15]
6393,404535,45350,35040,04045,[-32 -37  20],[-35 -47  25],[-77   0  15],[-87  84 -15]
6394,404535,45355,35540,54045,[  0 -50 -25],[-30 -15 -20],[-40 -45  15],[-50 -25  75]
6395,404535,453510,351040,104045,[  0 -45 -20],[-25 -15 -15],[-35 -40  15],[-45 -20  65]
6396,404535,453515,351540,154045,[  0 -40 -15],[-20 -15 -10],[-30 -35  15],[-40 -15  55]
6397,404535,453520,352040,204045,[  0 -35 -10],[-15 -15  -5],[-25 -30  15],[-35 -10  45]
6398,404535,453525,352540,254045,[  0 -30  -5],[-10 -15   0],[-20 -25  15],[-30  -5  35]
6399,404535,453530,353040,304045,[  0 -25   0],[ -5 -15   5],[-15 -20  15],[-25   0  25]
6400,404535,453550,355040,504045,[ 0 -5 20],[ 15 -15  25],[ 5  0 15],[ -5  20 -15]
6401,404550,45500,50040,04045,[ 15 -40 -60],[-35   0 -55],[-30 -50 -15],[-40 -60  85]
6402,404550,45505,50540,54045,[ 15 -35 -55],[-30   0 -50],[-25 -45 -15],[-35 -55  75]
6403,404550,455010,501040,104045,[ 15 -30 -50],[-25   0 -45],[-20 -40 -15],[-30 -50  65]
6404,404550,455015,501540,154045,[ 15 -25 -45],[-20   0 -40],[-15 -35 -15],[-25 -45  55]
6405,404550,455020,502040,204045,[ 15 -20 -40],[-15   0 -35],[-10 -30 -15],[-20 -40  45]
6406,404550,455025,502540,254045,[ 15 -15 -35],[-10   0 -30],[ -5 -25 -15],[-15 -35  35]
6407,404550,455030,503040,304045,[ 15 -10 -30],[ -5   0 -25],[  0 -20 -15],[-10 -30  25]
6408,404550,455035,503540,354045,[ 15  -5 -25],[  0   0 -20],[  5 -15 -15],[ -5 -25  15]
6409,40500,5005,0540,54050,[-30 -95  45],[-25 -60  55],[-75 -55  90],[-95  45  80]
6410,40500,50010,01040,104050,[-30 -90  50],[-20 -60  60],[-70 -50  90],[-90  50  70]
6411,40500,50015,01540,154050,[-30 -85  55],[-15 -60  65],[-65 -45  90],[-85  55  60]
6412,40500,50020,02040,204050,[-30 -80  60],[-10 -60  70],[-60 -40  90],[-80  60  50]
6413,40500,50025,02540,254050,[-30 -75  65],[ -5 -60  75],[-55 -35  90],[-75  65  40]
6414,40500,50030,03040,304050,[-30 -70  70],[  0 -60  80],[-50 -30  90],[-70  70  30]
6415,40500,50035,03540,354050,[-30 -65  75],[  5 -60  85],[-45 -25  90],[-65  75  20]
6416,40500,50045,04540,454050,[-30 -55  85],[ 15 -60  95],[-35 -15  90],[-55  85   0]
6417,40505,5050,5040,04050,[ -70 -100   80],[-75 -60  90],[-75 -60  80],[ -5  40 -10]
6418,40505,50510,51040,104050,[-25 -85  40],[-20 -55  50],[-65 -50  80],[-85  40  70]
6419,40505,50515,51540,154050,[-25 -80  45],[-15 -55  55],[-60 -45  80],[-80  45  60]
6420,40505,50520,52040,204050,[-25 -75  50],[-10 -55  60],[-55 -40  80],[-75  50  50]
6421,40505,50525,52540,254050,[-25 -70  55],[ -5 -55  65],[-50 -35  80],[-70  55  40]
6422,40505,50530,53040,304050,[-25 -65  60],[  0 -55  70],[-45 -30  80],[-65  60  30]
6423,40505,50535,53540,354050,[-25 -60  65],[  5 -55  75],[-40 -25  80],[-60  65  20]
6424,40505,50545,54540,454050,[-25 -50  75],[ 15 -55  85],[-30 -15  80],[-50  75   0]
6425,405010,50100,10040,04050,[-20 -90  20],[-30 -50  30],[-70 -60  70],[-90  20  90]
6426,405010,50105,10540,54050,[-20 -85  25],[-25 -50  35],[-65 -55  70],[-85  25  80]
6427,405010,501015,101540,154050,[-20 -75  35],[-15 -50  45],[-55 -45  70],[-75  35  60]
6428,405010,501020,102040,204050,[-20 -70  40],[-10 -50  50],[-50 -40  70],[-70  40  50]
6429,405010,501025,102540,254050,[-20 -65  45],[ -5 -50  55],[-45 -35  70],[-65  45  40]
6430,405010,501030,103040,304050,[-20 -60  50],[  0 -50  60],[-40 -30  70],[-60  50  30]
6431,405010,501035,103540,354050,[-20 -55  55],[  5 -50  65],[-35 -25  70],[-55  55  20]
6432,405010,501045,104540,454050,[-20 -45  65],[ 15 -50  75],[-25 -15  70],[-45  65   0]
6433,405015,50150,15040,04050,[-29 -49  60],[-30 -59  70],[-79 -10  60],[-99  88 -10]
6434,405015,50155,15540,54050,[-15 -80  15],[-25 -45  25],[-60 -55  60],[-80  15  80]
6435,405015,501510,151040,104050,[-15 -75  20],[-20 -45  30],[-55 -50  60],[-75  20  70]
6436,405015,501520,152040,204050,[-15 -65  30],[-10 -45  40],[-45 -40  60],[-65  30  50]
6437,405015,501525,152540,254050,[-15 -60  35],[ -5 -45  45],[-40 -35  60],[-60  35  40]
6438,405015,501530,153040,304050,[-15 -55  40],[  0 -45  50],[-35 -30  60],[-55  40  30]
6439,405015,501535,153540,354050,[-15 -50  45],[  5 -45  55],[-30 -25  60],[-50  45  20]
6440,405015,501545,154540,454050,[-15 -40  55],[ 15 -45  65],[-20 -15  60],[-40  55   0]
6441,405020,50200,20040,04050,[-10 -80   0],[-30 -40  10],[-60 -60  50],[-80   0  90]
6442,405020,50205,20540,54050,[-10 -75   5],[-25 -40  15],[-55 -55  50],[-75   5  80]
6443,405020,502010,201040,104050,[-10 -70  10],[-20 -40  20],[-50 -50  50],[-70  10  70]
6444,405020,502015,201540,154050,[-10 -65  15],[-15 -40  25],[-45 -45  50],[-65  15  60]
6445,405020,502025,202540,254050,[-10 -55  25],[ -5 -40  35],[-35 -35  50],[-55  25  40]
6446,405020,502030,203040,304050,[-10 -50  30],[  0 -40  40],[-30 -30  50],[-50  30  30]
6447,405020,502035,203540,354050,[-10 -45  35],[  5 -40  45],[-25 -25  50],[-45  35  20]
6448,405020,502045,204540,454050,[-10 -35  45],[ 15 -40  55],[-15 -15  50],[-35  45   0]
6449,405025,50250,25040,04050,[-28 -48  40],[-30 -58  50],[-78 -10  40],[-98  86 -10]
6450,405025,50255,25540,54050,[ -5 -70  -5],[-25 -35   5],[-50 -55  40],[-70  -5  80]
6451,405025,502510,251040,104050,[ -5 -65   0],[-20 -35  10],[-45 -50  40],[-65   0  70]
6452,405025,502515,251540,154050,[ -5 -60   5],[-15 -35  15],[-40 -45  40],[-60   5  60]
6453,405025,502520,252040,204050,[ -5 -55  10],[-10 -35  20],[-35 -40  40],[-55  10  50]
6454,405025,502530,253040,304050,[ -5 -45  20],[  0 -35  30],[-25 -30  40],[-45  20  30]
6455,405025,502535,253540,354050,[ -5 -40  25],[  5 -35  35],[-20 -25  40],[-40  25  20]
6456,405025,502545,254540,454050,[ -5 -30  35],[ 15 -35  45],[-10 -15  40],[-30  35   0]
6457,405030,50300,30040,04050,[  0 -70 -20],[-30 -30 -10],[-50 -60  30],[-70 -20  90]
6458,405030,50305,30540,54050,[  0 -65 -15],[-25 -30  -5],[-45 -55  30],[-65 -15  80]
6459,405030,503010,301040,104050,[  0 -60 -10],[-20 -30   0],[-40 -50  30],[-60 -10  70]
6460,405030,503015,301540,154050,[  0 -55  -5],[-15 -30   5],[-35 -45  30],[-55  -5  60]
6461,405030,503020,302040,204050,[  0 -50   0],[-10 -30  10],[-30 -40  30],[-50   0  50]
6462,405030,503025,302540,254050,[  0 -45   5],[ -5 -30  15],[-25 -35  30],[-45   5  40]
6463,405030,503035,303540,354050,[  0 -35  15],[  5 -30  25],[-15 -25  30],[-35  15  20]
6464,405030,503045,304540,454050,[  0 -25  25],[ 15 -30  35],[ -5 -15  30],[-25  25   0]
6465,405035,50350,35040,04050,[-27 -47  20],[-30 -57  30],[-77 -10  20],[-97  84 -10]
6466,405035,50355,35540,54050,[  5 -60 -25],[-25 -25 -15],[-40 -55  20],[-60 -25  80]
6467,405035,503510,351040,104050,[  5 -55 -20],[-20 -25 -10],[-35 -50  20],[-55 -20  70]
6468,405035,503515,351540,154050,[  5 -50 -15],[-15 -25  -5],[-30 -45  20],[-50 -15  60]
6469,405035,503520,352040,204050,[  5 -45 -10],[-10 -25   0],[-25 -40  20],[-45 -10  50]
6470,405035,503525,352540,254050,[  5 -40  -5],[ -5 -25   5],[-20 -35  20],[-40  -5  40]
6471,405035,503530,353040,304050,[  5 -35   0],[  0 -25  10],[-15 -30  20],[-35   0  30]
6472,405035,503545,354540,454050,[  5 -20  15],[ 15 -25  25],[  0 -15  20],[-20  15   0]
6473,405045,50450,45040,04050,[-26 -46   0],[-30 -56  10],[-76 -10   0],[-96  82 -10]
6474,405045,50455,45540,54050,[ 15 -50 -45],[-25 -15 -35],[-30 -55   0],[-50 -45  80]
6475,405045,504510,451040,104050,[ 15 -45 -40],[-20 -15 -30],[-25 -50   0],[-45 -40  70]
6476,405045,504515,451540,154050,[ 15 -40 -35],[-15 -15 -25],[-20 -45   0],[-40 -35  60]
6477,405045,504520,452040,204050,[ 15 -35 -30],[-10 -15 -20],[-15 -40   0],[-35 -30  50]
6478,405045,504525,452540,254050,[ 15 -30 -25],[ -5 -15 -15],[-10 -35   0],[-30 -25  40]
6479,405045,504530,453040,304050,[ 15 -25 -20],[  0 -15 -10],[ -5 -30   0],[-25 -20  30]
6480,405045,504535,453540,354050,[ 15 -20 -15],[  5 -15  -5],[  0 -25   0],[-20 -15  20]
6481,4505,0510,51045,10450,[ -3 -85  45],[  2 -91  50],[  7 -86  85],[15  4 75]
6482,4505,0515,51545,15450,[ -3 -80  50],[  7 -91  55],[ 12 -81  85],[20  9 65]
6483,4505,0520,52045,20450,[ -3 -75  55],[ 12 -91  60],[ 17 -76  85],[25 14 55]
6484,4505,0525,52545,25450,[ -3 -70  60],[ 17 -91  65],[ 22 -71  85],[30 19 45]
6485,4505,0530,53045,30450,[ -3 -65  65],[ 22 -91  70],[ 27 -66  85],[35 24 35]
6486,4505,0535,53545,35450,[ -3 -60  70],[ 27 -91  75],[ 32 -61  85],[40 29 25]
6487,4505,0540,54045,40450,[ -3 -55  75],[ 32 -91  80],[ 37 -56  85],[45 34 15]
6488,4505,0550,55045,50450,[ -3 -45  85],[ 42 -91  90],[ 47 -46  85],[55 44 -5]
6489,45010,0105,10545,5450,[  2 -85  30],[ -3 -86  35],[  7 -91  75],[ 15 -11  85]
6490,45010,01015,101545,15450,[  2 -75  40],[  7 -86  45],[ 17 -81  75],[25 -1 65]
6491,45010,01020,102045,20450,[  2 -70  45],[ 12 -86  50],[ 22 -76  75],[30  4 55]
6492,45010,01025,102545,25450,[  2 -65  50],[ 17 -86  55],[ 27 -71  75],[35  9 45]
6493,45010,01030,103045,30450,[  2 -60  55],[ 22 -86  60],[ 32 -66  75],[40 14 35]
6494,45010,01035,103545,35450,[  2 -55  60],[ 27 -86  65],[ 37 -61  75],[45 19 25]
6495,45010,01040,104045,40450,[  2 -50  65],[ 32 -86  70],[ 42 -56  75],[50 24 15]
6496,45010,01050,105045,50450,[  2 -40  75],[ 42 -86  80],[ 52 -46  75],[60 34 -5]
6497,45015,0155,15545,5450,[  7 -80  20],[ -3 -81  25],[ 12 -91  65],[ 20 -21  85]
6498,45015,01510,151045,10450,[  7 -75  25],[  2 -81  30],[ 17 -86  65],[ 25 -16  75]
6499,45015,01520,152045,20450,[  7 -65  35],[ 12 -81  40],[ 27 -76  65],[35 -6 55]
6500,45015,01525,152545,25450,[  7 -60  40],[ 17 -81  45],[ 32 -71  65],[40 -1 45]
6501,45015,01530,153045,30450,[  7 -55  45],[ 22 -81  50],[ 37 -66  65],[45  4 35]
6502,45015,01535,153545,35450,[  7 -50  50],[ 27 -81  55],[ 42 -61  65],[50  9 25]
6503,45015,01540,154045,40450,[  7 -45  55],[ 32 -81  60],[ 47 -56  65],[55 14 15]
6504,45015,01550,155045,50450,[  7 -35  65],[ 42 -81  70],[ 57 -46  65],[65 24 -5]
6505,45020,0205,20545,5450,[ 12 -75  10],[ -3 -76  15],[ 17 -91  55],[ 25 -31  85]
6506,45020,02010,201045,10450,[ 12 -70  15],[  2 -76  20],[ 22 -86  55],[ 30 -26  75]
6507,45020,02015,201545,15450,[ 12 -65  20],[  7 -76  25],[ 27 -81  55],[ 35 -21  65]
6508,45020,02025,202545,25450,[ 12 -55  30],[ 17 -76  35],[ 37 -71  55],[ 45 -11  45]
6509,45020,02030,203045,30450,[ 12 -50  35],[ 22 -76  40],[ 42 -66  55],[50 -6 35]
6510,45020,02035,203545,35450,[ 12 -45  40],[ 27 -76  45],[ 47 -61  55],[55 -1 25]
6511,45020,02040,204045,40450,[ 12 -40  45],[ 32 -76  50],[ 52 -56  55],[60  4 15]
6512,45020,02050,205045,50450,[ 12 -30  55],[ 42 -76  60],[ 62 -46  55],[70 14 -5]
6513,45025,0255,25545,5450,[ 17 -70   0],[ -3 -71   5],[ 22 -91  45],[ 30 -41  85]
6514,45025,02510,251045,10450,[ 17 -65   5],[  2 -71  10],[ 27 -86  45],[ 35 -36  75]
6515,45025,02515,251545,15450,[ 17 -60  10],[  7 -71  15],[ 32 -81  45],[ 40 -31  65]
6516,45025,02520,252045,20450,[ 17 -55  15],[ 12 -71  20],[ 37 -76  45],[ 45 -26  55]
6517,45025,02530,253045,30450,[ 17 -45  25],[ 22 -71  30],[ 47 -66  45],[ 55 -16  35]
6518,45025,02535,253545,35450,[ 17 -40  30],[ 27 -71  35],[ 52 -61  45],[ 60 -11  25]
6519,45025,02540,254045,40450,[ 17 -35  35],[ 32 -71  40],[ 57 -56  45],[65 -6 15]
6520,45025,02550,255045,50450,[ 17 -25  45],[ 42 -71  50],[ 67 -46  45],[75  4 -5]
6521,45030,0305,30545,5450,[ 22 -65 -10],[ -3 -66  -5],[ 27 -91  35],[ 35 -51  85]
6522,45030,03010,301045,10450,[ 22 -60  -5],[  2 -66   0],[ 32 -86  35],[ 40 -46  75]
6523,45030,03015,301545,15450,[ 22 -55   0],[  7 -66   5],[ 37 -81  35],[ 45 -41  65]
6524,45030,03020,302045,20450,[ 22 -50   5],[ 12 -66  10],[ 42 -76  35],[ 50 -36  55]
6525,45030,03025,302545,25450,[ 22 -45  10],[ 17 -66  15],[ 47 -71  35],[ 55 -31  45]
6526,45030,03035,303545,35450,[ 22 -35  20],[ 27 -66  25],[ 57 -61  35],[ 65 -21  25]
6527,45030,03040,304045,40450,[ 22 -30  25],[ 32 -66  30],[ 62 -56  35],[ 70 -16  15]
6528,45030,03050,305045,50450,[ 22 -20  35],[ 42 -66  40],[ 72 -46  35],[80 -6 -5]
6529,45035,0355,35545,5450,[ 27 -60 -20],[ -3 -61 -15],[ 32 -91  25],[ 40 -61  85]
6530,45035,03510,351045,10450,[ 27 -55 -15],[  2 -61 -10],[ 37 -86  25],[ 45 -56  75]
6531,45035,03515,351545,15450,[ 27 -50 -10],[  7 -61  -5],[ 42 -81  25],[ 50 -51  65]
6532,45035,03520,352045,20450,[ 27 -45  -5],[ 12 -61   0],[ 47 -76  25],[ 55 -46  55]
6533,45035,03525,352545,25450,[ 27 -40   0],[ 17 -61   5],[ 52 -71  25],[ 60 -41  45]
6534,45035,03530,353045,30450,[ 27 -35   5],[ 22 -61  10],[ 57 -66  25],[ 65 -36  35]
6535,45035,03540,354045,40450,[ 27 -25  15],[ 32 -61  20],[ 67 -56  25],[ 75 -26  15]
6536,45035,03550,355045,50450,[ 27 -15  25],[ 42 -61  30],[ 77 -46  25],[ 85 -16  -5]
6537,45040,0405,40545,5450,[ 32 -55 -30],[ -3 -56 -25],[ 37 -91  15],[ 45 -71  85]
6538,45040,04010,401045,10450,[ 32 -50 -25],[  2 -56 -20],[ 42 -86  15],[ 50 -66  75]
6539,45040,04015,401545,15450,[ 32 -45 -20],[  7 -56 -15],[ 47 -81  15],[ 55 -61  65]
6540,45040,04020,402045,20450,[ 32 -40 -15],[ 12 -56 -10],[ 52 -76  15],[ 60 -56  55]
6541,45040,04025,402545,25450,[ 32 -35 -10],[ 17 -56  -5],[ 57 -71  15],[ 65 -51  45]
6542,45040,04030,403045,30450,[ 32 -30  -5],[ 22 -56   0],[ 62 -66  15],[ 70 -46  35]
6543,45040,04035,403545,35450,[ 32 -25   0],[ 27 -56   5],[ 67 -61  15],[ 75 -41  25]
6544,45040,04050,405045,50450,[ 32 -10  15],[ 42 -56  20],[ 82 -46  15],[ 90 -26  -5]
6545,45050,0505,50545,5450,[ 42 -45 -50],[ -3 -46 -45],[ 47 -91  -5],[ 55 -91  85]
6546,45050,05010,501045,10450,[ 42 -40 -45],[  2 -46 -40],[ 52 -86  -5],[ 60 -86  75]
6547,45050,05015,501545,15450,[ 42 -35 -40],[  7 -46 -35],[ 57 -81  -5],[ 65 -81  65]
6548,45050,05020,502045,20450,[ 42 -30 -35],[ 12 -46 -30],[ 62 -76  -5],[ 70 -76  55]
6549,45050,05025,502545,25450,[ 42 -25 -30],[ 17 -46 -25],[ 67 -71  -5],[ 75 -71  45]
6550,45050,05030,503045,30450,[ 42 -20 -25],[ 22 -46 -20],[ 72 -66  -5],[ 80 -66  35]
6551,45050,05035,503545,35450,[ 42 -15 -20],[ 27 -46 -15],[ 77 -61  -5],[ 85 -61  25]
6552,45050,05040,504045,40450,[ 42 -10 -15],[ 32 -46 -10],[ 82 -56  -5],[ 90 -56  15]
6553,4550,5010,01045,10455,[ -3   0 -45],[  7  35 -85],[  2  45 -50],[ 0 55 30]
6554,4550,5015,01545,15455,[ -3   5 -40],[ 12  35 -80],[  7  50 -50],[ 5 60 20]
6555,4550,5020,02045,20455,[ -3  10 -35],[ 17  35 -75],[ 12  55 -50],[10 65 10]
6556,4550,5025,02545,25455,[ -3  15 -30],[ 22  35 -70],[ 17  60 -50],[15 70  0]
6557,4550,5030,03045,30455,[ -3  20 -25],[ 27  35 -65],[ 22  65 -50],[ 20  75 -10]
6558,4550,5035,03545,35455,[ -3  25 -20],[ 32  35 -60],[ 27  70 -50],[ 25  80 -20]
6559,4550,5040,04045,40455,[ -3  30 -15],[ 37  35 -55],[ 32  75 -50],[ 30  85 -30]
6560,4550,5050,05045,50455,[-3 40 -5],[ 47  35 -45],[ 42  85 -50],[ 40  95 -50]
6561,45510,5100,10045,0455,[-75   0  25],[-85  45 -15],[-80  35  30],[ 0 25 50]
6562,45510,51015,101545,15455,[-75  15  40],[-70  45   0],[-65  50  30],[15 40 20]
6563,45510,51020,102045,20455,[-75  20  45],[-65  45   5],[-60  55  30],[20 45 10]
6564,45510,51025,102545,25455,[-75  25  50],[-60  45  10],[-55  60  30],[25 50  0]
6565,45510,51030,103045,30455,[-75  30  55],[-55  45  15],[-50  65  30],[ 30  55 -10]
6566,45510,51035,103545,35455,[-75  35  60],[-50  45  20],[-45  70  30],[ 35  60 -20]
6567,45510,51040,104045,40455,[-75  40  65],[-45  45  25],[-40  75  30],[ 40  65 -30]
6568,45510,51050,105045,50455,[-75  50  75],[-35  45  35],[-30  85  30],[ 50  75 -50]
6569,45515,5150,15045,0455,[-84  41  65],[-85  36  25],[-89  85  20],[ -9  93 -50]
6570,45515,51510,151045,10455,[-70  15  25],[-75  50 -15],[-65  45  20],[15 25 30]
6571,45515,51520,152045,20455,[-70  25  35],[-65  50  -5],[-55  55  20],[25 35 10]
6572,45515,51525,152545,25455,[-70  30  40],[-60  50   0],[-50  60  20],[30 40  0]
6573,45515,51530,153045,30455,[-70  35  45],[-55  50   5],[-45  65  20],[ 35  45 -10]
6574,45515,51535,153545,35455,[-70  40  50],[-50  50  10],[-40  70  20],[ 40  50 -20]
6575,45515,51540,154045,40455,[-70  45  55],[-45  50  15],[-35  75  20],[ 45  55 -30]
6576,45515,51550,155045,50455,[-70  55  65],[-35  50  25],[-25  85  20],[ 55  65 -50]
6577,45520,5200,20045,0455,[-65  10   5],[-85  55 -35],[-70  35  10],[10  5 50]
6578,45520,52010,201045,10455,[-65  20  15],[-75  55 -25],[-60  45  10],[20 15 30]
6579,45520,52015,201545,15455,[-65  25  20],[-70  55 -20],[-55  50  10],[25 20 20]
6580,45520,52025,202545,25455,[-65  35  30],[-60  55 -10],[-45  60  10],[35 30  0]
6581,45520,52030,203045,30455,[-65  40  35],[-55  55  -5],[-40  65  10],[ 40  35 -10]
6582,45520,52035,203545,35455,[-65  45  40],[-50  55   0],[-35  70  10],[ 45  40 -20]
6583,45520,52040,204045,40455,[-65  50  45],[-45  55   5],[-30  75  10],[ 50  45 -30]
6584,45520,52050,205045,50455,[-65  60  55],[-35  55  15],[-20  85  10],[ 60  55 -50]
6585,45525,5250,25045,0455,[-83  42  45],[-85  37   5],[-88  85   0],[ -8  91 -50]
6586,45525,52510,251045,10455,[-60  25   5],[-75  60 -35],[-55  45   0],[25  5 30]
6587,45525,52515,251545,15455,[-60  30  10],[-70  60 -30],[-50  50   0],[30 10 20]
6588,45525,52520,252045,20455,[-60  35  15],[-65  60 -25],[-45  55   0],[35 15 10]
6589,45525,52530,253045,30455,[-60  45  25],[-55  60 -15],[-35  65   0],[ 45  25 -10]
6590,45525,52535,253545,35455,[-60  50  30],[-50  60 -10],[-30  70   0],[ 50  30 -20]
6591,45525,52540,254045,40455,[-60  55  35],[-45  60  -5],[-25  75   0],[ 55  35 -30]
6592,45525,52550,255045,50455,[-60  65  45],[-35  60   5],[-15  85   0],[ 65  45 -50]
6593,45530,5300,30045,0455,[-55  20 -15],[-85  65 -55],[-60  35 -10],[ 20 -15  50]
6594,45530,53010,301045,10455,[-55  30  -5],[-75  65 -45],[-50  45 -10],[30 -5 30]
6595,45530,53015,301545,15455,[-55  35   0],[-70  65 -40],[-45  50 -10],[35  0 20]
6596,45530,53020,302045,20455,[-55  40   5],[-65  65 -35],[-40  55 -10],[40  5 10]
6597,45530,53025,302545,25455,[-55  45  10],[-60  65 -30],[-35  60 -10],[45 10  0]
6598,45530,53035,303545,35455,[-55  55  20],[-50  65 -20],[-25  70 -10],[ 55  20 -20]
6599,45530,53040,304045,40455,[-55  60  25],[-45  65 -15],[-20  75 -10],[ 60  25 -30]
6600,45530,53050,305045,50455,[-55  70  35],[-35  65  -5],[-10  85 -10],[ 70  35 -50]
6601,45535,5350,35045,0455,[-82  43  25],[-85  38 -15],[-87  85 -20],[ -7  89 -50]
6602,45535,53510,351045,10455,[-50  35 -15],[-75  70 -55],[-45  45 -20],[ 35 -15  30]
6603,45535,53515,351545,15455,[-50  40 -10],[-70  70 -50],[-40  50 -20],[ 40 -10  20]
6604,45535,53520,352045,20455,[-50  45  -5],[-65  70 -45],[-35  55 -20],[45 -5 10]
6605,45535,53525,352545,25455,[-50  50   0],[-60  70 -40],[-30  60 -20],[50  0  0]
6606,45535,53530,353045,30455,[-50  55   5],[-55  70 -35],[-25  65 -20],[ 55   5 -10]
6607,45535,53540,354045,40455,[-50  65  15],[-45  70 -25],[-15  75 -20],[ 65  15 -30]
6608,45535,53550,355045,50455,[-50  75  25],[-35  70 -15],[ -5  85 -20],[ 75  25 -50]
6609,45540,5400,40045,0455,[-45  30 -35],[-85  75 -75],[-50  35 -30],[ 30 -35  50]
6610,45540,54010,401045,10455,[-45  40 -25],[-75  75 -65],[-40  45 -30],[ 40 -25  30]
6611,45540,54015,401545,15455,[-45  45 -20],[-70  75 -60],[-35  50 -30],[ 45 -20  20]
6612,45540,54020,402045,20455,[-45  50 -15],[-65  75 -55],[-30  55 -30],[ 50 -15  10]
6613,45540,54025,402545,25455,[-45  55 -10],[-60  75 -50],[-25  60 -30],[ 55 -10   0]
6614,45540,54030,403045,30455,[-45  60  -5],[-55  75 -45],[-20  65 -30],[ 60  -5 -10]
6615,45540,54035,403545,35455,[-45  65   0],[-50  75 -40],[-15  70 -30],[ 65   0 -20]
6616,45540,54050,405045,50455,[-45  80  15],[-35  75 -25],[  0  85 -30],[ 80  15 -50]
6617,45550,5500,50045,0455,[-35  40 -55],[-85  85 -95],[-40  35 -50],[ 40 -55  50]
6618,45550,55010,501045,10455,[-35  50 -45],[-75  85 -85],[-30  45 -50],[ 50 -45  30]
6619,45550,55015,501545,15455,[-35  55 -40],[-70  85 -80],[-25  50 -50],[ 55 -40  20]
6620,45550,55020,502045,20455,[-35  60 -35],[-65  85 -75],[-20  55 -50],[ 60 -35  10]
6621,45550,55025,502545,25455,[-35  65 -30],[-60  85 -70],[-15  60 -50],[ 65 -30   0]
6622,45550,55030,503045,30455,[-35  70 -25],[-55  85 -65],[-10  65 -50],[ 70 -25 -10]
6623,45550,55035,503545,35455,[-35  75 -20],[-50  85 -60],[ -5  70 -50],[ 75 -20 -20]
6624,45550,55040,504045,40455,[-35  80 -15],[-45  85 -55],[  0  75 -50],[ 80 -15 -30]
6625,45100,1005,0545,54510,[-80 -15  50],[-75  25  15],[-85  30  55],[-15  50  45]
6626,45100,10015,01545,154510,[-80  -5  60],[-65  25  25],[-75  40  55],[-5 60 25]
6627,45100,10020,02045,204510,[-80   0  65],[-60  25  30],[-70  45  55],[ 0 65 15]
6628,45100,10025,02545,254510,[-80   5  70],[-55  25  35],[-65  50  55],[ 5 70  5]
6629,45100,10030,03045,304510,[-80  10  75],[-50  25  40],[-60  55  55],[10 75 -5]
6630,45100,10035,03545,354510,[-80  15  80],[-45  25  45],[-55  60  55],[ 15  80 -15]
6631,45100,10040,04045,404510,[-80  20  85],[-40  25  50],[-50  65  55],[ 20  85 -25]
6632,45100,10050,05045,504510,[-80  30  95],[-30  25  60],[-40  75  55],[ 30  95 -45]
6633,45105,1050,5045,04510,[-84 -20  85],[-89  25  50],[-85  25  45],[  3  45 -45]
6634,45105,10515,51545,154510,[-75   0  50],[-65  30  15],[-70  40  45],[ 0 50 25]
6635,45105,10520,52045,204510,[-75   5  55],[-60  30  20],[-65  45  45],[ 5 55 15]
6636,45105,10525,52545,254510,[-75  10  60],[-55  30  25],[-60  50  45],[10 60  5]
6637,45105,10530,53045,304510,[-75  15  65],[-50  30  30],[-55  55  45],[15 65 -5]
6638,45105,10535,53545,354510,[-75  20  70],[-45  30  35],[-50  60  45],[ 20  70 -15]
6639,45105,10540,54045,404510,[-75  25  75],[-40  30  40],[-45  65  45],[ 25  75 -25]
6640,45105,10550,55045,504510,[-75  35  85],[-30  30  50],[-35  75  45],[ 35  85 -45]
6641,451015,10150,15045,04510,[-79  31  65],[-80  26  30],[-89  75  25],[-19  93 -45]
6642,451015,10155,15545,54510,[-65   0  20],[-75  40 -15],[-70  30  25],[ 0 20 45]
6643,451015,101520,152045,204510,[-65  15  35],[-60  40   0],[-55  45  25],[15 35 15]
6644,451015,101525,152545,254510,[-65  20  40],[-55  40   5],[-50  50  25],[20 40  5]
6645,451015,101530,153045,304510,[-65  25  45],[-50  40  10],[-45  55  25],[25 45 -5]
6646,451015,101535,153545,354510,[-65  30  50],[-45  40  15],[-40  60  25],[ 30  50 -15]
6647,451015,101540,154045,404510,[-65  35  55],[-40  40  20],[-35  65  25],[ 35  55 -25]
6648,451015,101550,155045,504510,[-65  45  65],[-30  40  30],[-25  75  25],[ 45  65 -45]
6649,451020,10200,20045,04510,[-60   0   5],[-80  45 -30],[-70  25  15],[ 0  5 55]
6650,451020,10205,20545,54510,[-60   5  10],[-75  45 -25],[-65  30  15],[ 5 10 45]
6651,451020,102015,201545,154510,[-60  15  20],[-65  45 -15],[-55  40  15],[15 20 25]
6652,451020,102025,202545,254510,[-60  25  30],[-55  45  -5],[-45  50  15],[25 30  5]
6653,451020,102030,203045,304510,[-60  30  35],[-50  45   0],[-40  55  15],[30 35 -5]
6654,451020,102035,203545,354510,[-60  35  40],[-45  45   5],[-35  60  15],[ 35  40 -15]
6655,451020,102040,204045,404510,[-60  40  45],[-40  45  10],[-30  65  15],[ 40  45 -25]
6656,451020,102050,205045,504510,[-60  50  55],[-30  45  20],[-20  75  15],[ 50  55 -45]
6657,451025,10250,25045,04510,[-78  32  45],[-80  27  10],[-88  75   5],[-18  91 -45]
6658,451025,10255,25545,54510,[-55  10   0],[-75  50 -35],[-60  30   5],[10  0 45]
6659,451025,102515,251545,154510,[-55  20  10],[-65  50 -25],[-50  40   5],[20 10 25]
6660,451025,102520,252045,204510,[-55  25  15],[-60  50 -20],[-45  45   5],[25 15 15]
6661,451025,102530,253045,304510,[-55  35  25],[-50  50 -10],[-35  55   5],[35 25 -5]
6662,451025,102535,253545,354510,[-55  40  30],[-45  50  -5],[-30  60   5],[ 40  30 -15]
6663,451025,102540,254045,404510,[-55  45  35],[-40  50   0],[-25  65   5],[ 45  35 -25]
6664,451025,102550,255045,504510,[-55  55  45],[-30  50  10],[-15  75   5],[ 55  45 -45]
6665,451030,10300,30045,04510,[-50  10 -15],[-80  55 -50],[-60  25  -5],[ 10 -15  55]
6666,451030,10305,30545,54510,[-50  15 -10],[-75  55 -45],[-55  30  -5],[ 15 -10  45]
6667,451030,103015,301545,154510,[-50  25   0],[-65  55 -35],[-45  40  -5],[25  0 25]
6668,451030,103020,302045,204510,[-50  30   5],[-60  55 -30],[-40  45  -5],[30  5 15]
6669,451030,103025,302545,254510,[-50  35  10],[-55  55 -25],[-35  50  -5],[35 10  5]
6670,451030,103035,303545,354510,[-50  45  20],[-45  55 -15],[-25  60  -5],[ 45  20 -15]
6671,451030,103040,304045,404510,[-50  50  25],[-40  55 -10],[-20  65  -5],[ 50  25 -25]
6672,451030,103050,305045,504510,[-50  60  35],[-30  55   0],[-10  75  -5],[ 60  35 -45]
6673,451035,10350,35045,04510,[-77  33  25],[-80  28 -10],[-87  75 -15],[-17  89 -45]
6674,451035,10355,35545,54510,[-45  20 -20],[-75  60 -55],[-50  30 -15],[ 20 -20  45]
6675,451035,103515,351545,154510,[-45  30 -10],[-65  60 -45],[-40  40 -15],[ 30 -10  25]
6676,451035,103520,352045,204510,[-45  35  -5],[-60  60 -40],[-35  45 -15],[35 -5 15]
6677,451035,103525,352545,254510,[-45  40   0],[-55  60 -35],[-30  50 -15],[40  0  5]
6678,451035,103530,353045,304510,[-45  45   5],[-50  60 -30],[-25  55 -15],[45  5 -5]
6679,451035,103540,354045,404510,[-45  55  15],[-40  60 -20],[-15  65 -15],[ 55  15 -25]
6680,451035,103550,355045,504510,[-45  65  25],[-30  60 -10],[ -5  75 -15],[ 65  25 -45]
6681,451040,10400,40045,04510,[-40  20 -35],[-80  65 -70],[-50  25 -25],[ 20 -35  55]
6682,451040,10405,40545,54510,[-40  25 -30],[-75  65 -65],[-45  30 -25],[ 25 -30  45]
6683,451040,104015,401545,154510,[-40  35 -20],[-65  65 -55],[-35  40 -25],[ 35 -20  25]
6684,451040,104020,402045,204510,[-40  40 -15],[-60  65 -50],[-30  45 -25],[ 40 -15  15]
6685,451040,104025,402545,254510,[-40  45 -10],[-55  65 -45],[-25  50 -25],[ 45 -10   5]
6686,451040,104030,403045,304510,[-40  50  -5],[-50  65 -40],[-20  55 -25],[50 -5 -5]
6687,451040,104035,403545,354510,[-40  55   0],[-45  65 -35],[-15  60 -25],[ 55   0 -15]
6688,451040,104050,405045,504510,[-40  70  15],[-30  65 -20],[  0  75 -25],[ 70  15 -45]
6689,451050,10500,50045,04510,[-30  30 -55],[-80  75 -90],[-40  25 -45],[ 30 -55  55]
6690,451050,10505,50545,54510,[-30  35 -50],[-75  75 -85],[-35  30 -45],[ 35 -50  45]
6691,451050,105015,501545,154510,[-30  45 -40],[-65  75 -75],[-25  40 -45],[ 45 -40  25]
6692,451050,105020,502045,204510,[-30  50 -35],[-60  75 -70],[-20  45 -45],[ 50 -35  15]
6693,451050,105025,502545,254510,[-30  55 -30],[-55  75 -65],[-15  50 -45],[ 55 -30   5]
6694,451050,105030,503045,304510,[-30  60 -25],[-50  75 -60],[-10  55 -45],[ 60 -25  -5]
6695,451050,105035,503545,354510,[-30  65 -20],[-45  75 -55],[ -5  60 -45],[ 65 -20 -15]
6696,451050,105040,504045,404510,[-30  70 -15],[-40  75 -50],[  0  65 -45],[ 70 -15 -25]
6697,45150,1505,0545,54515,[-89  53 -50],[-84  93 -80],[-85  48 -40],[  3 -50  50]
6698,45150,15010,01045,104515,[-89  58 -45],[-79  93 -75],[-80  53 -40],[  8 -45  40]
6699,45150,15020,02045,204515,[-89  68 -35],[-69  93 -65],[-70  63 -40],[ 18 -35  20]
6700,45150,15025,02545,254515,[-89  73 -30],[-64  93 -60],[-65  68 -40],[ 23 -30  10]
6701,45150,15030,03045,304515,[-89  78 -25],[-59  93 -55],[-60  73 -40],[ 28 -25   0]
6702,45150,15035,03545,354515,[-89  83 -20],[-54  93 -50],[-55  78 -40],[ 33 -20 -10]
6703,45150,15040,04045,404515,[-89  88 -15],[-49  93 -45],[-50  83 -40],[ 38 -15 -20]
6704,45150,15050,05045,504515,[-89  98  -5],[-39  93 -35],[-40  93 -40],[ 48  -5 -40]
6705,45155,1550,5045,04515,[-84 -25  85],[-89  20  55],[-85  15  50],[  3  35 -40]
6706,45155,15510,51045,104515,[-70 -15  45],[-65  20  15],[-75  25  50],[-15  45  40]
6707,45155,15520,52045,204515,[-70  -5  55],[-55  20  25],[-65  35  50],[-5 55 20]
6708,45155,15525,52545,254515,[-70   0  60],[-50  20  30],[-60  40  50],[ 0 60 10]
6709,45155,15530,53045,304515,[-70   5  65],[-45  20  35],[-55  45  50],[ 5 65  0]
6710,45155,15535,53545,354515,[-70  10  70],[-40  20  40],[-50  50  50],[ 10  70 -10]
6711,45155,15540,54045,404515,[-70  15  75],[-35  20  45],[-45  55  50],[ 15  75 -20]
6712,45155,15550,55045,504515,[-70  25  85],[-25  20  55],[-35  65  50],[ 25  85 -40]
6713,451510,15100,10045,04515,[-65 -20  25],[-75  25  -5],[-80  15  40],[-20  25  60]
6714,451510,15105,10545,54515,[-65 -15  30],[-70  25   0],[-75  20  40],[-15  30  50]
6715,451510,151020,102045,204515,[-65   0  45],[-55  25  15],[-60  35  40],[ 0 45 20]
6716,451510,151025,102545,254515,[-65   5  50],[-50  25  20],[-55  40  40],[ 5 50 10]
6717,451510,151030,103045,304515,[-65  10  55],[-45  25  25],[-50  45  40],[10 55  0]
6718,451510,151035,103545,354515,[-65  15  60],[-40  25  30],[-45  50  40],[ 15  60 -10]
6719,451510,151040,104045,404515,[-65  20  65],[-35  25  35],[-40  55  40],[ 20  65 -20]
6720,451510,151050,105045,504515,[-65  30  75],[-25  25  45],[-30  65  40],[ 30  75 -40]
6721,451520,15200,20045,04515,[-55 -10   5],[-75  35 -25],[-70  15  20],[-10   5  60]
6722,451520,15205,20545,54515,[-55  -5  10],[-70  35 -20],[-65  20  20],[-5 10 50]
6723,451520,152010,201045,104515,[-55   0  15],[-65  35 -15],[-60  25  20],[ 0 15 40]
6724,451520,152025,202545,254515,[-55  15  30],[-50  35   0],[-45  40  20],[15 30 10]
6725,451520,152030,203045,304515,[-55  20  35],[-45  35   5],[-40  45  20],[20 35  0]
6726,451520,152035,203545,354515,[-55  25  40],[-40  35  10],[-35  50  20],[ 25  40 -10]
6727,451520,152040,204045,404515,[-55  30  45],[-35  35  15],[-30  55  20],[ 30  45 -20]
6728,451520,152050,205045,504515,[-55  40  55],[-25  35  25],[-20  65  20],[ 40  55 -40]
6729,451525,15250,25045,04515,[-73  22  45],[-75  17  15],[-88  65  10],[-28  91 -40]
6730,451525,15255,25545,54515,[-50   0   0],[-70  40 -30],[-60  20  10],[ 0  0 50]
6731,451525,152510,251045,104515,[-50   5   5],[-65  40 -25],[-55  25  10],[ 5  5 40]
6732,451525,152520,252045,204515,[-50  15  15],[-55  40 -15],[-45  35  10],[15 15 20]
6733,451525,152530,253045,304515,[-50  25  25],[-45  40  -5],[-35  45  10],[25 25  0]
6734,451525,152535,253545,354515,[-50  30  30],[-40  40   0],[-30  50  10],[ 30  30 -10]
6735,451525,152540,254045,404515,[-50  35  35],[-35  40   5],[-25  55  10],[ 35  35 -20]
6736,451525,152550,255045,504515,[-50  45  45],[-25  40  15],[-15  65  10],[ 45  45 -40]
6737,451530,15300,30045,04515,[-45   0 -15],[-75  45 -45],[-60  15   0],[  0 -15  60]
6738,451530,15305,30545,54515,[-45   5 -10],[-70  45 -40],[-55  20   0],[  5 -10  50]
6739,451530,153010,301045,104515,[-45  10  -5],[-65  45 -35],[-50  25   0],[10 -5 40]
6740,451530,153020,302045,204515,[-45  20   5],[-55  45 -25],[-40  35   0],[20  5 20]
6741,451530,153025,302545,254515,[-45  25  10],[-50  45 -20],[-35  40   0],[25 10 10]
6742,451530,153035,303545,354515,[-45  35  20],[-40  45 -10],[-25  50   0],[ 35  20 -10]
6743,451530,153040,304045,404515,[-45  40  25],[-35  45  -5],[-20  55   0],[ 40  25 -20]
6744,451530,153050,305045,504515,[-45  50  35],[-25  45   5],[-10  65   0],[ 50  35 -40]
6745,451535,15350,35045,04515,[-72  23  25],[-75  18  -5],[-87  65 -10],[-27  89 -40]
6746,451535,15355,35545,54515,[-40  10 -20],[-70  50 -50],[-50  20 -10],[ 10 -20  50]
6747,451535,153510,351045,104515,[-40  15 -15],[-65  50 -45],[-45  25 -10],[ 15 -15  40]
6748,451535,153520,352045,204515,[-40  25  -5],[-55  50 -35],[-35  35 -10],[25 -5 20]
6749,451535,153525,352545,254515,[-40  30   0],[-50  50 -30],[-30  40 -10],[30  0 10]
6750,451535,153530,353045,304515,[-40  35   5],[-45  50 -25],[-25  45 -10],[35  5  0]
6751,451535,153540,354045,404515,[-40  45  15],[-35  50 -15],[-15  55 -10],[ 45  15 -20]
6752,451535,153550,355045,504515,[-40  55  25],[-25  50  -5],[ -5  65 -10],[ 55  25 -40]
6753,451540,15400,40045,04515,[-35  10 -35],[-75  55 -65],[-50  15 -20],[ 10 -35  60]
6754,451540,15405,40545,54515,[-35  15 -30],[-70  55 -60],[-45  20 -20],[ 15 -30  50]
6755,451540,154010,401045,104515,[-35  20 -25],[-65  55 -55],[-40  25 -20],[ 20 -25  40]
6756,451540,154020,402045,204515,[-35  30 -15],[-55  55 -45],[-30  35 -20],[ 30 -15  20]
6757,451540,154025,402545,254515,[-35  35 -10],[-50  55 -40],[-25  40 -20],[ 35 -10  10]
6758,451540,154030,403045,304515,[-35  40  -5],[-45  55 -35],[-20  45 -20],[40 -5  0]
6759,451540,154035,403545,354515,[-35  45   0],[-40  55 -30],[-15  50 -20],[ 45   0 -10]
6760,451540,154050,405045,504515,[-35  60  15],[-25  55 -15],[  0  65 -20],[ 60  15 -40]
6761,451550,15500,50045,04515,[-25  20 -55],[-75  65 -85],[-40  15 -40],[ 20 -55  60]
6762,451550,15505,50545,54515,[-25  25 -50],[-70  65 -80],[-35  20 -40],[ 25 -50  50]
6763,451550,155010,501045,104515,[-25  30 -45],[-65  65 -75],[-30  25 -40],[ 30 -45  40]
6764,451550,155020,502045,204515,[-25  40 -35],[-55  65 -65],[-20  35 -40],[ 40 -35  20]
6765,451550,155025,502545,254515,[-25  45 -30],[-50  65 -60],[-15  40 -40],[ 45 -30  10]
6766,451550,155030,503045,304515,[-25  50 -25],[-45  65 -55],[-10  45 -40],[ 50 -25   0]
6767,451550,155035,503545,354515,[-25  55 -20],[-40  65 -50],[ -5  50 -40],[ 55 -20 -10]
6768,451550,155040,504045,404515,[-25  60 -15],[-35  65 -45],[  0  55 -40],[ 60 -15 -20]
6769,45200,2005,0545,54520,[-70 -35  50],[-65   5  25],[-85  10  65],[-35  50  55]
6770,45200,20010,01045,104520,[-70 -30  55],[-60   5  30],[-80  15  65],[-30  55  45]
6771,45200,20015,01545,154520,[-70 -25  60],[-55   5  35],[-75  20  65],[-25  60  35]
6772,45200,20025,02545,254520,[-70 -15  70],[-45   5  45],[-65  30  65],[-15  70  15]
6773,45200,20030,03045,304520,[-70 -10  75],[-40   5  50],[-60  35  65],[-10  75   5]
6774,45200,20035,03545,354520,[-70  -5  80],[-35   5  55],[-55  40  65],[-5 80 -5]
6775,45200,20040,04045,404520,[-70   0  85],[-30   5  60],[-50  45  65],[  0  85 -15]
6776,45200,20050,05045,504520,[-70  10  95],[-20   5  70],[-40  55  65],[ 10  95 -35]
6777,45205,2050,5045,04520,[-83 -40  85],[-88   5  60],[-85   5  55],[  1  45 -35]
6778,45205,20510,51045,104520,[-65 -25  45],[-60  10  20],[-75  15  55],[-25  45  45]
6779,45205,20515,51545,154520,[-65 -20  50],[-55  10  25],[-70  20  55],[-20  50  35]
6780,45205,20525,52545,254520,[-65 -10  60],[-45  10  35],[-60  30  55],[-10  60  15]
6781,45205,20530,53045,304520,[-65  -5  65],[-40  10  40],[-55  35  55],[-5 65  5]
6782,45205,20535,53545,354520,[-65   0  70],[-35  10  45],[-50  40  55],[ 0 70 -5]
6783,45205,20540,54045,404520,[-65   5  75],[-30  10  50],[-45  45  55],[  5  75 -15]
6784,45205,20550,55045,504520,[-65  15  85],[-20  10  60],[-35  55  55],[ 15  85 -35]
6785,452010,20100,10045,04520,[-60 -30  25],[-70  15   0],[-80   5  45],[-30  25  65]
6786,452010,20105,10545,54520,[-60 -25  30],[-65  15   5],[-75  10  45],[-25  30  55]
6787,452010,201015,101545,154520,[-60 -15  40],[-55  15  15],[-65  20  45],[-15  40  35]
6788,452010,201025,102545,254520,[-60  -5  50],[-45  15  25],[-55  30  45],[-5 50 15]
6789,452010,201030,103045,304520,[-60   0  55],[-40  15  30],[-50  35  45],[ 0 55  5]
6790,452010,201035,103545,354520,[-60   5  60],[-35  15  35],[-45  40  45],[ 5 60 -5]
6791,452010,201040,104045,404520,[-60  10  65],[-30  15  40],[-40  45  45],[ 10  65 -15]
6792,452010,201050,105045,504520,[-60  20  75],[-20  15  50],[-30  55  45],[ 20  75 -35]
6793,452015,20150,15045,04520,[-69  11  65],[-70   6  40],[-89  55  35],[-39  93 -35]
6794,452015,20155,15545,54520,[-55 -20  20],[-65  20  -5],[-70  10  35],[-20  20  55]
6795,452015,201510,151045,104520,[-55 -15  25],[-60  20   0],[-65  15  35],[-15  25  45]
6796,452015,201525,152545,254520,[-55   0  40],[-45  20  15],[-50  30  35],[ 0 40 15]
6797,452015,201530,153045,304520,[-55   5  45],[-40  20  20],[-45  35  35],[ 5 45  5]
6798,452015,201535,153545,354520,[-55  10  50],[-35  20  25],[-40  40  35],[10 50 -5]
6799,452015,201540,154045,404520,[-55  15  55],[-30  20  30],[-35  45  35],[ 15  55 -15]
6800,452015,201550,155045,504520,[-55  25  65],[-20  20  40],[-25  55  35],[ 25  65 -35]
6801,452025,20250,25045,04520,[-68  12  45],[-70   7  20],[-88  55  15],[-38  91 -35]
6802,452025,20255,25545,54520,[-45 -10   0],[-65  30 -25],[-60  10  15],[-10   0  55]
6803,452025,202510,251045,104520,[-45  -5   5],[-60  30 -20],[-55  15  15],[-5  5 45]
6804,452025,202515,251545,154520,[-45   0  10],[-55  30 -15],[-50  20  15],[ 0 10 35]
6805,452025,202530,253045,304520,[-45  15  25],[-40  30   0],[-35  35  15],[15 25  5]
6806,452025,202535,253545,354520,[-45  20  30],[-35  30   5],[-30  40  15],[20 30 -5]
6807,452025,202540,254045,404520,[-45  25  35],[-30  30  10],[-25  45  15],[ 25  35 -15]
6808,452025,202550,255045,504520,[-45  35  45],[-20  30  20],[-15  55  15],[ 35  45 -35]
6809,452030,20300,30045,04520,[-40 -10 -15],[-70  35 -40],[-60   5   5],[-10 -15  65]
6810,452030,20305,30545,54520,[-40  -5 -10],[-65  35 -35],[-55  10   5],[ -5 -10  55]
6811,452030,203010,301045,104520,[-40   0  -5],[-60  35 -30],[-50  15   5],[ 0 -5 45]
6812,452030,203015,301545,154520,[-40   5   0],[-55  35 -25],[-45  20   5],[ 5  0 35]
6813,452030,203025,302545,254520,[-40  15  10],[-45  35 -15],[-35  30   5],[15 10 15]
6814,452030,203035,303545,354520,[-40  25  20],[-35  35  -5],[-25  40   5],[25 20 -5]
6815,452030,203040,304045,404520,[-40  30  25],[-30  35   0],[-20  45   5],[ 30  25 -15]
6816,452030,203050,305045,504520,[-40  40  35],[-20  35  10],[-10  55   5],[ 40  35 -35]
6817,452035,20350,35045,04520,[-67  13  25],[-70   8   0],[-87  55  -5],[-37  89 -35]
6818,452035,20355,35545,54520,[-35   0 -20],[-65  40 -45],[-50  10  -5],[  0 -20  55]
6819,452035,203510,351045,104520,[-35   5 -15],[-60  40 -40],[-45  15  -5],[  5 -15  45]
6820,452035,203515,351545,154520,[-35  10 -10],[-55  40 -35],[-40  20  -5],[ 10 -10  35]
6821,452035,203525,352545,254520,[-35  20   0],[-45  40 -25],[-30  30  -5],[20  0 15]
6822,452035,203530,353045,304520,[-35  25   5],[-40  40 -20],[-25  35  -5],[25  5  5]
6823,452035,203540,354045,404520,[-35  35  15],[-30  40 -10],[-15  45  -5],[ 35  15 -15]
6824,452035,203550,355045,504520,[-35  45  25],[-20  40   0],[-5 55 -5],[ 45  25 -35]
6825,452040,20400,40045,04520,[-30   0 -35],[-70  45 -60],[-50   5 -15],[  0 -35  65]
6826,452040,20405,40545,54520,[-30   5 -30],[-65  45 -55],[-45  10 -15],[  5 -30  55]
6827,452040,204010,401045,104520,[-30  10 -25],[-60  45 -50],[-40  15 -15],[ 10 -25  45]
6828,452040,204015,401545,154520,[-30  15 -20],[-55  45 -45],[-35  20 -15],[ 15 -20  35]
6829,452040,204025,402545,254520,[-30  25 -10],[-45  45 -35],[-25  30 -15],[ 25 -10  15]
6830,452040,204030,403045,304520,[-30  30  -5],[-40  45 -30],[-20  35 -15],[30 -5  5]
6831,452040,204035,403545,354520,[-30  35   0],[-35  45 -25],[-15  40 -15],[35  0 -5]
6832,452040,204050,405045,504520,[-30  50  15],[-20  45 -10],[  0  55 -15],[ 50  15 -35]
6833,452050,20500,50045,04520,[-20  10 -55],[-70  55 -80],[-40   5 -35],[ 10 -55  65]
6834,452050,20505,50545,54520,[-20  15 -50],[-65  55 -75],[-35  10 -35],[ 15 -50  55]
6835,452050,205010,501045,104520,[-20  20 -45],[-60  55 -70],[-30  15 -35],[ 20 -45  45]
6836,452050,205015,501545,154520,[-20  25 -40],[-55  55 -65],[-25  20 -35],[ 25 -40  35]
6837,452050,205025,502545,254520,[-20  35 -30],[-45  55 -55],[-15  30 -35],[ 35 -30  15]
6838,452050,205030,503045,304520,[-20  40 -25],[-40  55 -50],[-10  35 -35],[ 40 -25   5]
6839,452050,205035,503545,354520,[-20  45 -20],[-35  55 -45],[ -5  40 -35],[ 45 -20  -5]
6840,452050,205040,504045,404520,[-20  50 -15],[-30  55 -40],[  0  45 -35],[ 50 -15 -15]
6841,45250,2505,0545,54525,[-88  51 -50],[-83  91 -70],[-85  46 -30],[  1 -50  60]
6842,45250,25010,01045,104525,[-88  56 -45],[-78  91 -65],[-80  51 -30],[  6 -45  50]
6843,45250,25015,01545,154525,[-88  61 -40],[-73  91 -60],[-75  56 -30],[ 11 -40  40]
6844,45250,25020,02045,204525,[-88  66 -35],[-68  91 -55],[-70  61 -30],[ 16 -35  30]
6845,45250,25030,03045,304525,[-88  76 -25],[-58  91 -45],[-60  71 -30],[ 26 -25  10]
6846,45250,25035,03545,354525,[-88  81 -20],[-53  91 -40],[-55  76 -30],[ 31 -20   0]
6847,45250,25040,04045,404525,[-88  86 -15],[-48  91 -35],[-50  81 -30],[ 36 -15 -10]
6848,45250,25050,05045,504525,[-88  96  -5],[-38  91 -25],[-40  91 -30],[ 46  -5 -30]
6849,45255,2550,5045,04525,[-83 -45  85],[-88   0  65],[-85  -5  60],[  1  35 -30]
6850,45255,25510,51045,104525,[-60 -35  45],[-55   0  25],[-75   5  60],[-35  45  50]
6851,45255,25515,51545,154525,[-60 -30  50],[-50   0  30],[-70  10  60],[-30  50  40]
6852,45255,25520,52045,204525,[-60 -25  55],[-45   0  35],[-65  15  60],[-25  55  30]
6853,45255,25530,53045,304525,[-60 -15  65],[-35   0  45],[-55  25  60],[-15  65  10]
6854,45255,25535,53545,354525,[-60 -10  70],[-30   0  50],[-50  30  60],[-10  70   0]
6855,45255,25540,54045,404525,[-60  -5  75],[-25   0  55],[-45  35  60],[ -5  75 -10]
6856,45255,25550,55045,504525,[-60   5  85],[-15   0  65],[-35  45  60],[  5  85 -30]
6857,452510,25100,10045,04525,[-55 -40  25],[-65   5   5],[-80  -5  50],[-40  25  70]
6858,452510,25105,10545,54525,[-55 -35  30],[-60   5  10],[-75   0  50],[-35  30  60]
6859,452510,251015,101545,154525,[-55 -25  40],[-50   5  20],[-65  10  50],[-25  40  40]
6860,452510,251020,102045,204525,[-55 -20  45],[-45   5  25],[-60  15  50],[-20  45  30]
6861,452510,251030,103045,304525,[-55 -10  55],[-35   5  35],[-50  25  50],[-10  55  10]
6862,452510,251035,103545,354525,[-55  -5  60],[-30   5  40],[-45  30  50],[-5 60  0]
6863,452510,251040,104045,404525,[-55   0  65],[-25   5  45],[-40  35  50],[  0  65 -10]
6864,452510,251050,105045,504525,[-55  10  75],[-15   5  55],[-30  45  50],[ 10  75 -30]
6865,452515,25150,15045,04525,[-64   1  65],[-65  -4  45],[-89  45  40],[-49  93 -30]
6866,452515,25155,15545,54525,[-50 -30  20],[-60  10   0],[-70   0  40],[-30  20  60]
6867,452515,251510,151045,104525,[-50 -25  25],[-55  10   5],[-65   5  40],[-25  25  50]
6868,452515,251520,152045,204525,[-50 -15  35],[-45  10  15],[-55  15  40],[-15  35  30]
6869,452515,251530,153045,304525,[-50  -5  45],[-35  10  25],[-45  25  40],[-5 45 10]
6870,452515,251535,153545,354525,[-50   0  50],[-30  10  30],[-40  30  40],[ 0 50  0]
6871,452515,251540,154045,404525,[-50   5  55],[-25  10  35],[-35  35  40],[  5  55 -10]
6872,452515,251550,155045,504525,[-50  15  65],[-15  10  45],[-25  45  40],[ 15  65 -30]
6873,452520,25200,20045,04525,[-45 -30   5],[-65  15 -15],[-70  -5  30],[-30   5  70]
6874,452520,25205,20545,54525,[-45 -25  10],[-60  15 -10],[-65   0  30],[-25  10  60]
6875,452520,252010,201045,104525,[-45 -20  15],[-55  15  -5],[-60   5  30],[-20  15  50]
6876,452520,252015,201545,154525,[-45 -15  20],[-50  15   0],[-55  10  30],[-15  20  40]
6877,452520,252030,203045,304525,[-45   0  35],[-35  15  15],[-40  25  30],[ 0 35 10]
6878,452520,252035,203545,354525,[-45   5  40],[-30  15  20],[-35  30  30],[ 5 40  0]
6879,452520,252040,204045,404525,[-45  10  45],[-25  15  25],[-30  35  30],[ 10  45 -10]
6880,452520,252050,205045,504525,[-45  20  55],[-15  15  35],[-20  45  30],[ 20  55 -30]
6881,452530,25300,30045,04525,[-35 -20 -15],[-65  25 -35],[-60  -5  10],[-20 -15  70]
6882,452530,25305,30545,54525,[-35 -15 -10],[-60  25 -30],[-55   0  10],[-15 -10  60]
6883,452530,253010,301045,104525,[-35 -10  -5],[-55  25 -25],[-50   5  10],[-10  -5  50]
6884,452530,253015,301545,154525,[-35  -5   0],[-50  25 -20],[-45  10  10],[-5  0 40]
6885,452530,253020,302045,204525,[-35   0   5],[-45  25 -15],[-40  15  10],[ 0  5 30]
6886,452530,253035,303545,354525,[-35  15  20],[-30  25   0],[-25  30  10],[15 20  0]
6887,452530,253040,304045,404525,[-35  20  25],[-25  25   5],[-20  35  10],[ 20  25 -10]
6888,452530,253050,305045,504525,[-35  30  35],[-15  25  15],[-10  45  10],[ 30  35 -30]
6889,452535,25350,35045,04525,[-62   3  25],[-65  -2   5],[-87  45   0],[-47  89 -30]
6890,452535,25355,35545,54525,[-30 -10 -20],[-60  30 -40],[-50   0   0],[-10 -20  60]
6891,452535,253510,351045,104525,[-30  -5 -15],[-55  30 -35],[-45   5   0],[ -5 -15  50]
6892,452535,253515,351545,154525,[-30   0 -10],[-50  30 -30],[-40  10   0],[  0 -10  40]
6893,452535,253520,352045,204525,[-30   5  -5],[-45  30 -25],[-35  15   0],[ 5 -5 30]
6894,452535,253530,353045,304525,[-30  15   5],[-35  30 -15],[-25  25   0],[15  5 10]
6895,452535,253540,354045,404525,[-30  25  15],[-25  30  -5],[-15  35   0],[ 25  15 -10]
6896,452535,253550,355045,504525,[-30  35  25],[-15  30   5],[-5 45  0],[ 35  25 -30]
6897,452540,25400,40045,04525,[-25 -10 -35],[-65  35 -55],[-50  -5 -10],[-10 -35  70]
6898,452540,25405,40545,54525,[-25  -5 -30],[-60  35 -50],[-45   0 -10],[ -5 -30  60]
6899,452540,254010,401045,104525,[-25   0 -25],[-55  35 -45],[-40   5 -10],[  0 -25  50]
6900,452540,254015,401545,154525,[-25   5 -20],[-50  35 -40],[-35  10 -10],[  5 -20  40]
6901,452540,254020,402045,204525,[-25  10 -15],[-45  35 -35],[-30  15 -10],[ 10 -15  30]
6902,452540,254030,403045,304525,[-25  20  -5],[-35  35 -25],[-20  25 -10],[20 -5 10]
6903,452540,254035,403545,354525,[-25  25   0],[-30  35 -20],[-15  30 -10],[25  0  0]
6904,452540,254050,405045,504525,[-25  40  15],[-15  35  -5],[  0  45 -10],[ 40  15 -30]
6905,452550,25500,50045,04525,[-15   0 -55],[-65  45 -75],[-40  -5 -30],[  0 -55  70]
6906,452550,25505,50545,54525,[-15   5 -50],[-60  45 -70],[-35   0 -30],[  5 -50  60]
6907,452550,255010,501045,104525,[-15  10 -45],[-55  45 -65],[-30   5 -30],[ 10 -45  50]
6908,452550,255015,501545,154525,[-15  15 -40],[-50  45 -60],[-25  10 -30],[ 15 -40  40]
6909,452550,255020,502045,204525,[-15  20 -35],[-45  45 -55],[-20  15 -30],[ 20 -35  30]
6910,452550,255030,503045,304525,[-15  30 -25],[-35  45 -45],[-10  25 -30],[ 30 -25  10]
6911,452550,255035,503545,354525,[-15  35 -20],[-30  45 -40],[ -5  30 -30],[ 35 -20   0]
6912,452550,255040,504045,404525,[-15  40 -15],[-25  45 -35],[  0  35 -30],[ 40 -15 -10]
6913,45300,3005,0545,54530,[-60 -55  50],[-55 -15  35],[-85 -10  75],[-55  50  65]
6914,45300,30010,01045,104530,[-60 -50  55],[-50 -15  40],[-80  -5  75],[-50  55  55]
6915,45300,30015,01545,154530,[-60 -45  60],[-45 -15  45],[-75   0  75],[-45  60  45]
6916,45300,30020,02045,204530,[-60 -40  65],[-40 -15  50],[-70   5  75],[-40  65  35]
6917,45300,30025,02545,254530,[-60 -35  70],[-35 -15  55],[-65  10  75],[-35  70  25]
6918,45300,30035,03545,354530,[-60 -25  80],[-25 -15  65],[-55  20  75],[-25  80   5]
6919,45300,30040,04045,404530,[-60 -20  85],[-20 -15  70],[-50  25  75],[-20  85  -5]
6920,45300,30050,05045,504530,[-60 -10  95],[-10 -15  80],[-40  35  75],[-10  95 -25]
6921,45305,3050,5045,04530,[-82 -60  85],[-87 -15  70],[-85 -15  65],[ -1  45 -25]
6922,45305,30510,51045,104530,[-55 -45  45],[-50 -10  30],[-75  -5  65],[-45  45  55]
6923,45305,30515,51545,154530,[-55 -40  50],[-45 -10  35],[-70   0  65],[-40  50  45]
6924,45305,30520,52045,204530,[-55 -35  55],[-40 -10  40],[-65   5  65],[-35  55  35]
6925,45305,30525,52545,254530,[-55 -30  60],[-35 -10  45],[-60  10  65],[-30  60  25]
6926,45305,30535,53545,354530,[-55 -20  70],[-25 -10  55],[-50  20  65],[-20  70   5]
6927,45305,30540,54045,404530,[-55 -15  75],[-20 -10  60],[-45  25  65],[-15  75  -5]
6928,45305,30550,55045,504530,[-55  -5  85],[-10 -10  70],[-35  35  65],[ -5  85 -25]
6929,453010,30100,10045,04530,[-50 -50  25],[-60  -5  10],[-80 -15  55],[-50  25  75]
6930,453010,30105,10545,54530,[-50 -45  30],[-55  -5  15],[-75 -10  55],[-45  30  65]
6931,453010,301015,101545,154530,[-50 -35  40],[-45  -5  25],[-65   0  55],[-35  40  45]
6932,453010,301020,102045,204530,[-50 -30  45],[-40  -5  30],[-60   5  55],[-30  45  35]
6933,453010,301025,102545,254530,[-50 -25  50],[-35  -5  35],[-55  10  55],[-25  50  25]
6934,453010,301035,103545,354530,[-50 -15  60],[-25  -5  45],[-45  20  55],[-15  60   5]
6935,453010,301040,104045,404530,[-50 -10  65],[-20  -5  50],[-40  25  55],[-10  65  -5]
6936,453010,301050,105045,504530,[-50   0  75],[-10  -5  60],[-30  35  55],[  0  75 -25]
6937,453015,30150,15045,04530,[-59  -9  65],[-60 -14  50],[-89  35  45],[-59  93 -25]
6938,453015,30155,15545,54530,[-45 -40  20],[-55   0   5],[-70 -10  45],[-40  20  65]
6939,453015,301510,151045,104530,[-45 -35  25],[-50   0  10],[-65  -5  45],[-35  25  55]
6940,453015,301520,152045,204530,[-45 -25  35],[-40   0  20],[-55   5  45],[-25  35  35]
6941,453015,301525,152545,254530,[-45 -20  40],[-35   0  25],[-50  10  45],[-20  40  25]
6942,453015,301535,153545,354530,[-45 -10  50],[-25   0  35],[-40  20  45],[-10  50   5]
6943,453015,301540,154045,404530,[-45  -5  55],[-20   0  40],[-35  25  45],[-5 55 -5]
6944,453015,301550,155045,504530,[-45   5  65],[-10   0  50],[-25  35  45],[  5  65 -25]
6945,453020,30200,20045,04530,[-40 -40   5],[-60   5 -10],[-70 -15  35],[-40   5  75]
6946,453020,30205,20545,54530,[-40 -35  10],[-55   5  -5],[-65 -10  35],[-35  10  65]
6947,453020,302010,201045,104530,[-40 -30  15],[-50   5   0],[-60  -5  35],[-30  15  55]
6948,453020,302015,201545,154530,[-40 -25  20],[-45   5   5],[-55   0  35],[-25  20  45]
6949,453020,302025,202545,254530,[-40 -15  30],[-35   5  15],[-45  10  35],[-15  30  25]
6950,453020,302035,203545,354530,[-40  -5  40],[-25   5  25],[-35  20  35],[-5 40  5]
6951,453020,302040,204045,404530,[-40   0  45],[-20   5  30],[-30  25  35],[ 0 45 -5]
6952,453020,302050,205045,504530,[-40  10  55],[-10   5  40],[-20  35  35],[ 10  55 -25]
6953,453025,30250,25045,04530,[-58  -8  45],[-60 -13  30],[-88  35  25],[-58  91 -25]
6954,453025,30255,25545,54530,[-35 -30   0],[-55  10 -15],[-60 -10  25],[-30   0  65]
6955,453025,302510,251045,104530,[-35 -25   5],[-50  10 -10],[-55  -5  25],[-25   5  55]
6956,453025,302515,251545,154530,[-35 -20  10],[-45  10  -5],[-50   0  25],[-20  10  45]
6957,453025,302520,252045,204530,[-35 -15  15],[-40  10   0],[-45   5  25],[-15  15  35]
6958,453025,302535,253545,354530,[-35   0  30],[-25  10  15],[-30  20  25],[ 0 30  5]
6959,453025,302540,254045,404530,[-35   5  35],[-20  10  20],[-25  25  25],[ 5 35 -5]
6960,453025,302550,255045,504530,[-35  15  45],[-10  10  30],[-15  35  25],[ 15  45 -25]
6961,453035,30350,35045,04530,[-57  -7  25],[-60 -12  10],[-87  35   5],[-57  89 -25]
6962,453035,30355,35545,54530,[-25 -20 -20],[-55  20 -35],[-50 -10   5],[-20 -20  65]
6963,453035,303510,351045,104530,[-25 -15 -15],[-50  20 -30],[-45  -5   5],[-15 -15  55]
6964,453035,303515,351545,154530,[-25 -10 -10],[-45  20 -25],[-40   0   5],[-10 -10  45]
6965,453035,303520,352045,204530,[-25  -5  -5],[-40  20 -20],[-35   5   5],[-5 -5 35]
6966,453035,303525,352545,254530,[-25   0   0],[-35  20 -15],[-30  10   5],[ 0  0 25]
6967,453035,303540,354045,404530,[-25  15  15],[-20  20   0],[-15  25   5],[15 15 -5]
6968,453035,303550,355045,504530,[-25  25  25],[-10  20  10],[-5 35  5],[ 25  25 -25]
6969,453040,30400,40045,04530,[-20 -20 -35],[-60  25 -50],[-50 -15  -5],[-20 -35  75]
6970,453040,30405,40545,54530,[-20 -15 -30],[-55  25 -45],[-45 -10  -5],[-15 -30  65]
6971,453040,304010,401045,104530,[-20 -10 -25],[-50  25 -40],[-40  -5  -5],[-10 -25  55]
6972,453040,304015,401545,154530,[-20  -5 -20],[-45  25 -35],[-35   0  -5],[ -5 -20  45]
6973,453040,304020,402045,204530,[-20   0 -15],[-40  25 -30],[-30   5  -5],[  0 -15  35]
6974,453040,304025,402545,254530,[-20   5 -10],[-35  25 -25],[-25  10  -5],[  5 -10  25]
6975,453040,304035,403545,354530,[-20  15   0],[-25  25 -15],[-15  20  -5],[15  0  5]
6976,453040,304050,405045,504530,[-20  30  15],[-10  25   0],[ 0 35 -5],[ 30  15 -25]
6977,453050,30500,50045,04530,[-10 -10 -55],[-60  35 -70],[-40 -15 -25],[-10 -55  75]
6978,453050,30505,50545,54530,[-10  -5 -50],[-55  35 -65],[-35 -10 -25],[ -5 -50  65]
6979,453050,305010,501045,104530,[-10   0 -45],[-50  35 -60],[-30  -5 -25],[  0 -45  55]
6980,453050,305015,501545,154530,[-10   5 -40],[-45  35 -55],[-25   0 -25],[  5 -40  45]
6981,453050,305020,502045,204530,[-10  10 -35],[-40  35 -50],[-20   5 -25],[ 10 -35  35]
6982,453050,305025,502545,254530,[-10  15 -30],[-35  35 -45],[-15  10 -25],[ 15 -30  25]
6983,453050,305035,503545,354530,[-10  25 -20],[-25  35 -35],[ -5  20 -25],[ 25 -20   5]
6984,453050,305040,504045,404530,[-10  30 -15],[-20  35 -30],[  0  25 -25],[ 30 -15  -5]
6985,45350,3505,0545,54535,[-87  49 -50],[-82  89 -60],[-85  44 -20],[ -1 -50  70]
6986,45350,35010,01045,104535,[-87  54 -45],[-77  89 -55],[-80  49 -20],[  4 -45  60]
6987,45350,35015,01545,154535,[-87  59 -40],[-72  89 -50],[-75  54 -20],[  9 -40  50]
6988,45350,35020,02045,204535,[-87  64 -35],[-67  89 -45],[-70  59 -20],[ 14 -35  40]
6989,45350,35025,02545,254535,[-87  69 -30],[-62  89 -40],[-65  64 -20],[ 19 -30  30]
6990,45350,35030,03045,304535,[-87  74 -25],[-57  89 -35],[-60  69 -20],[ 24 -25  20]
6991,45350,35040,04045,404535,[-87  84 -15],[-47  89 -25],[-50  79 -20],[ 34 -15   0]
6992,45350,35050,05045,504535,[-87  94  -5],[-37  89 -15],[-40  89 -20],[ 44  -5 -20]
6993,45355,3550,5045,04535,[-82 -65  85],[-87 -20  75],[-85 -25  70],[ -1  35 -20]
6994,45355,35510,51045,104535,[-50 -55  45],[-45 -20  35],[-75 -15  70],[-55  45  60]
6995,45355,35515,51545,154535,[-50 -50  50],[-40 -20  40],[-70 -10  70],[-50  50  50]
6996,45355,35520,52045,204535,[-50 -45  55],[-35 -20  45],[-65  -5  70],[-45  55  40]
6997,45355,35525,52545,254535,[-50 -40  60],[-30 -20  50],[-60   0  70],[-40  60  30]
6998,45355,35530,53045,304535,[-50 -35  65],[-25 -20  55],[-55   5  70],[-35  65  20]
6999,45355,35540,54045,404535,[-50 -25  75],[-15 -20  65],[-45  15  70],[-25  75   0]
7000,45355,35550,55045,504535,[-50 -15  85],[ -5 -20  75],[-35  25  70],[-15  85 -20]
7001,453510,35100,10045,04535,[-45 -60  25],[-55 -15  15],[-80 -25  60],[-60  25  80]
7002,453510,35105,10545,54535,[-45 -55  30],[-50 -15  20],[-75 -20  60],[-55  30  70]
7003,453510,351015,101545,154535,[-45 -45  40],[-40 -15  30],[-65 -10  60],[-45  40  50]
7004,453510,351020,102045,204535,[-45 -40  45],[-35 -15  35],[-60  -5  60],[-40  45  40]
7005,453510,351025,102545,254535,[-45 -35  50],[-30 -15  40],[-55   0  60],[-35  50  30]
7006,453510,351030,103045,304535,[-45 -30  55],[-25 -15  45],[-50   5  60],[-30  55  20]
7007,453510,351040,104045,404535,[-45 -20  65],[-15 -15  55],[-40  15  60],[-20  65   0]
7008,453510,351050,105045,504535,[-45 -10  75],[ -5 -15  65],[-30  25  60],[-10  75 -20]
7009,453515,35150,15045,04535,[-54 -19  65],[-55 -24  55],[-89  25  50],[-69  93 -20]
7010,453515,35155,15545,54535,[-40 -50  20],[-50 -10  10],[-70 -20  50],[-50  20  70]
7011,453515,351510,151045,104535,[-40 -45  25],[-45 -10  15],[-65 -15  50],[-45  25  60]
7012,453515,351520,152045,204535,[-40 -35  35],[-35 -10  25],[-55  -5  50],[-35  35  40]
7013,453515,351525,152545,254535,[-40 -30  40],[-30 -10  30],[-50   0  50],[-30  40  30]
7014,453515,351530,153045,304535,[-40 -25  45],[-25 -10  35],[-45   5  50],[-25  45  20]
7015,453515,351540,154045,404535,[-40 -15  55],[-15 -10  45],[-35  15  50],[-15  55   0]
7016,453515,351550,155045,504535,[-40  -5  65],[ -5 -10  55],[-25  25  50],[ -5  65 -20]
7017,453520,35200,20045,04535,[-35 -50   5],[-55  -5  -5],[-70 -25  40],[-50   5  80]
7018,453520,35205,20545,54535,[-35 -45  10],[-50  -5   0],[-65 -20  40],[-45  10  70]
7019,453520,352010,201045,104535,[-35 -40  15],[-45  -5   5],[-60 -15  40],[-40  15  60]
7020,453520,352015,201545,154535,[-35 -35  20],[-40  -5  10],[-55 -10  40],[-35  20  50]
7021,453520,352025,202545,254535,[-35 -25  30],[-30  -5  20],[-45   0  40],[-25  30  30]
7022,453520,352030,203045,304535,[-35 -20  35],[-25  -5  25],[-40   5  40],[-20  35  20]
7023,453520,352040,204045,404535,[-35 -10  45],[-15  -5  35],[-30  15  40],[-10  45   0]
7024,453520,352050,205045,504535,[-35   0  55],[-5 -5 45],[-20  25  40],[  0  55 -20]
7025,453525,35250,25045,04535,[-53 -18  45],[-55 -23  35],[-88  25  30],[-68  91 -20]
7026,453525,35255,25545,54535,[-30 -40   0],[-50   0 -10],[-60 -20  30],[-40   0  70]
7027,453525,352510,251045,104535,[-30 -35   5],[-45   0  -5],[-55 -15  30],[-35   5  60]
7028,453525,352515,251545,154535,[-30 -30  10],[-40   0   0],[-50 -10  30],[-30  10  50]
7029,453525,352520,252045,204535,[-30 -25  15],[-35   0   5],[-45  -5  30],[-25  15  40]
7030,453525,352530,253045,304535,[-30 -15  25],[-25   0  15],[-35   5  30],[-15  25  20]
7031,453525,352540,254045,404535,[-30  -5  35],[-15   0  25],[-25  15  30],[-5 35  0]
7032,453525,352550,255045,504535,[-30   5  45],[-5  0 35],[-15  25  30],[  5  45 -20]
7033,453530,35300,30045,04535,[-25 -40 -15],[-55   5 -25],[-60 -25  20],[-40 -15  80]
7034,453530,35305,30545,54535,[-25 -35 -10],[-50   5 -20],[-55 -20  20],[-35 -10  70]
7035,453530,353010,301045,104535,[-25 -30  -5],[-45   5 -15],[-50 -15  20],[-30  -5  60]
7036,453530,353015,301545,154535,[-25 -25   0],[-40   5 -10],[-45 -10  20],[-25   0  50]
7037,453530,353020,302045,204535,[-25 -20   5],[-35   5  -5],[-40  -5  20],[-20   5  40]
7038,453530,353025,302545,254535,[-25 -15  10],[-30   5   0],[-35   0  20],[-15  10  30]
7039,453530,353040,304045,404535,[-25   0  25],[-15   5  15],[-20  15  20],[ 0 25  0]
7040,453530,353050,305045,504535,[-25  10  35],[-5  5 25],[-10  25  20],[ 10  35 -20]
7041,453540,35400,40045,04535,[-15 -30 -35],[-55  15 -45],[-50 -25   0],[-30 -35  80]
7042,453540,35405,40545,54535,[-15 -25 -30],[-50  15 -40],[-45 -20   0],[-25 -30  70]
7043,453540,354010,401045,104535,[-15 -20 -25],[-45  15 -35],[-40 -15   0],[-20 -25  60]
7044,453540,354015,401545,154535,[-15 -15 -20],[-40  15 -30],[-35 -10   0],[-15 -20  50]
7045,453540,354020,402045,204535,[-15 -10 -15],[-35  15 -25],[-30  -5   0],[-10 -15  40]
7046,453540,354025,402545,254535,[-15  -5 -10],[-30  15 -20],[-25   0   0],[ -5 -10  30]
7047,453540,354030,403045,304535,[-15   0  -5],[-25  15 -15],[-20   5   0],[ 0 -5 20]
7048,453540,354050,405045,504535,[-15  20  15],[-5 15  5],[ 0 25  0],[ 20  15 -20]
7049,453550,35500,50045,04535,[ -5 -20 -55],[-55  25 -65],[-40 -25 -20],[-20 -55  80]
7050,453550,35505,50545,54535,[ -5 -15 -50],[-50  25 -60],[-35 -20 -20],[-15 -50  70]
7051,453550,355010,501045,104535,[ -5 -10 -45],[-45  25 -55],[-30 -15 -20],[-10 -45  60]
7052,453550,355015,501545,154535,[ -5  -5 -40],[-40  25 -50],[-25 -10 -20],[ -5 -40  50]
7053,453550,355020,502045,204535,[ -5   0 -35],[-35  25 -45],[-20  -5 -20],[  0 -35  40]
7054,453550,355025,502545,254535,[ -5   5 -30],[-30  25 -40],[-15   0 -20],[  5 -30  30]
7055,453550,355030,503045,304535,[ -5  10 -25],[-25  25 -35],[-10   5 -20],[ 10 -25  20]
7056,453550,355040,504045,404535,[ -5  20 -15],[-15  25 -25],[  0  15 -20],[ 20 -15   0]
7057,45400,4005,0545,54540,[-50 -75  50],[-45 -35  45],[-85 -30  85],[-75  50  75]
7058,45400,40010,01045,104540,[-50 -70  55],[-40 -35  50],[-80 -25  85],[-70  55  65]
7059,45400,40015,01545,154540,[-50 -65  60],[-35 -35  55],[-75 -20  85],[-65  60  55]
7060,45400,40020,02045,204540,[-50 -60  65],[-30 -35  60],[-70 -15  85],[-60  65  45]
7061,45400,40025,02545,254540,[-50 -55  70],[-25 -35  65],[-65 -10  85],[-55  70  35]
7062,45400,40030,03045,304540,[-50 -50  75],[-20 -35  70],[-60  -5  85],[-50  75  25]
7063,45400,40035,03545,354540,[-50 -45  80],[-15 -35  75],[-55   0  85],[-45  80  15]
7064,45400,40050,05045,504540,[-50 -30  95],[  0 -35  90],[-40  15  85],[-30  95 -15]
7065,45405,4050,5045,04540,[-81 -80  85],[-86 -35  80],[-85 -35  75],[ -3  45 -15]
7066,45405,40510,51045,104540,[-45 -65  45],[-40 -30  40],[-75 -25  75],[-65  45  65]
7067,45405,40515,51545,154540,[-45 -60  50],[-35 -30  45],[-70 -20  75],[-60  50  55]
7068,45405,40520,52045,204540,[-45 -55  55],[-30 -30  50],[-65 -15  75],[-55  55  45]
7069,45405,40525,52545,254540,[-45 -50  60],[-25 -30  55],[-60 -10  75],[-50  60  35]
7070,45405,40530,53045,304540,[-45 -45  65],[-20 -30  60],[-55  -5  75],[-45  65  25]
7071,45405,40535,53545,354540,[-45 -40  70],[-15 -30  65],[-50   0  75],[-40  70  15]
7072,45405,40550,55045,504540,[-45 -25  85],[  0 -30  80],[-35  15  75],[-25  85 -15]
7073,454010,40100,10045,04540,[-40 -70  25],[-50 -25  20],[-80 -35  65],[-70  25  85]
7074,454010,40105,10545,54540,[-40 -65  30],[-45 -25  25],[-75 -30  65],[-65  30  75]
7075,454010,401015,101545,154540,[-40 -55  40],[-35 -25  35],[-65 -20  65],[-55  40  55]
7076,454010,401020,102045,204540,[-40 -50  45],[-30 -25  40],[-60 -15  65],[-50  45  45]
7077,454010,401025,102545,254540,[-40 -45  50],[-25 -25  45],[-55 -10  65],[-45  50  35]
7078,454010,401030,103045,304540,[-40 -40  55],[-20 -25  50],[-50  -5  65],[-40  55  25]
7079,454010,401035,103545,354540,[-40 -35  60],[-15 -25  55],[-45   0  65],[-35  60  15]
7080,454010,401050,105045,504540,[-40 -20  75],[  0 -25  70],[-30  15  65],[-20  75 -15]
7081,454015,40150,15045,04540,[-49 -29  65],[-50 -34  60],[-89  15  55],[-79  93 -15]
7082,454015,40155,15545,54540,[-35 -60  20],[-45 -20  15],[-70 -30  55],[-60  20  75]
7083,454015,401510,151045,104540,[-35 -55  25],[-40 -20  20],[-65 -25  55],[-55  25  65]
7084,454015,401520,152045,204540,[-35 -45  35],[-30 -20  30],[-55 -15  55],[-45  35  45]
7085,454015,401525,152545,254540,[-35 -40  40],[-25 -20  35],[-50 -10  55],[-40  40  35]
7086,454015,401530,153045,304540,[-35 -35  45],[-20 -20  40],[-45  -5  55],[-35  45  25]
7087,454015,401535,153545,354540,[-35 -30  50],[-15 -20  45],[-40   0  55],[-30  50  15]
7088,454015,401550,155045,504540,[-35 -15  65],[  0 -20  60],[-25  15  55],[-15  65 -15]
7089,454020,40200,20045,04540,[-30 -60   5],[-50 -15   0],[-70 -35  45],[-60   5  85]
7090,454020,40205,20545,54540,[-30 -55  10],[-45 -15   5],[-65 -30  45],[-55  10  75]
7091,454020,402010,201045,104540,[-30 -50  15],[-40 -15  10],[-60 -25  45],[-50  15  65]
7092,454020,402015,201545,154540,[-30 -45  20],[-35 -15  15],[-55 -20  45],[-45  20  55]
7093,454020,402025,202545,254540,[-30 -35  30],[-25 -15  25],[-45 -10  45],[-35  30  35]
7094,454020,402030,203045,304540,[-30 -30  35],[-20 -15  30],[-40  -5  45],[-30  35  25]
7095,454020,402035,203545,354540,[-30 -25  40],[-15 -15  35],[-35   0  45],[-25  40  15]
7096,454020,402050,205045,504540,[-30 -10  55],[  0 -15  50],[-20  15  45],[-10  55 -15]
7097,454025,40250,25045,04540,[-48 -28  45],[-50 -33  40],[-88  15  35],[-78  91 -15]
7098,454025,40255,25545,54540,[-25 -50   0],[-45 -10  -5],[-60 -30  35],[-50   0  75]
7099,454025,402510,251045,104540,[-25 -45   5],[-40 -10   0],[-55 -25  35],[-45   5  65]
7100,454025,402515,251545,154540,[-25 -40  10],[-35 -10   5],[-50 -20  35],[-40  10  55]
7101,454025,402520,252045,204540,[-25 -35  15],[-30 -10  10],[-45 -15  35],[-35  15  45]
7102,454025,402530,253045,304540,[-25 -25  25],[-20 -10  20],[-35  -5  35],[-25  25  25]
7103,454025,402535,253545,354540,[-25 -20  30],[-15 -10  25],[-30   0  35],[-20  30  15]
7104,454025,402550,255045,504540,[-25  -5  45],[  0 -10  40],[-15  15  35],[ -5  45 -15]
7105,454030,40300,30045,04540,[-20 -50 -15],[-50  -5 -20],[-60 -35  25],[-50 -15  85]
7106,454030,40305,30545,54540,[-20 -45 -10],[-45  -5 -15],[-55 -30  25],[-45 -10  75]
7107,454030,403010,301045,104540,[-20 -40  -5],[-40  -5 -10],[-50 -25  25],[-40  -5  65]
7108,454030,403015,301545,154540,[-20 -35   0],[-35  -5  -5],[-45 -20  25],[-35   0  55]
7109,454030,403020,302045,204540,[-20 -30   5],[-30  -5   0],[-40 -15  25],[-30   5  45]
7110,454030,403025,302545,254540,[-20 -25  10],[-25  -5   5],[-35 -10  25],[-25  10  35]
7111,454030,403035,303545,354540,[-20 -15  20],[-15  -5  15],[-25   0  25],[-15  20  15]
7112,454030,403050,305045,504540,[-20   0  35],[ 0 -5 30],[-10  15  25],[  0  35 -15]
7113,454035,40350,35045,04540,[-47 -27  25],[-50 -32  20],[-87  15  15],[-77  89 -15]
7114,454035,40355,35545,54540,[-15 -40 -20],[-45   0 -25],[-50 -30  15],[-40 -20  75]
7115,454035,403510,351045,104540,[-15 -35 -15],[-40   0 -20],[-45 -25  15],[-35 -15  65]
7116,454035,403515,351545,154540,[-15 -30 -10],[-35   0 -15],[-40 -20  15],[-30 -10  55]
7117,454035,403520,352045,204540,[-15 -25  -5],[-30   0 -10],[-35 -15  15],[-25  -5  45]
7118,454035,403525,352545,254540,[-15 -20   0],[-25   0  -5],[-30 -10  15],[-20   0  35]
7119,454035,403530,353045,304540,[-15 -15   5],[-20   0   0],[-25  -5  15],[-15   5  25]
7120,454035,403550,355045,504540,[-15   5  25],[ 0  0 20],[-5 15 15],[  5  25 -15]
7121,454050,40500,50045,04540,[  0 -30 -55],[-50  15 -60],[-40 -35 -15],[-30 -55  85]
7122,454050,40505,50545,54540,[  0 -25 -50],[-45  15 -55],[-35 -30 -15],[-25 -50  75]
7123,454050,405010,501045,104540,[  0 -20 -45],[-40  15 -50],[-30 -25 -15],[-20 -45  65]
7124,454050,405015,501545,154540,[  0 -15 -40],[-35  15 -45],[-25 -20 -15],[-15 -40  55]
7125,454050,405020,502045,204540,[  0 -10 -35],[-30  15 -40],[-20 -15 -15],[-10 -35  45]
7126,454050,405025,502545,254540,[  0  -5 -30],[-25  15 -35],[-15 -10 -15],[ -5 -30  35]
7127,454050,405030,503045,304540,[  0   0 -25],[-20  15 -30],[-10  -5 -15],[  0 -25  25]
7128,454050,405035,503545,354540,[  0   5 -20],[-15  15 -25],[ -5   0 -15],[  5 -20  15]
7129,45500,5005,0545,54550,[-40 -95  50],[-35 -55  55],[-85 -50  95],[-95  50  85]
7130,45500,50010,01045,104550,[-40 -90  55],[-30 -55  60],[-80 -45  95],[-90  55  75]
7131,45500,50015,01545,154550,[-40 -85  60],[-25 -55  65],[-75 -40  95],[-85  60  65]
7132,45500,50020,02045,204550,[-40 -80  65],[-20 -55  70],[-70 -35  95],[-80  65  55]
7133,45500,50025,02545,254550,[-40 -75  70],[-15 -55  75],[-65 -30  95],[-75  70  45]
7134,45500,50030,03045,304550,[-40 -70  75],[-10 -55  80],[-60 -25  95],[-70  75  35]
7135,45500,50035,03545,354550,[-40 -65  80],[ -5 -55  85],[-55 -20  95],[-65  80  25]
7136,45500,50040,04045,404550,[-40 -60  85],[  0 -55  90],[-50 -15  95],[-60  85  15]
7137,45505,5050,5045,04550,[ -80 -100   85],[-85 -55  90],[-85 -55  85],[-5 45 -5]
7138,45505,50510,51045,104550,[-35 -85  45],[-30 -50  50],[-75 -45  85],[-85  45  75]
7139,45505,50515,51545,154550,[-35 -80  50],[-25 -50  55],[-70 -40  85],[-80  50  65]
7140,45505,50520,52045,204550,[-35 -75  55],[-20 -50  60],[-65 -35  85],[-75  55  55]
7141,45505,50525,52545,254550,[-35 -70  60],[-15 -50  65],[-60 -30  85],[-70  60  45]
7142,45505,50530,53045,304550,[-35 -65  65],[-10 -50  70],[-55 -25  85],[-65  65  35]
7143,45505,50535,53545,354550,[-35 -60  70],[ -5 -50  75],[-50 -20  85],[-60  70  25]
7144,45505,50540,54045,404550,[-35 -55  75],[  0 -50  80],[-45 -15  85],[-55  75  15]
7145,455010,50100,10045,04550,[-30 -90  25],[-40 -45  30],[-80 -55  75],[-90  25  95]
7146,455010,50105,10545,54550,[-30 -85  30],[-35 -45  35],[-75 -50  75],[-85  30  85]
7147,455010,501015,101545,154550,[-30 -75  40],[-25 -45  45],[-65 -40  75],[-75  40  65]
7148,455010,501020,102045,204550,[-30 -70  45],[-20 -45  50],[-60 -35  75],[-70  45  55]
7149,455010,501025,102545,254550,[-30 -65  50],[-15 -45  55],[-55 -30  75],[-65  50  45]
7150,455010,501030,103045,304550,[-30 -60  55],[-10 -45  60],[-50 -25  75],[-60  55  35]
7151,455010,501035,103545,354550,[-30 -55  60],[ -5 -45  65],[-45 -20  75],[-55  60  25]
7152,455010,501040,104045,404550,[-30 -50  65],[  0 -45  70],[-40 -15  75],[-50  65  15]
7153,455015,50150,15045,04550,[-39 -49  65],[-40 -54  70],[-89  -5  65],[-99  93  -5]
7154,455015,50155,15545,54550,[-25 -80  20],[-35 -40  25],[-70 -50  65],[-80  20  85]
7155,455015,501510,151045,104550,[-25 -75  25],[-30 -40  30],[-65 -45  65],[-75  25  75]
7156,455015,501520,152045,204550,[-25 -65  35],[-20 -40  40],[-55 -35  65],[-65  35  55]
7157,455015,501525,152545,254550,[-25 -60  40],[-15 -40  45],[-50 -30  65],[-60  40  45]
7158,455015,501530,153045,304550,[-25 -55  45],[-10 -40  50],[-45 -25  65],[-55  45  35]
7159,455015,501535,153545,354550,[-25 -50  50],[ -5 -40  55],[-40 -20  65],[-50  50  25]
7160,455015,501540,154045,404550,[-25 -45  55],[  0 -40  60],[-35 -15  65],[-45  55  15]
7161,455020,50200,20045,04550,[-20 -80   5],[-40 -35  10],[-70 -55  55],[-80   5  95]
7162,455020,50205,20545,54550,[-20 -75  10],[-35 -35  15],[-65 -50  55],[-75  10  85]
7163,455020,502010,201045,104550,[-20 -70  15],[-30 -35  20],[-60 -45  55],[-70  15  75]
7164,455020,502015,201545,154550,[-20 -65  20],[-25 -35  25],[-55 -40  55],[-65  20  65]
7165,455020,502025,202545,254550,[-20 -55  30],[-15 -35  35],[-45 -30  55],[-55  30  45]
7166,455020,502030,203045,304550,[-20 -50  35],[-10 -35  40],[-40 -25  55],[-50  35  35]
7167,455020,502035,203545,354550,[-20 -45  40],[ -5 -35  45],[-35 -20  55],[-45  40  25]
7168,455020,502040,204045,404550,[-20 -40  45],[  0 -35  50],[-30 -15  55],[-40  45  15]
7169,455025,50250,25045,04550,[-38 -48  45],[-40 -53  50],[-88  -5  45],[-98  91  -5]
7170,455025,50255,25545,54550,[-15 -70   0],[-35 -30   5],[-60 -50  45],[-70   0  85]
7171,455025,502510,251045,104550,[-15 -65   5],[-30 -30  10],[-55 -45  45],[-65   5  75]
7172,455025,502515,251545,154550,[-15 -60  10],[-25 -30  15],[-50 -40  45],[-60  10  65]
7173,455025,502520,252045,204550,[-15 -55  15],[-20 -30  20],[-45 -35  45],[-55  15  55]
7174,455025,502530,253045,304550,[-15 -45  25],[-10 -30  30],[-35 -25  45],[-45  25  35]
7175,455025,502535,253545,354550,[-15 -40  30],[ -5 -30  35],[-30 -20  45],[-40  30  25]
7176,455025,502540,254045,404550,[-15 -35  35],[  0 -30  40],[-25 -15  45],[-35  35  15]
7177,455030,50300,30045,04550,[-10 -70 -15],[-40 -25 -10],[-60 -55  35],[-70 -15  95]
7178,455030,50305,30545,54550,[-10 -65 -10],[-35 -25  -5],[-55 -50  35],[-65 -10  85]
7179,455030,503010,301045,104550,[-10 -60  -5],[-30 -25   0],[-50 -45  35],[-60  -5  75]
7180,455030,503015,301545,154550,[-10 -55   0],[-25 -25   5],[-45 -40  35],[-55   0  65]
7181,455030,503020,302045,204550,[-10 -50   5],[-20 -25  10],[-40 -35  35],[-50   5  55]
7182,455030,503025,302545,254550,[-10 -45  10],[-15 -25  15],[-35 -30  35],[-45  10  45]
7183,455030,503035,303545,354550,[-10 -35  20],[ -5 -25  25],[-25 -20  35],[-35  20  25]
7184,455030,503040,304045,404550,[-10 -30  25],[  0 -25  30],[-20 -15  35],[-30  25  15]
7185,455035,50350,35045,04550,[-37 -47  25],[-40 -52  30],[-87  -5  25],[-97  89  -5]
7186,455035,50355,35545,54550,[ -5 -60 -20],[-35 -20 -15],[-50 -50  25],[-60 -20  85]
7187,455035,503510,351045,104550,[ -5 -55 -15],[-30 -20 -10],[-45 -45  25],[-55 -15  75]
7188,455035,503515,351545,154550,[ -5 -50 -10],[-25 -20  -5],[-40 -40  25],[-50 -10  65]
7189,455035,503520,352045,204550,[ -5 -45  -5],[-20 -20   0],[-35 -35  25],[-45  -5  55]
7190,455035,503525,352545,254550,[ -5 -40   0],[-15 -20   5],[-30 -30  25],[-40   0  45]
7191,455035,503530,353045,304550,[ -5 -35   5],[-10 -20  10],[-25 -25  25],[-35   5  35]
7192,455035,503540,354045,404550,[ -5 -25  15],[  0 -20  20],[-15 -15  25],[-25  15  15]
7193,455040,50400,40045,04550,[  0 -60 -35],[-40 -15 -30],[-50 -55  15],[-60 -35  95]
7194,455040,50405,40545,54550,[  0 -55 -30],[-35 -15 -25],[-45 -50  15],[-55 -30  85]
7195,455040,504010,401045,104550,[  0 -50 -25],[-30 -15 -20],[-40 -45  15],[-50 -25  75]
7196,455040,504015,401545,154550,[  0 -45 -20],[-25 -15 -15],[-35 -40  15],[-45 -20  65]
7197,455040,504020,402045,204550,[  0 -40 -15],[-20 -15 -10],[-30 -35  15],[-40 -15  55]
7198,455040,504025,402545,254550,[  0 -35 -10],[-15 -15  -5],[-25 -30  15],[-35 -10  45]
7199,455040,504030,403045,304550,[  0 -30  -5],[-10 -15   0],[-20 -25  15],[-30  -5  35]
7200,455040,504035,403545,354550,[  0 -25   0],[ -5 -15   5],[-15 -20  15],[-25   0  25]
7201,5005,0510,51050,10500,[-95  15  50],[-90  55   0],[-85  60  40],[15 50 30]
7202,5005,0515,51550,15500,[-95  20  55],[-85  55   5],[-80  65  40],[20 55 20]
7203,5005,0520,52050,20500,[-95  25  60],[-80  55  10],[-75  70  40],[25 60 10]
7204,5005,0525,52550,25500,[-95  30  65],[-75  55  15],[-70  75  40],[30 65  0]
7205,5005,0530,53050,30500,[-95  35  70],[-70  55  20],[-65  80  40],[ 35  70 -10]
7206,5005,0535,53550,35500,[-95  40  75],[-65  55  25],[-60  85  40],[ 40  75 -20]
7207,5005,0540,54050,40500,[-95  45  80],[-60  55  30],[-55  90  40],[ 45  80 -30]
7208,5005,0545,54550,45500,[-95  50  85],[-55  55  35],[-50  95  40],[ 50  85 -40]
7209,50010,0105,10550,5500,[-90  15  35],[-95  60 -15],[-85  55  30],[15 35 40]
7210,50010,01015,101550,15500,[-90  25  45],[-85  60  -5],[-75  65  30],[25 45 20]
7211,50010,01020,102050,20500,[-90  30  50],[-80  60   0],[-70  70  30],[30 50 10]
7212,50010,01025,102550,25500,[-90  35  55],[-75  60   5],[-65  75  30],[35 55  0]
7213,50010,01030,103050,30500,[-90  40  60],[-70  60  10],[-60  80  30],[ 40  60 -10]
7214,50010,01035,103550,35500,[-90  45  65],[-65  60  15],[-55  85  30],[ 45  65 -20]
7215,50010,01040,104050,40500,[-90  50  70],[-60  60  20],[-50  90  30],[ 50  70 -30]
7216,50010,01045,104550,45500,[-90  55  75],[-55  60  25],[-45  95  30],[ 55  75 -40]
7217,50015,0155,15550,5500,[-85  20  25],[-95  65 -25],[-80  55  20],[20 25 40]
7218,50015,01510,151050,10500,[-85  25  30],[-90  65 -20],[-75  60  20],[25 30 30]
7219,50015,01520,152050,20500,[-85  35  40],[-80  65 -10],[-65  70  20],[35 40 10]
7220,50015,01525,152550,25500,[-85  40  45],[-75  65  -5],[-60  75  20],[40 45  0]
7221,50015,01530,153050,30500,[-85  45  50],[-70  65   0],[-55  80  20],[ 45  50 -10]
7222,50015,01535,153550,35500,[-85  50  55],[-65  65   5],[-50  85  20],[ 50  55 -20]
7223,50015,01540,154050,40500,[-85  55  60],[-60  65  10],[-45  90  20],[ 55  60 -30]
7224,50015,01545,154550,45500,[-85  60  65],[-55  65  15],[-40  95  20],[ 60  65 -40]
7225,50020,0205,20550,5500,[-80  25  15],[-95  70 -35],[-75  55  10],[25 15 40]
7226,50020,02010,201050,10500,[-80  30  20],[-90  70 -30],[-70  60  10],[30 20 30]
7227,50020,02015,201550,15500,[-80  35  25],[-85  70 -25],[-65  65  10],[35 25 20]
7228,50020,02025,202550,25500,[-80  45  35],[-75  70 -15],[-55  75  10],[45 35  0]
7229,50020,02030,203050,30500,[-80  50  40],[-70  70 -10],[-50  80  10],[ 50  40 -10]
7230,50020,02035,203550,35500,[-80  55  45],[-65  70  -5],[-45  85  10],[ 55  45 -20]
7231,50020,02040,204050,40500,[-80  60  50],[-60  70   0],[-40  90  10],[ 60  50 -30]
7232,50020,02045,204550,45500,[-80  65  55],[-55  70   5],[-35  95  10],[ 65  55 -40]
7233,50025,0255,25550,5500,[-75  30   5],[-95  75 -45],[-70  55   0],[30  5 40]
7234,50025,02510,251050,10500,[-75  35  10],[-90  75 -40],[-65  60   0],[35 10 30]
7235,50025,02515,251550,15500,[-75  40  15],[-85  75 -35],[-60  65   0],[40 15 20]
7236,50025,02520,252050,20500,[-75  45  20],[-80  75 -30],[-55  70   0],[45 20 10]
7237,50025,02530,253050,30500,[-75  55  30],[-70  75 -20],[-45  80   0],[ 55  30 -10]
7238,50025,02535,253550,35500,[-75  60  35],[-65  75 -15],[-40  85   0],[ 60  35 -20]
7239,50025,02540,254050,40500,[-75  65  40],[-60  75 -10],[-35  90   0],[ 65  40 -30]
7240,50025,02545,254550,45500,[-75  70  45],[-55  75  -5],[-30  95   0],[ 70  45 -40]
7241,50030,0305,30550,5500,[-70  35  -5],[-95  80 -55],[-65  55 -10],[35 -5 40]
7242,50030,03010,301050,10500,[-70  40   0],[-90  80 -50],[-60  60 -10],[40  0 30]
7243,50030,03015,301550,15500,[-70  45   5],[-85  80 -45],[-55  65 -10],[45  5 20]
7244,50030,03020,302050,20500,[-70  50  10],[-80  80 -40],[-50  70 -10],[50 10 10]
7245,50030,03025,302550,25500,[-70  55  15],[-75  80 -35],[-45  75 -10],[55 15  0]
7246,50030,03035,303550,35500,[-70  65  25],[-65  80 -25],[-35  85 -10],[ 65  25 -20]
7247,50030,03040,304050,40500,[-70  70  30],[-60  80 -20],[-30  90 -10],[ 70  30 -30]
7248,50030,03045,304550,45500,[-70  75  35],[-55  80 -15],[-25  95 -10],[ 75  35 -40]
7249,50035,0355,35550,5500,[-65  40 -15],[-95  85 -65],[-60  55 -20],[ 40 -15  40]
7250,50035,03510,351050,10500,[-65  45 -10],[-90  85 -60],[-55  60 -20],[ 45 -10  30]
7251,50035,03515,351550,15500,[-65  50  -5],[-85  85 -55],[-50  65 -20],[50 -5 20]
7252,50035,03520,352050,20500,[-65  55   0],[-80  85 -50],[-45  70 -20],[55  0 10]
7253,50035,03525,352550,25500,[-65  60   5],[-75  85 -45],[-40  75 -20],[60  5  0]
7254,50035,03530,353050,30500,[-65  65  10],[-70  85 -40],[-35  80 -20],[ 65  10 -10]
7255,50035,03540,354050,40500,[-65  75  20],[-60  85 -30],[-25  90 -20],[ 75  20 -30]
7256,50035,03545,354550,45500,[-65  80  25],[-55  85 -25],[-20  95 -20],[ 80  25 -40]
7257,50040,0405,40550,5500,[-60  45 -25],[-95  90 -75],[-55  55 -30],[ 45 -25  40]
7258,50040,04010,401050,10500,[-60  50 -20],[-90  90 -70],[-50  60 -30],[ 50 -20  30]
7259,50040,04015,401550,15500,[-60  55 -15],[-85  90 -65],[-45  65 -30],[ 55 -15  20]
7260,50040,04020,402050,20500,[-60  60 -10],[-80  90 -60],[-40  70 -30],[ 60 -10  10]
7261,50040,04025,402550,25500,[-60  65  -5],[-75  90 -55],[-35  75 -30],[65 -5  0]
7262,50040,04030,403050,30500,[-60  70   0],[-70  90 -50],[-30  80 -30],[ 70   0 -10]
7263,50040,04035,403550,35500,[-60  75   5],[-65  90 -45],[-25  85 -30],[ 75   5 -20]
7264,50040,04045,404550,45500,[-60  85  15],[-55  90 -35],[-15  95 -30],[ 85  15 -40]
7265,50045,0455,45550,5500,[-55  50 -35],[-95  95 -85],[-50  55 -40],[ 50 -35  40]
7266,50045,04510,451050,10500,[-55  55 -30],[-90  95 -80],[-45  60 -40],[ 55 -30  30]
7267,50045,04515,451550,15500,[-55  60 -25],[-85  95 -75],[-40  65 -40],[ 60 -25  20]
7268,50045,04520,452050,20500,[-55  65 -20],[-80  95 -70],[-35  70 -40],[ 65 -20  10]
7269,50045,04525,452550,25500,[-55  70 -15],[-75  95 -65],[-30  75 -40],[ 70 -15   0]
7270,50045,04530,453050,30500,[-55  75 -10],[-70  95 -60],[-25  80 -40],[ 75 -10 -10]
7271,50045,04535,453550,35500,[-55  80  -5],[-65  95 -55],[-20  85 -40],[ 80  -5 -20]
7272,50045,04540,454050,40500,[-55  85   0],[-60  95 -50],[-15  90 -40],[ 85   0 -30]
7273,5050,5010,01050,10505,[ -5  10 -40],[  5  50 -85],[  0  60 -45],[ 0 60 35]
7274,5050,5015,01550,15505,[ -5  15 -35],[ 10  50 -80],[  5  65 -45],[ 5 65 25]
7275,5050,5020,02050,20505,[ -5  20 -30],[ 15  50 -75],[ 10  70 -45],[10 70 15]
7276,5050,5025,02550,25505,[ -5  25 -25],[ 20  50 -70],[ 15  75 -45],[15 75  5]
7277,5050,5030,03050,30505,[ -5  30 -20],[ 25  50 -65],[ 20  80 -45],[20 80 -5]
7278,5050,5035,03550,35505,[ -5  35 -15],[ 30  50 -60],[ 25  85 -45],[ 25  85 -15]
7279,5050,5040,04050,40505,[ -5  40 -10],[ 35  50 -55],[ 30  90 -45],[ 30  90 -25]
7280,5050,5045,04550,45505,[-5 45 -5],[ 40  50 -50],[ 35  95 -45],[ 35  95 -35]
7281,50510,5100,10050,0505,[-85   0  30],[-95  50 -15],[-90  40  35],[ 0 30 55]
7282,50510,51015,101550,15505,[-85  15  45],[-80  50   0],[-75  55  35],[15 45 25]
7283,50510,51020,102050,20505,[-85  20  50],[-75  50   5],[-70  60  35],[20 50 15]
7284,50510,51025,102550,25505,[-85  25  55],[-70  50  10],[-65  65  35],[25 55  5]
7285,50510,51030,103050,30505,[-85  30  60],[-65  50  15],[-60  70  35],[30 60 -5]
7286,50510,51035,103550,35505,[-85  35  65],[-60  50  20],[-55  75  35],[ 35  65 -15]
7287,50510,51040,104050,40505,[-85  40  70],[-55  50  25],[-50  80  35],[ 40  70 -25]
7288,50510,51045,104550,45505,[-85  45  75],[-50  50  30],[-45  85  35],[ 45  75 -35]
7289,50515,5150,15050,0505,[-94  41  70],[-95  41  25],[-99  90  25],[ -9  98 -45]
7290,50515,51510,151050,10505,[-80  15  30],[-85  55 -15],[-75  50  25],[15 30 35]
7291,50515,51520,152050,20505,[-80  25  40],[-75  55  -5],[-65  60  25],[25 40 15]
7292,50515,51525,152550,25505,[-80  30  45],[-70  55   0],[-60  65  25],[30 45  5]
7293,50515,51530,153050,30505,[-80  35  50],[-65  55   5],[-55  70  25],[35 50 -5]
7294,50515,51535,153550,35505,[-80  40  55],[-60  55  10],[-50  75  25],[ 40  55 -15]
7295,50515,51540,154050,40505,[-80  45  60],[-55  55  15],[-45  80  25],[ 45  60 -25]
7296,50515,51545,154550,45505,[-80  50  65],[-50  55  20],[-40  85  25],[ 50  65 -35]
7297,50520,5200,20050,0505,[-75  10  10],[-95  60 -35],[-80  40  15],[10 10 55]
7298,50520,52010,201050,10505,[-75  20  20],[-85  60 -25],[-70  50  15],[20 20 35]
7299,50520,52015,201550,15505,[-75  25  25],[-80  60 -20],[-65  55  15],[25 25 25]
7300,50520,52025,202550,25505,[-75  35  35],[-70  60 -10],[-55  65  15],[35 35  5]
7301,50520,52030,203050,30505,[-75  40  40],[-65  60  -5],[-50  70  15],[40 40 -5]
7302,50520,52035,203550,35505,[-75  45  45],[-60  60   0],[-45  75  15],[ 45  45 -15]
7303,50520,52040,204050,40505,[-75  50  50],[-55  60   5],[-40  80  15],[ 50  50 -25]
7304,50520,52045,204550,45505,[-75  55  55],[-50  60  10],[-35  85  15],[ 55  55 -35]
7305,50525,5250,25050,0505,[-93  42  50],[-95  42   5],[-98  90   5],[ -8  96 -45]
7306,50525,52510,251050,10505,[-70  25  10],[-85  65 -35],[-65  50   5],[25 10 35]
7307,50525,52515,251550,15505,[-70  30  15],[-80  65 -30],[-60  55   5],[30 15 25]
7308,50525,52520,252050,20505,[-70  35  20],[-75  65 -25],[-55  60   5],[35 20 15]
7309,50525,52530,253050,30505,[-70  45  30],[-65  65 -15],[-45  70   5],[45 30 -5]
7310,50525,52535,253550,35505,[-70  50  35],[-60  65 -10],[-40  75   5],[ 50  35 -15]
7311,50525,52540,254050,40505,[-70  55  40],[-55  65  -5],[-35  80   5],[ 55  40 -25]
7312,50525,52545,254550,45505,[-70  60  45],[-50  65   0],[-30  85   5],[ 60  45 -35]
7313,50530,5300,30050,0505,[-65  20 -10],[-95  70 -55],[-70  40  -5],[ 20 -10  55]
7314,50530,53010,301050,10505,[-65  30   0],[-85  70 -45],[-60  50  -5],[30  0 35]
7315,50530,53015,301550,15505,[-65  35   5],[-80  70 -40],[-55  55  -5],[35  5 25]
7316,50530,53020,302050,20505,[-65  40  10],[-75  70 -35],[-50  60  -5],[40 10 15]
7317,50530,53025,302550,25505,[-65  45  15],[-70  70 -30],[-45  65  -5],[45 15  5]
7318,50530,53035,303550,35505,[-65  55  25],[-60  70 -20],[-35  75  -5],[ 55  25 -15]
7319,50530,53040,304050,40505,[-65  60  30],[-55  70 -15],[-30  80  -5],[ 60  30 -25]
7320,50530,53045,304550,45505,[-65  65  35],[-50  70 -10],[-25  85  -5],[ 65  35 -35]
7321,50535,5350,35050,0505,[-92  43  30],[-95  43 -15],[-97  90 -15],[ -7  94 -45]
7322,50535,53510,351050,10505,[-60  35 -10],[-85  75 -55],[-55  50 -15],[ 35 -10  35]
7323,50535,53515,351550,15505,[-60  40  -5],[-80  75 -50],[-50  55 -15],[40 -5 25]
7324,50535,53520,352050,20505,[-60  45   0],[-75  75 -45],[-45  60 -15],[45  0 15]
7325,50535,53525,352550,25505,[-60  50   5],[-70  75 -40],[-40  65 -15],[50  5  5]
7326,50535,53530,353050,30505,[-60  55  10],[-65  75 -35],[-35  70 -15],[55 10 -5]
7327,50535,53540,354050,40505,[-60  65  20],[-55  75 -25],[-25  80 -15],[ 65  20 -25]
7328,50535,53545,354550,45505,[-60  70  25],[-50  75 -20],[-20  85 -15],[ 70  25 -35]
7329,50540,5400,40050,0505,[-55  30 -30],[-95  80 -75],[-60  40 -25],[ 30 -30  55]
7330,50540,54010,401050,10505,[-55  40 -20],[-85  80 -65],[-50  50 -25],[ 40 -20  35]
7331,50540,54015,401550,15505,[-55  45 -15],[-80  80 -60],[-45  55 -25],[ 45 -15  25]
7332,50540,54020,402050,20505,[-55  50 -10],[-75  80 -55],[-40  60 -25],[ 50 -10  15]
7333,50540,54025,402550,25505,[-55  55  -5],[-70  80 -50],[-35  65 -25],[55 -5  5]
7334,50540,54030,403050,30505,[-55  60   0],[-65  80 -45],[-30  70 -25],[60  0 -5]
7335,50540,54035,403550,35505,[-55  65   5],[-60  80 -40],[-25  75 -25],[ 65   5 -15]
7336,50540,54045,404550,45505,[-55  75  15],[-50  80 -30],[-15  85 -25],[ 75  15 -35]
7337,50545,5450,45050,0505,[-91  44  10],[-95  44 -35],[-96  90 -35],[ -6  92 -45]
7338,50545,54510,451050,10505,[-50  45 -30],[-85  85 -75],[-45  50 -35],[ 45 -30  35]
7339,50545,54515,451550,15505,[-50  50 -25],[-80  85 -70],[-40  55 -35],[ 50 -25  25]
7340,50545,54520,452050,20505,[-50  55 -20],[-75  85 -65],[-35  60 -35],[ 55 -20  15]
7341,50545,54525,452550,25505,[-50  60 -15],[-70  85 -60],[-30  65 -35],[ 60 -15   5]
7342,50545,54530,453050,30505,[-50  65 -10],[-65  85 -55],[-25  70 -35],[ 65 -10  -5]
7343,50545,54535,453550,35505,[-50  70  -5],[-60  85 -50],[-20  75 -35],[ 70  -5 -15]
7344,50545,54540,454050,40505,[-50  75   0],[-55  85 -45],[-15  80 -35],[ 75   0 -25]
7345,50100,1005,0550,55010,[-90 -15  55],[-85  30  15],[-95  35  60],[-15  55  50]
7346,50100,10015,01550,155010,[-90  -5  65],[-75  30  25],[-85  45  60],[-5 65 30]
7347,50100,10020,02050,205010,[-90   0  70],[-70  30  30],[-80  50  60],[ 0 70 20]
7348,50100,10025,02550,255010,[-90   5  75],[-65  30  35],[-75  55  60],[ 5 75 10]
7349,50100,10030,03050,305010,[-90  10  80],[-60  30  40],[-70  60  60],[10 80  0]
7350,50100,10035,03550,355010,[-90  15  85],[-55  30  45],[-65  65  60],[ 15  85 -10]
7351,50100,10040,04050,405010,[-90  20  90],[-50  30  50],[-60  70  60],[ 20  90 -20]
7352,50100,10045,04550,455010,[-90  25  95],[-45  30  55],[-55  75  60],[ 25  95 -30]
7353,50105,1050,5050,05010,[-94 -20  90],[-99  30  50],[-95  30  50],[  3  50 -40]
7354,50105,10515,51550,155010,[-85   0  55],[-75  35  15],[-80  45  50],[ 0 55 30]
7355,50105,10520,52050,205010,[-85   5  60],[-70  35  20],[-75  50  50],[ 5 60 20]
7356,50105,10525,52550,255010,[-85  10  65],[-65  35  25],[-70  55  50],[10 65 10]
7357,50105,10530,53050,305010,[-85  15  70],[-60  35  30],[-65  60  50],[15 70  0]
7358,50105,10535,53550,355010,[-85  20  75],[-55  35  35],[-60  65  50],[ 20  75 -10]
7359,50105,10540,54050,405010,[-85  25  80],[-50  35  40],[-55  70  50],[ 25  80 -20]
7360,50105,10545,54550,455010,[-85  30  85],[-45  35  45],[-50  75  50],[ 30  85 -30]
7361,501015,10150,15050,05010,[-89  31  70],[-90  31  30],[-99  80  30],[-19  98 -40]
7362,501015,10155,15550,55010,[-75   0  25],[-85  45 -15],[-80  35  30],[ 0 25 50]
7363,501015,101520,152050,205010,[-75  15  40],[-70  45   0],[-65  50  30],[15 40 20]
7364,501015,101525,152550,255010,[-75  20  45],[-65  45   5],[-60  55  30],[20 45 10]
7365,501015,101530,153050,305010,[-75  25  50],[-60  45  10],[-55  60  30],[25 50  0]
7366,501015,101535,153550,355010,[-75  30  55],[-55  45  15],[-50  65  30],[ 30  55 -10]
7367,501015,101540,154050,405010,[-75  35  60],[-50  45  20],[-45  70  30],[ 35  60 -20]
7368,501015,101545,154550,455010,[-75  40  65],[-45  45  25],[-40  75  30],[ 40  65 -30]
7369,501020,10200,20050,05010,[-70   0  10],[-90  50 -30],[-80  30  20],[ 0 10 60]
7370,501020,10205,20550,55010,[-70   5  15],[-85  50 -25],[-75  35  20],[ 5 15 50]
7371,501020,102015,201550,155010,[-70  15  25],[-75  50 -15],[-65  45  20],[15 25 30]
7372,501020,102025,202550,255010,[-70  25  35],[-65  50  -5],[-55  55  20],[25 35 10]
7373,501020,102030,203050,305010,[-70  30  40],[-60  50   0],[-50  60  20],[30 40  0]
7374,501020,102035,203550,355010,[-70  35  45],[-55  50   5],[-45  65  20],[ 35  45 -10]
7375,501020,102040,204050,405010,[-70  40  50],[-50  50  10],[-40  70  20],[ 40  50 -20]
7376,501020,102045,204550,455010,[-70  45  55],[-45  50  15],[-35  75  20],[ 45  55 -30]
7377,501025,10250,25050,05010,[-88  32  50],[-90  32  10],[-98  80  10],[-18  96 -40]
7378,501025,10255,25550,55010,[-65  10   5],[-85  55 -35],[-70  35  10],[10  5 50]
7379,501025,102515,251550,155010,[-65  20  15],[-75  55 -25],[-60  45  10],[20 15 30]
7380,501025,102520,252050,205010,[-65  25  20],[-70  55 -20],[-55  50  10],[25 20 20]
7381,501025,102530,253050,305010,[-65  35  30],[-60  55 -10],[-45  60  10],[35 30  0]
7382,501025,102535,253550,355010,[-65  40  35],[-55  55  -5],[-40  65  10],[ 40  35 -10]
7383,501025,102540,254050,405010,[-65  45  40],[-50  55   0],[-35  70  10],[ 45  40 -20]
7384,501025,102545,254550,455010,[-65  50  45],[-45  55   5],[-30  75  10],[ 50  45 -30]
7385,501030,10300,30050,05010,[-60  10 -10],[-90  60 -50],[-70  30   0],[ 10 -10  60]
7386,501030,10305,30550,55010,[-60  15  -5],[-85  60 -45],[-65  35   0],[15 -5 50]
7387,501030,103015,301550,155010,[-60  25   5],[-75  60 -35],[-55  45   0],[25  5 30]
7388,501030,103020,302050,205010,[-60  30  10],[-70  60 -30],[-50  50   0],[30 10 20]
7389,501030,103025,302550,255010,[-60  35  15],[-65  60 -25],[-45  55   0],[35 15 10]
7390,501030,103035,303550,355010,[-60  45  25],[-55  60 -15],[-35  65   0],[ 45  25 -10]
7391,501030,103040,304050,405010,[-60  50  30],[-50  60 -10],[-30  70   0],[ 50  30 -20]
7392,501030,103045,304550,455010,[-60  55  35],[-45  60  -5],[-25  75   0],[ 55  35 -30]
7393,501035,10350,35050,05010,[-87  33  30],[-90  33 -10],[-97  80 -10],[-17  94 -40]
7394,501035,10355,35550,55010,[-55  20 -15],[-85  65 -55],[-60  35 -10],[ 20 -15  50]
7395,501035,103515,351550,155010,[-55  30  -5],[-75  65 -45],[-50  45 -10],[30 -5 30]
7396,501035,103520,352050,205010,[-55  35   0],[-70  65 -40],[-45  50 -10],[35  0 20]
7397,501035,103525,352550,255010,[-55  40   5],[-65  65 -35],[-40  55 -10],[40  5 10]
7398,501035,103530,353050,305010,[-55  45  10],[-60  65 -30],[-35  60 -10],[45 10  0]
7399,501035,103540,354050,405010,[-55  55  20],[-50  65 -20],[-25  70 -10],[ 55  20 -20]
7400,501035,103545,354550,455010,[-55  60  25],[-45  65 -15],[-20  75 -10],[ 60  25 -30]
7401,501040,10400,40050,05010,[-50  20 -30],[-90  70 -70],[-60  30 -20],[ 20 -30  60]
7402,501040,10405,40550,55010,[-50  25 -25],[-85  70 -65],[-55  35 -20],[ 25 -25  50]
7403,501040,104015,401550,155010,[-50  35 -15],[-75  70 -55],[-45  45 -20],[ 35 -15  30]
7404,501040,104020,402050,205010,[-50  40 -10],[-70  70 -50],[-40  50 -20],[ 40 -10  20]
7405,501040,104025,402550,255010,[-50  45  -5],[-65  70 -45],[-35  55 -20],[45 -5 10]
7406,501040,104030,403050,305010,[-50  50   0],[-60  70 -40],[-30  60 -20],[50  0  0]
7407,501040,104035,403550,355010,[-50  55   5],[-55  70 -35],[-25  65 -20],[ 55   5 -10]
7408,501040,104045,404550,455010,[-50  65  15],[-45  70 -25],[-15  75 -20],[ 65  15 -30]
7409,501045,10450,45050,05010,[-86  34  10],[-90  34 -30],[-96  80 -30],[-16  92 -40]
7410,501045,10455,45550,55010,[-45  30 -35],[-85  75 -75],[-50  35 -30],[ 30 -35  50]
7411,501045,104515,451550,155010,[-45  40 -25],[-75  75 -65],[-40  45 -30],[ 40 -25  30]
7412,501045,104520,452050,205010,[-45  45 -20],[-70  75 -60],[-35  50 -30],[ 45 -20  20]
7413,501045,104525,452550,255010,[-45  50 -15],[-65  75 -55],[-30  55 -30],[ 50 -15  10]
7414,501045,104530,453050,305010,[-45  55 -10],[-60  75 -50],[-25  60 -30],[ 55 -10   0]
7415,501045,104535,453550,355010,[-45  60  -5],[-55  75 -45],[-20  65 -30],[ 60  -5 -10]
7416,501045,104540,454050,405010,[-45  65   0],[-50  75 -40],[-15  70 -30],[ 65   0 -20]
7417,50150,1505,0550,55015,[-99  53 -45],[-94  98 -80],[-95  53 -35],[  3 -45  55]
7418,50150,15010,01050,105015,[-99  58 -40],[-89  98 -75],[-90  58 -35],[  8 -40  45]
7419,50150,15020,02050,205015,[-99  68 -30],[-79  98 -65],[-80  68 -35],[ 18 -30  25]
7420,50150,15025,02550,255015,[-99  73 -25],[-74  98 -60],[-75  73 -35],[ 23 -25  15]
7421,50150,15030,03050,305015,[-99  78 -20],[-69  98 -55],[-70  78 -35],[ 28 -20   5]
7422,50150,15035,03550,355015,[-99  83 -15],[-64  98 -50],[-65  83 -35],[ 33 -15  -5]
7423,50150,15040,04050,405015,[-99  88 -10],[-59  98 -45],[-60  88 -35],[ 38 -10 -15]
7424,50150,15045,04550,455015,[-99  93  -5],[-54  98 -40],[-55  93 -35],[ 43  -5 -25]
7425,50155,1550,5050,05015,[-94 -25  90],[-99  25  55],[-95  20  55],[  3  40 -35]
7426,50155,15510,51050,105015,[-80 -15  50],[-75  25  15],[-85  30  55],[-15  50  45]
7427,50155,15520,52050,205015,[-80  -5  60],[-65  25  25],[-75  40  55],[-5 60 25]
7428,50155,15525,52550,255015,[-80   0  65],[-60  25  30],[-70  45  55],[ 0 65 15]
7429,50155,15530,53050,305015,[-80   5  70],[-55  25  35],[-65  50  55],[ 5 70  5]
7430,50155,15535,53550,355015,[-80  10  75],[-50  25  40],[-60  55  55],[10 75 -5]
7431,50155,15540,54050,405015,[-80  15  80],[-45  25  45],[-55  60  55],[ 15  80 -15]
7432,50155,15545,54550,455015,[-80  20  85],[-40  25  50],[-50  65  55],[ 20  85 -25]
7433,501510,15100,10050,05015,[-75 -20  30],[-85  30  -5],[-90  20  45],[-20  30  65]
7434,501510,15105,10550,55015,[-75 -15  35],[-80  30   0],[-85  25  45],[-15  35  55]
7435,501510,151020,102050,205015,[-75   0  50],[-65  30  15],[-70  40  45],[ 0 50 25]
7436,501510,151025,102550,255015,[-75   5  55],[-60  30  20],[-65  45  45],[ 5 55 15]
7437,501510,151030,103050,305015,[-75  10  60],[-55  30  25],[-60  50  45],[10 60  5]
7438,501510,151035,103550,355015,[-75  15  65],[-50  30  30],[-55  55  45],[15 65 -5]
7439,501510,151040,104050,405015,[-75  20  70],[-45  30  35],[-50  60  45],[ 20  70 -15]
7440,501510,151045,104550,455015,[-75  25  75],[-40  30  40],[-45  65  45],[ 25  75 -25]
7441,501520,15200,20050,05015,[-65 -10  10],[-85  40 -25],[-80  20  25],[-10  10  65]
7442,501520,15205,20550,55015,[-65  -5  15],[-80  40 -20],[-75  25  25],[-5 15 55]
7443,501520,152010,201050,105015,[-65   0  20],[-75  40 -15],[-70  30  25],[ 0 20 45]
7444,501520,152025,202550,255015,[-65  15  35],[-60  40   0],[-55  45  25],[15 35 15]
7445,501520,152030,203050,305015,[-65  20  40],[-55  40   5],[-50  50  25],[20 40  5]
7446,501520,152035,203550,355015,[-65  25  45],[-50  40  10],[-45  55  25],[25 45 -5]
7447,501520,152040,204050,405015,[-65  30  50],[-45  40  15],[-40  60  25],[ 30  50 -15]
7448,501520,152045,204550,455015,[-65  35  55],[-40  40  20],[-35  65  25],[ 35  55 -25]
7449,501525,15250,25050,05015,[-83  22  50],[-85  22  15],[-98  70  15],[-28  96 -35]
7450,501525,15255,25550,55015,[-60   0   5],[-80  45 -30],[-70  25  15],[ 0  5 55]
7451,501525,152510,251050,105015,[-60   5  10],[-75  45 -25],[-65  30  15],[ 5 10 45]
7452,501525,152520,252050,205015,[-60  15  20],[-65  45 -15],[-55  40  15],[15 20 25]
7453,501525,152530,253050,305015,[-60  25  30],[-55  45  -5],[-45  50  15],[25 30  5]
7454,501525,152535,253550,355015,[-60  30  35],[-50  45   0],[-40  55  15],[30 35 -5]
7455,501525,152540,254050,405015,[-60  35  40],[-45  45   5],[-35  60  15],[ 35  40 -15]
7456,501525,152545,254550,455015,[-60  40  45],[-40  45  10],[-30  65  15],[ 40  45 -25]
7457,501530,15300,30050,05015,[-55   0 -10],[-85  50 -45],[-70  20   5],[  0 -10  65]
7458,501530,15305,30550,55015,[-55   5  -5],[-80  50 -40],[-65  25   5],[ 5 -5 55]
7459,501530,153010,301050,105015,[-55  10   0],[-75  50 -35],[-60  30   5],[10  0 45]
7460,501530,153020,302050,205015,[-55  20  10],[-65  50 -25],[-50  40   5],[20 10 25]
7461,501530,153025,302550,255015,[-55  25  15],[-60  50 -20],[-45  45   5],[25 15 15]
7462,501530,153035,303550,355015,[-55  35  25],[-50  50 -10],[-35  55   5],[35 25 -5]
7463,501530,153040,304050,405015,[-55  40  30],[-45  50  -5],[-30  60   5],[ 40  30 -15]
7464,501530,153045,304550,455015,[-55  45  35],[-40  50   0],[-25  65   5],[ 45  35 -25]
7465,501535,15350,35050,05015,[-82  23  30],[-85  23  -5],[-97  70  -5],[-27  94 -35]
7466,501535,15355,35550,55015,[-50  10 -15],[-80  55 -50],[-60  25  -5],[ 10 -15  55]
7467,501535,153510,351050,105015,[-50  15 -10],[-75  55 -45],[-55  30  -5],[ 15 -10  45]
7468,501535,153520,352050,205015,[-50  25   0],[-65  55 -35],[-45  40  -5],[25  0 25]
7469,501535,153525,352550,255015,[-50  30   5],[-60  55 -30],[-40  45  -5],[30  5 15]
7470,501535,153530,353050,305015,[-50  35  10],[-55  55 -25],[-35  50  -5],[35 10  5]
7471,501535,153540,354050,405015,[-50  45  20],[-45  55 -15],[-25  60  -5],[ 45  20 -15]
7472,501535,153545,354550,455015,[-50  50  25],[-40  55 -10],[-20  65  -5],[ 50  25 -25]
7473,501540,15400,40050,05015,[-45  10 -30],[-85  60 -65],[-60  20 -15],[ 10 -30  65]
7474,501540,15405,40550,55015,[-45  15 -25],[-80  60 -60],[-55  25 -15],[ 15 -25  55]
7475,501540,154010,401050,105015,[-45  20 -20],[-75  60 -55],[-50  30 -15],[ 20 -20  45]
7476,501540,154020,402050,205015,[-45  30 -10],[-65  60 -45],[-40  40 -15],[ 30 -10  25]
7477,501540,154025,402550,255015,[-45  35  -5],[-60  60 -40],[-35  45 -15],[35 -5 15]
7478,501540,154030,403050,305015,[-45  40   0],[-55  60 -35],[-30  50 -15],[40  0  5]
7479,501540,154035,403550,355015,[-45  45   5],[-50  60 -30],[-25  55 -15],[45  5 -5]
7480,501540,154045,404550,455015,[-45  55  15],[-40  60 -20],[-15  65 -15],[ 55  15 -25]
7481,501545,15450,45050,05015,[-81  24  10],[-85  24 -25],[-96  70 -25],[-26  92 -35]
7482,501545,15455,45550,55015,[-40  20 -35],[-80  65 -70],[-50  25 -25],[ 20 -35  55]
7483,501545,154510,451050,105015,[-40  25 -30],[-75  65 -65],[-45  30 -25],[ 25 -30  45]
7484,501545,154520,452050,205015,[-40  35 -20],[-65  65 -55],[-35  40 -25],[ 35 -20  25]
7485,501545,154525,452550,255015,[-40  40 -15],[-60  65 -50],[-30  45 -25],[ 40 -15  15]
7486,501545,154530,453050,305015,[-40  45 -10],[-55  65 -45],[-25  50 -25],[ 45 -10   5]
7487,501545,154535,453550,355015,[-40  50  -5],[-50  65 -40],[-20  55 -25],[50 -5 -5]
7488,501545,154540,454050,405015,[-40  55   0],[-45  65 -35],[-15  60 -25],[ 55   0 -15]
7489,50200,2005,0550,55020,[-80 -35  55],[-75  10  25],[-95  15  70],[-35  55  60]
7490,50200,20010,01050,105020,[-80 -30  60],[-70  10  30],[-90  20  70],[-30  60  50]
7491,50200,20015,01550,155020,[-80 -25  65],[-65  10  35],[-85  25  70],[-25  65  40]
7492,50200,20025,02550,255020,[-80 -15  75],[-55  10  45],[-75  35  70],[-15  75  20]
7493,50200,20030,03050,305020,[-80 -10  80],[-50  10  50],[-70  40  70],[-10  80  10]
7494,50200,20035,03550,355020,[-80  -5  85],[-45  10  55],[-65  45  70],[-5 85  0]
7495,50200,20040,04050,405020,[-80   0  90],[-40  10  60],[-60  50  70],[  0  90 -10]
7496,50200,20045,04550,455020,[-80   5  95],[-35  10  65],[-55  55  70],[  5  95 -20]
7497,50205,2050,5050,05020,[-93 -40  90],[-98  10  60],[-95  10  60],[  1  50 -30]
7498,50205,20510,51050,105020,[-75 -25  50],[-70  15  20],[-85  20  60],[-25  50  50]
7499,50205,20515,51550,155020,[-75 -20  55],[-65  15  25],[-80  25  60],[-20  55  40]
7500,50205,20525,52550,255020,[-75 -10  65],[-55  15  35],[-70  35  60],[-10  65  20]
7501,50205,20530,53050,305020,[-75  -5  70],[-50  15  40],[-65  40  60],[-5 70 10]
7502,50205,20535,53550,355020,[-75   0  75],[-45  15  45],[-60  45  60],[ 0 75  0]
7503,50205,20540,54050,405020,[-75   5  80],[-40  15  50],[-55  50  60],[  5  80 -10]
7504,50205,20545,54550,455020,[-75  10  85],[-35  15  55],[-50  55  60],[ 10  85 -20]
7505,502010,20100,10050,05020,[-70 -30  30],[-80  20   0],[-90  10  50],[-30  30  70]
7506,502010,20105,10550,55020,[-70 -25  35],[-75  20   5],[-85  15  50],[-25  35  60]
7507,502010,201015,101550,155020,[-70 -15  45],[-65  20  15],[-75  25  50],[-15  45  40]
7508,502010,201025,102550,255020,[-70  -5  55],[-55  20  25],[-65  35  50],[-5 55 20]
7509,502010,201030,103050,305020,[-70   0  60],[-50  20  30],[-60  40  50],[ 0 60 10]
7510,502010,201035,103550,355020,[-70   5  65],[-45  20  35],[-55  45  50],[ 5 65  0]
7511,502010,201040,104050,405020,[-70  10  70],[-40  20  40],[-50  50  50],[ 10  70 -10]
7512,502010,201045,104550,455020,[-70  15  75],[-35  20  45],[-45  55  50],[ 15  75 -20]
7513,502015,20150,15050,05020,[-79  11  70],[-80  11  40],[-99  60  40],[-39  98 -30]
7514,502015,20155,15550,55020,[-65 -20  25],[-75  25  -5],[-80  15  40],[-20  25  60]
7515,502015,201510,151050,105020,[-65 -15  30],[-70  25   0],[-75  20  40],[-15  30  50]
7516,502015,201525,152550,255020,[-65   0  45],[-55  25  15],[-60  35  40],[ 0 45 20]
7517,502015,201530,153050,305020,[-65   5  50],[-50  25  20],[-55  40  40],[ 5 50 10]
7518,502015,201535,153550,355020,[-65  10  55],[-45  25  25],[-50  45  40],[10 55  0]
7519,502015,201540,154050,405020,[-65  15  60],[-40  25  30],[-45  50  40],[ 15  60 -10]
7520,502015,201545,154550,455020,[-65  20  65],[-35  25  35],[-40  55  40],[ 20  65 -20]
7521,502025,20250,25050,05020,[-78  12  50],[-80  12  20],[-98  60  20],[-38  96 -30]
7522,502025,20255,25550,55020,[-55 -10   5],[-75  35 -25],[-70  15  20],[-10   5  60]
7523,502025,202510,251050,105020,[-55  -5  10],[-70  35 -20],[-65  20  20],[-5 10 50]
7524,502025,202515,251550,155020,[-55   0  15],[-65  35 -15],[-60  25  20],[ 0 15 40]
7525,502025,202530,253050,305020,[-55  15  30],[-50  35   0],[-45  40  20],[15 30 10]
7526,502025,202535,253550,355020,[-55  20  35],[-45  35   5],[-40  45  20],[20 35  0]
7527,502025,202540,254050,405020,[-55  25  40],[-40  35  10],[-35  50  20],[ 25  40 -10]
7528,502025,202545,254550,455020,[-55  30  45],[-35  35  15],[-30  55  20],[ 30  45 -20]
7529,502030,20300,30050,05020,[-50 -10 -10],[-80  40 -40],[-70  10  10],[-10 -10  70]
7530,502030,20305,30550,55020,[-50  -5  -5],[-75  40 -35],[-65  15  10],[-5 -5 60]
7531,502030,203010,301050,105020,[-50   0   0],[-70  40 -30],[-60  20  10],[ 0  0 50]
7532,502030,203015,301550,155020,[-50   5   5],[-65  40 -25],[-55  25  10],[ 5  5 40]
7533,502030,203025,302550,255020,[-50  15  15],[-55  40 -15],[-45  35  10],[15 15 20]
7534,502030,203035,303550,355020,[-50  25  25],[-45  40  -5],[-35  45  10],[25 25  0]
7535,502030,203040,304050,405020,[-50  30  30],[-40  40   0],[-30  50  10],[ 30  30 -10]
7536,502030,203045,304550,455020,[-50  35  35],[-35  40   5],[-25  55  10],[ 35  35 -20]
7537,502035,20350,35050,05020,[-77  13  30],[-80  13   0],[-97  60   0],[-37  94 -30]
7538,502035,20355,35550,55020,[-45   0 -15],[-75  45 -45],[-60  15   0],[  0 -15  60]
7539,502035,203510,351050,105020,[-45   5 -10],[-70  45 -40],[-55  20   0],[  5 -10  50]
7540,502035,203515,351550,155020,[-45  10  -5],[-65  45 -35],[-50  25   0],[10 -5 40]
7541,502035,203525,352550,255020,[-45  20   5],[-55  45 -25],[-40  35   0],[20  5 20]
7542,502035,203530,353050,305020,[-45  25  10],[-50  45 -20],[-35  40   0],[25 10 10]
7543,502035,203540,354050,405020,[-45  35  20],[-40  45 -10],[-25  50   0],[ 35  20 -10]
7544,502035,203545,354550,455020,[-45  40  25],[-35  45  -5],[-20  55   0],[ 40  25 -20]
7545,502040,20400,40050,05020,[-40   0 -30],[-80  50 -60],[-60  10 -10],[  0 -30  70]
7546,502040,20405,40550,55020,[-40   5 -25],[-75  50 -55],[-55  15 -10],[  5 -25  60]
7547,502040,204010,401050,105020,[-40  10 -20],[-70  50 -50],[-50  20 -10],[ 10 -20  50]
7548,502040,204015,401550,155020,[-40  15 -15],[-65  50 -45],[-45  25 -10],[ 15 -15  40]
7549,502040,204025,402550,255020,[-40  25  -5],[-55  50 -35],[-35  35 -10],[25 -5 20]
7550,502040,204030,403050,305020,[-40  30   0],[-50  50 -30],[-30  40 -10],[30  0 10]
7551,502040,204035,403550,355020,[-40  35   5],[-45  50 -25],[-25  45 -10],[35  5  0]
7552,502040,204045,404550,455020,[-40  45  15],[-35  50 -15],[-15  55 -10],[ 45  15 -20]
7553,502045,20450,45050,05020,[-76  14  10],[-80  14 -20],[-96  60 -20],[-36  92 -30]
7554,502045,20455,45550,55020,[-35  10 -35],[-75  55 -65],[-50  15 -20],[ 10 -35  60]
7555,502045,204510,451050,105020,[-35  15 -30],[-70  55 -60],[-45  20 -20],[ 15 -30  50]
7556,502045,204515,451550,155020,[-35  20 -25],[-65  55 -55],[-40  25 -20],[ 20 -25  40]
7557,502045,204525,452550,255020,[-35  30 -15],[-55  55 -45],[-30  35 -20],[ 30 -15  20]
7558,502045,204530,453050,305020,[-35  35 -10],[-50  55 -40],[-25  40 -20],[ 35 -10  10]
7559,502045,204535,453550,355020,[-35  40  -5],[-45  55 -35],[-20  45 -20],[40 -5  0]
7560,502045,204540,454050,405020,[-35  45   0],[-40  55 -30],[-15  50 -20],[ 45   0 -10]
7561,50250,2505,0550,55025,[-98  51 -45],[-93  96 -70],[-95  51 -25],[  1 -45  65]
7562,50250,25010,01050,105025,[-98  56 -40],[-88  96 -65],[-90  56 -25],[  6 -40  55]
7563,50250,25015,01550,155025,[-98  61 -35],[-83  96 -60],[-85  61 -25],[ 11 -35  45]
7564,50250,25020,02050,205025,[-98  66 -30],[-78  96 -55],[-80  66 -25],[ 16 -30  35]
7565,50250,25030,03050,305025,[-98  76 -20],[-68  96 -45],[-70  76 -25],[ 26 -20  15]
7566,50250,25035,03550,355025,[-98  81 -15],[-63  96 -40],[-65  81 -25],[ 31 -15   5]
7567,50250,25040,04050,405025,[-98  86 -10],[-58  96 -35],[-60  86 -25],[ 36 -10  -5]
7568,50250,25045,04550,455025,[-98  91  -5],[-53  96 -30],[-55  91 -25],[ 41  -5 -15]
7569,50255,2550,5050,05025,[-93 -45  90],[-98   5  65],[-95   0  65],[  1  40 -25]
7570,50255,25510,51050,105025,[-70 -35  50],[-65   5  25],[-85  10  65],[-35  50  55]
7571,50255,25515,51550,155025,[-70 -30  55],[-60   5  30],[-80  15  65],[-30  55  45]
7572,50255,25520,52050,205025,[-70 -25  60],[-55   5  35],[-75  20  65],[-25  60  35]
7573,50255,25530,53050,305025,[-70 -15  70],[-45   5  45],[-65  30  65],[-15  70  15]
7574,50255,25535,53550,355025,[-70 -10  75],[-40   5  50],[-60  35  65],[-10  75   5]
7575,50255,25540,54050,405025,[-70  -5  80],[-35   5  55],[-55  40  65],[-5 80 -5]
7576,50255,25545,54550,455025,[-70   0  85],[-30   5  60],[-50  45  65],[  0  85 -15]
7577,502510,25100,10050,05025,[-65 -40  30],[-75  10   5],[-90   0  55],[-40  30  75]
7578,502510,25105,10550,55025,[-65 -35  35],[-70  10  10],[-85   5  55],[-35  35  65]
7579,502510,251015,101550,155025,[-65 -25  45],[-60  10  20],[-75  15  55],[-25  45  45]
7580,502510,251020,102050,205025,[-65 -20  50],[-55  10  25],[-70  20  55],[-20  50  35]
7581,502510,251030,103050,305025,[-65 -10  60],[-45  10  35],[-60  30  55],[-10  60  15]
7582,502510,251035,103550,355025,[-65  -5  65],[-40  10  40],[-55  35  55],[-5 65  5]
7583,502510,251040,104050,405025,[-65   0  70],[-35  10  45],[-50  40  55],[ 0 70 -5]
7584,502510,251045,104550,455025,[-65   5  75],[-30  10  50],[-45  45  55],[  5  75 -15]
7585,502515,25150,15050,05025,[-74   1  70],[-75   1  45],[-99  50  45],[-49  98 -25]
7586,502515,25155,15550,55025,[-60 -30  25],[-70  15   0],[-80   5  45],[-30  25  65]
7587,502515,251510,151050,105025,[-60 -25  30],[-65  15   5],[-75  10  45],[-25  30  55]
7588,502515,251520,152050,205025,[-60 -15  40],[-55  15  15],[-65  20  45],[-15  40  35]
7589,502515,251530,153050,305025,[-60  -5  50],[-45  15  25],[-55  30  45],[-5 50 15]
7590,502515,251535,153550,355025,[-60   0  55],[-40  15  30],[-50  35  45],[ 0 55  5]
7591,502515,251540,154050,405025,[-60   5  60],[-35  15  35],[-45  40  45],[ 5 60 -5]
7592,502515,251545,154550,455025,[-60  10  65],[-30  15  40],[-40  45  45],[ 10  65 -15]
7593,502520,25200,20050,05025,[-55 -30  10],[-75  20 -15],[-80   0  35],[-30  10  75]
7594,502520,25205,20550,55025,[-55 -25  15],[-70  20 -10],[-75   5  35],[-25  15  65]
7595,502520,252010,201050,105025,[-55 -20  20],[-65  20  -5],[-70  10  35],[-20  20  55]
7596,502520,252015,201550,155025,[-55 -15  25],[-60  20   0],[-65  15  35],[-15  25  45]
7597,502520,252030,203050,305025,[-55   0  40],[-45  20  15],[-50  30  35],[ 0 40 15]
7598,502520,252035,203550,355025,[-55   5  45],[-40  20  20],[-45  35  35],[ 5 45  5]
7599,502520,252040,204050,405025,[-55  10  50],[-35  20  25],[-40  40  35],[10 50 -5]
7600,502520,252045,204550,455025,[-55  15  55],[-30  20  30],[-35  45  35],[ 15  55 -15]
7601,502530,25300,30050,05025,[-45 -20 -10],[-75  30 -35],[-70   0  15],[-20 -10  75]
7602,502530,25305,30550,55025,[-45 -15  -5],[-70  30 -30],[-65   5  15],[-15  -5  65]
7603,502530,253010,301050,105025,[-45 -10   0],[-65  30 -25],[-60  10  15],[-10   0  55]
7604,502530,253015,301550,155025,[-45  -5   5],[-60  30 -20],[-55  15  15],[-5  5 45]
7605,502530,253020,302050,205025,[-45   0  10],[-55  30 -15],[-50  20  15],[ 0 10 35]
7606,502530,253035,303550,355025,[-45  15  25],[-40  30   0],[-35  35  15],[15 25  5]
7607,502530,253040,304050,405025,[-45  20  30],[-35  30   5],[-30  40  15],[20 30 -5]
7608,502530,253045,304550,455025,[-45  25  35],[-30  30  10],[-25  45  15],[ 25  35 -15]
7609,502535,25350,35050,05025,[-72   3  30],[-75   3   5],[-97  50   5],[-47  94 -25]
7610,502535,25355,35550,55025,[-40 -10 -15],[-70  35 -40],[-60   5   5],[-10 -15  65]
7611,502535,253510,351050,105025,[-40  -5 -10],[-65  35 -35],[-55  10   5],[ -5 -10  55]
7612,502535,253515,351550,155025,[-40   0  -5],[-60  35 -30],[-50  15   5],[ 0 -5 45]
7613,502535,253520,352050,205025,[-40   5   0],[-55  35 -25],[-45  20   5],[ 5  0 35]
7614,502535,253530,353050,305025,[-40  15  10],[-45  35 -15],[-35  30   5],[15 10 15]
7615,502535,253540,354050,405025,[-40  25  20],[-35  35  -5],[-25  40   5],[25 20 -5]
7616,502535,253545,354550,455025,[-40  30  25],[-30  35   0],[-20  45   5],[ 30  25 -15]
7617,502540,25400,40050,05025,[-35 -10 -30],[-75  40 -55],[-60   0  -5],[-10 -30  75]
7618,502540,25405,40550,55025,[-35  -5 -25],[-70  40 -50],[-55   5  -5],[ -5 -25  65]
7619,502540,254010,401050,105025,[-35   0 -20],[-65  40 -45],[-50  10  -5],[  0 -20  55]
7620,502540,254015,401550,155025,[-35   5 -15],[-60  40 -40],[-45  15  -5],[  5 -15  45]
7621,502540,254020,402050,205025,[-35  10 -10],[-55  40 -35],[-40  20  -5],[ 10 -10  35]
7622,502540,254030,403050,305025,[-35  20   0],[-45  40 -25],[-30  30  -5],[20  0 15]
7623,502540,254035,403550,355025,[-35  25   5],[-40  40 -20],[-25  35  -5],[25  5  5]
7624,502540,254045,404550,455025,[-35  35  15],[-30  40 -10],[-15  45  -5],[ 35  15 -15]
7625,502545,25450,45050,05025,[-71   4  10],[-75   4 -15],[-96  50 -15],[-46  92 -25]
7626,502545,25455,45550,55025,[-30   0 -35],[-70  45 -60],[-50   5 -15],[  0 -35  65]
7627,502545,254510,451050,105025,[-30   5 -30],[-65  45 -55],[-45  10 -15],[  5 -30  55]
7628,502545,254515,451550,155025,[-30  10 -25],[-60  45 -50],[-40  15 -15],[ 10 -25  45]
7629,502545,254520,452050,205025,[-30  15 -20],[-55  45 -45],[-35  20 -15],[ 15 -20  35]
7630,502545,254530,453050,305025,[-30  25 -10],[-45  45 -35],[-25  30 -15],[ 25 -10  15]
7631,502545,254535,453550,355025,[-30  30  -5],[-40  45 -30],[-20  35 -15],[30 -5  5]
7632,502545,254540,454050,405025,[-30  35   0],[-35  45 -25],[-15  40 -15],[35  0 -5]
7633,50300,3005,0550,55030,[-70 -55  55],[-65 -10  35],[-95  -5  80],[-55  55  70]
7634,50300,30010,01050,105030,[-70 -50  60],[-60 -10  40],[-90   0  80],[-50  60  60]
7635,50300,30015,01550,155030,[-70 -45  65],[-55 -10  45],[-85   5  80],[-45  65  50]
7636,50300,30020,02050,205030,[-70 -40  70],[-50 -10  50],[-80  10  80],[-40  70  40]
7637,50300,30025,02550,255030,[-70 -35  75],[-45 -10  55],[-75  15  80],[-35  75  30]
7638,50300,30035,03550,355030,[-70 -25  85],[-35 -10  65],[-65  25  80],[-25  85  10]
7639,50300,30040,04050,405030,[-70 -20  90],[-30 -10  70],[-60  30  80],[-20  90   0]
7640,50300,30045,04550,455030,[-70 -15  95],[-25 -10  75],[-55  35  80],[-15  95 -10]
7641,50305,3050,5050,05030,[-92 -60  90],[-97 -10  70],[-95 -10  70],[ -1  50 -20]
7642,50305,30510,51050,105030,[-65 -45  50],[-60  -5  30],[-85   0  70],[-45  50  60]
7643,50305,30515,51550,155030,[-65 -40  55],[-55  -5  35],[-80   5  70],[-40  55  50]
7644,50305,30520,52050,205030,[-65 -35  60],[-50  -5  40],[-75  10  70],[-35  60  40]
7645,50305,30525,52550,255030,[-65 -30  65],[-45  -5  45],[-70  15  70],[-30  65  30]
7646,50305,30535,53550,355030,[-65 -20  75],[-35  -5  55],[-60  25  70],[-20  75  10]
7647,50305,30540,54050,405030,[-65 -15  80],[-30  -5  60],[-55  30  70],[-15  80   0]
7648,50305,30545,54550,455030,[-65 -10  85],[-25  -5  65],[-50  35  70],[-10  85 -10]
7649,503010,30100,10050,05030,[-60 -50  30],[-70   0  10],[-90 -10  60],[-50  30  80]
7650,503010,30105,10550,55030,[-60 -45  35],[-65   0  15],[-85  -5  60],[-45  35  70]
7651,503010,301015,101550,155030,[-60 -35  45],[-55   0  25],[-75   5  60],[-35  45  50]
7652,503010,301020,102050,205030,[-60 -30  50],[-50   0  30],[-70  10  60],[-30  50  40]
7653,503010,301025,102550,255030,[-60 -25  55],[-45   0  35],[-65  15  60],[-25  55  30]
7654,503010,301035,103550,355030,[-60 -15  65],[-35   0  45],[-55  25  60],[-15  65  10]
7655,503010,301040,104050,405030,[-60 -10  70],[-30   0  50],[-50  30  60],[-10  70   0]
7656,503010,301045,104550,455030,[-60  -5  75],[-25   0  55],[-45  35  60],[ -5  75 -10]
7657,503015,30150,15050,05030,[-69  -9  70],[-70  -9  50],[-99  40  50],[-59  98 -20]
7658,503015,30155,15550,55030,[-55 -40  25],[-65   5   5],[-80  -5  50],[-40  25  70]
7659,503015,301510,151050,105030,[-55 -35  30],[-60   5  10],[-75   0  50],[-35  30  60]
7660,503015,301520,152050,205030,[-55 -25  40],[-50   5  20],[-65  10  50],[-25  40  40]
7661,503015,301525,152550,255030,[-55 -20  45],[-45   5  25],[-60  15  50],[-20  45  30]
7662,503015,301535,153550,355030,[-55 -10  55],[-35   5  35],[-50  25  50],[-10  55  10]
7663,503015,301540,154050,405030,[-55  -5  60],[-30   5  40],[-45  30  50],[-5 60  0]
7664,503015,301545,154550,455030,[-55   0  65],[-25   5  45],[-40  35  50],[  0  65 -10]
7665,503020,30200,20050,05030,[-50 -40  10],[-70  10 -10],[-80 -10  40],[-40  10  80]
7666,503020,30205,20550,55030,[-50 -35  15],[-65  10  -5],[-75  -5  40],[-35  15  70]
7667,503020,302010,201050,105030,[-50 -30  20],[-60  10   0],[-70   0  40],[-30  20  60]
7668,503020,302015,201550,155030,[-50 -25  25],[-55  10   5],[-65   5  40],[-25  25  50]
7669,503020,302025,202550,255030,[-50 -15  35],[-45  10  15],[-55  15  40],[-15  35  30]
7670,503020,302035,203550,355030,[-50  -5  45],[-35  10  25],[-45  25  40],[-5 45 10]
7671,503020,302040,204050,405030,[-50   0  50],[-30  10  30],[-40  30  40],[ 0 50  0]
7672,503020,302045,204550,455030,[-50   5  55],[-25  10  35],[-35  35  40],[  5  55 -10]
7673,503025,30250,25050,05030,[-68  -8  50],[-70  -8  30],[-98  40  30],[-58  96 -20]
7674,503025,30255,25550,55030,[-45 -30   5],[-65  15 -15],[-70  -5  30],[-30   5  70]
7675,503025,302510,251050,105030,[-45 -25  10],[-60  15 -10],[-65   0  30],[-25  10  60]
7676,503025,302515,251550,155030,[-45 -20  15],[-55  15  -5],[-60   5  30],[-20  15  50]
7677,503025,302520,252050,205030,[-45 -15  20],[-50  15   0],[-55  10  30],[-15  20  40]
7678,503025,302535,253550,355030,[-45   0  35],[-35  15  15],[-40  25  30],[ 0 35 10]
7679,503025,302540,254050,405030,[-45   5  40],[-30  15  20],[-35  30  30],[ 5 40  0]
7680,503025,302545,254550,455030,[-45  10  45],[-25  15  25],[-30  35  30],[ 10  45 -10]
7681,503035,30350,35050,05030,[-67  -7  30],[-70  -7  10],[-97  40  10],[-57  94 -20]
7682,503035,30355,35550,55030,[-35 -20 -15],[-65  25 -35],[-60  -5  10],[-20 -15  70]
7683,503035,303510,351050,105030,[-35 -15 -10],[-60  25 -30],[-55   0  10],[-15 -10  60]
7684,503035,303515,351550,155030,[-35 -10  -5],[-55  25 -25],[-50   5  10],[-10  -5  50]
7685,503035,303520,352050,205030,[-35  -5   0],[-50  25 -20],[-45  10  10],[-5  0 40]
7686,503035,303525,352550,255030,[-35   0   5],[-45  25 -15],[-40  15  10],[ 0  5 30]
7687,503035,303540,354050,405030,[-35  15  20],[-30  25   0],[-25  30  10],[15 20  0]
7688,503035,303545,354550,455030,[-35  20  25],[-25  25   5],[-20  35  10],[ 20  25 -10]
7689,503040,30400,40050,05030,[-30 -20 -30],[-70  30 -50],[-60 -10   0],[-20 -30  80]
7690,503040,30405,40550,55030,[-30 -15 -25],[-65  30 -45],[-55  -5   0],[-15 -25  70]
7691,503040,304010,401050,105030,[-30 -10 -20],[-60  30 -40],[-50   0   0],[-10 -20  60]
7692,503040,304015,401550,155030,[-30  -5 -15],[-55  30 -35],[-45   5   0],[ -5 -15  50]
7693,503040,304020,402050,205030,[-30   0 -10],[-50  30 -30],[-40  10   0],[  0 -10  40]
7694,503040,304025,402550,255030,[-30   5  -5],[-45  30 -25],[-35  15   0],[ 5 -5 30]
7695,503040,304035,403550,355030,[-30  15   5],[-35  30 -15],[-25  25   0],[15  5 10]
7696,503040,304045,404550,455030,[-30  25  15],[-25  30  -5],[-15  35   0],[ 25  15 -10]
7697,503045,30450,45050,05030,[-66  -6  10],[-70  -6 -10],[-96  40 -10],[-56  92 -20]
7698,503045,30455,45550,55030,[-25 -10 -35],[-65  35 -55],[-50  -5 -10],[-10 -35  70]
7699,503045,304510,451050,105030,[-25  -5 -30],[-60  35 -50],[-45   0 -10],[ -5 -30  60]
7700,503045,304515,451550,155030,[-25   0 -25],[-55  35 -45],[-40   5 -10],[  0 -25  50]
7701,503045,304520,452050,205030,[-25   5 -20],[-50  35 -40],[-35  10 -10],[  5 -20  40]
7702,503045,304525,452550,255030,[-25  10 -15],[-45  35 -35],[-30  15 -10],[ 10 -15  30]
7703,503045,304535,453550,355030,[-25  20  -5],[-35  35 -25],[-20  25 -10],[20 -5 10]
7704,503045,304540,454050,405030,[-25  25   0],[-30  35 -20],[-15  30 -10],[25  0  0]
7705,50350,3505,0550,55035,[-97  49 -45],[-92  94 -60],[-95  49 -15],[ -1 -45  75]
7706,50350,35010,01050,105035,[-97  54 -40],[-87  94 -55],[-90  54 -15],[  4 -40  65]
7707,50350,35015,01550,155035,[-97  59 -35],[-82  94 -50],[-85  59 -15],[  9 -35  55]
7708,50350,35020,02050,205035,[-97  64 -30],[-77  94 -45],[-80  64 -15],[ 14 -30  45]
7709,50350,35025,02550,255035,[-97  69 -25],[-72  94 -40],[-75  69 -15],[ 19 -25  35]
7710,50350,35030,03050,305035,[-97  74 -20],[-67  94 -35],[-70  74 -15],[ 24 -20  25]
7711,50350,35040,04050,405035,[-97  84 -10],[-57  94 -25],[-60  84 -15],[ 34 -10   5]
7712,50350,35045,04550,455035,[-97  89  -5],[-52  94 -20],[-55  89 -15],[39 -5 -5]
7713,50355,3550,5050,05035,[-92 -65  90],[-97 -15  75],[-95 -20  75],[ -1  40 -15]
7714,50355,35510,51050,105035,[-60 -55  50],[-55 -15  35],[-85 -10  75],[-55  50  65]
7715,50355,35515,51550,155035,[-60 -50  55],[-50 -15  40],[-80  -5  75],[-50  55  55]
7716,50355,35520,52050,205035,[-60 -45  60],[-45 -15  45],[-75   0  75],[-45  60  45]
7717,50355,35525,52550,255035,[-60 -40  65],[-40 -15  50],[-70   5  75],[-40  65  35]
7718,50355,35530,53050,305035,[-60 -35  70],[-35 -15  55],[-65  10  75],[-35  70  25]
7719,50355,35540,54050,405035,[-60 -25  80],[-25 -15  65],[-55  20  75],[-25  80   5]
7720,50355,35545,54550,455035,[-60 -20  85],[-20 -15  70],[-50  25  75],[-20  85  -5]
7721,503510,35100,10050,05035,[-55 -60  30],[-65 -10  15],[-90 -20  65],[-60  30  85]
7722,503510,35105,10550,55035,[-55 -55  35],[-60 -10  20],[-85 -15  65],[-55  35  75]
7723,503510,351015,101550,155035,[-55 -45  45],[-50 -10  30],[-75  -5  65],[-45  45  55]
7724,503510,351020,102050,205035,[-55 -40  50],[-45 -10  35],[-70   0  65],[-40  50  45]
7725,503510,351025,102550,255035,[-55 -35  55],[-40 -10  40],[-65   5  65],[-35  55  35]
7726,503510,351030,103050,305035,[-55 -30  60],[-35 -10  45],[-60  10  65],[-30  60  25]
7727,503510,351040,104050,405035,[-55 -20  70],[-25 -10  55],[-50  20  65],[-20  70   5]
7728,503510,351045,104550,455035,[-55 -15  75],[-20 -10  60],[-45  25  65],[-15  75  -5]
7729,503515,35150,15050,05035,[-64 -19  70],[-65 -19  55],[-99  30  55],[-69  98 -15]
7730,503515,35155,15550,55035,[-50 -50  25],[-60  -5  10],[-80 -15  55],[-50  25  75]
7731,503515,351510,151050,105035,[-50 -45  30],[-55  -5  15],[-75 -10  55],[-45  30  65]
7732,503515,351520,152050,205035,[-50 -35  40],[-45  -5  25],[-65   0  55],[-35  40  45]
7733,503515,351525,152550,255035,[-50 -30  45],[-40  -5  30],[-60   5  55],[-30  45  35]
7734,503515,351530,153050,305035,[-50 -25  50],[-35  -5  35],[-55  10  55],[-25  50  25]
7735,503515,351540,154050,405035,[-50 -15  60],[-25  -5  45],[-45  20  55],[-15  60   5]
7736,503515,351545,154550,455035,[-50 -10  65],[-20  -5  50],[-40  25  55],[-10  65  -5]
7737,503520,35200,20050,05035,[-45 -50  10],[-65   0  -5],[-80 -20  45],[-50  10  85]
7738,503520,35205,20550,55035,[-45 -45  15],[-60   0   0],[-75 -15  45],[-45  15  75]
7739,503520,352010,201050,105035,[-45 -40  20],[-55   0   5],[-70 -10  45],[-40  20  65]
7740,503520,352015,201550,155035,[-45 -35  25],[-50   0  10],[-65  -5  45],[-35  25  55]
7741,503520,352025,202550,255035,[-45 -25  35],[-40   0  20],[-55   5  45],[-25  35  35]
7742,503520,352030,203050,305035,[-45 -20  40],[-35   0  25],[-50  10  45],[-20  40  25]
7743,503520,352040,204050,405035,[-45 -10  50],[-25   0  35],[-40  20  45],[-10  50   5]
7744,503520,352045,204550,455035,[-45  -5  55],[-20   0  40],[-35  25  45],[-5 55 -5]
7745,503525,35250,25050,05035,[-63 -18  50],[-65 -18  35],[-98  30  35],[-68  96 -15]
7746,503525,35255,25550,55035,[-40 -40   5],[-60   5 -10],[-70 -15  35],[-40   5  75]
7747,503525,352510,251050,105035,[-40 -35  10],[-55   5  -5],[-65 -10  35],[-35  10  65]
7748,503525,352515,251550,155035,[-40 -30  15],[-50   5   0],[-60  -5  35],[-30  15  55]
7749,503525,352520,252050,205035,[-40 -25  20],[-45   5   5],[-55   0  35],[-25  20  45]
7750,503525,352530,253050,305035,[-40 -15  30],[-35   5  15],[-45  10  35],[-15  30  25]
7751,503525,352540,254050,405035,[-40  -5  40],[-25   5  25],[-35  20  35],[-5 40  5]
7752,503525,352545,254550,455035,[-40   0  45],[-20   5  30],[-30  25  35],[ 0 45 -5]
7753,503530,35300,30050,05035,[-35 -40 -10],[-65  10 -25],[-70 -20  25],[-40 -10  85]
7754,503530,35305,30550,55035,[-35 -35  -5],[-60  10 -20],[-65 -15  25],[-35  -5  75]
7755,503530,353010,301050,105035,[-35 -30   0],[-55  10 -15],[-60 -10  25],[-30   0  65]
7756,503530,353015,301550,155035,[-35 -25   5],[-50  10 -10],[-55  -5  25],[-25   5  55]
7757,503530,353020,302050,205035,[-35 -20  10],[-45  10  -5],[-50   0  25],[-20  10  45]
7758,503530,353025,302550,255035,[-35 -15  15],[-40  10   0],[-45   5  25],[-15  15  35]
7759,503530,353040,304050,405035,[-35   0  30],[-25  10  15],[-30  20  25],[ 0 30  5]
7760,503530,353045,304550,455035,[-35   5  35],[-20  10  20],[-25  25  25],[ 5 35 -5]
7761,503540,35400,40050,05035,[-25 -30 -30],[-65  20 -45],[-60 -20   5],[-30 -30  85]
7762,503540,35405,40550,55035,[-25 -25 -25],[-60  20 -40],[-55 -15   5],[-25 -25  75]
7763,503540,354010,401050,105035,[-25 -20 -20],[-55  20 -35],[-50 -10   5],[-20 -20  65]
7764,503540,354015,401550,155035,[-25 -15 -15],[-50  20 -30],[-45  -5   5],[-15 -15  55]
7765,503540,354020,402050,205035,[-25 -10 -10],[-45  20 -25],[-40   0   5],[-10 -10  45]
7766,503540,354025,402550,255035,[-25  -5  -5],[-40  20 -20],[-35   5   5],[-5 -5 35]
7767,503540,354030,403050,305035,[-25   0   0],[-35  20 -15],[-30  10   5],[ 0  0 25]
7768,503540,354045,404550,455035,[-25  15  15],[-20  20   0],[-15  25   5],[15 15 -5]
7769,503545,35450,45050,05035,[-61 -16  10],[-65 -16  -5],[-96  30  -5],[-66  92 -15]
7770,503545,35455,45550,55035,[-20 -20 -35],[-60  25 -50],[-50 -15  -5],[-20 -35  75]
7771,503545,354510,451050,105035,[-20 -15 -30],[-55  25 -45],[-45 -10  -5],[-15 -30  65]
7772,503545,354515,451550,155035,[-20 -10 -25],[-50  25 -40],[-40  -5  -5],[-10 -25  55]
7773,503545,354520,452050,205035,[-20  -5 -20],[-45  25 -35],[-35   0  -5],[ -5 -20  45]
7774,503545,354525,452550,255035,[-20   0 -15],[-40  25 -30],[-30   5  -5],[  0 -15  35]
7775,503545,354530,453050,305035,[-20   5 -10],[-35  25 -25],[-25  10  -5],[  5 -10  25]
7776,503545,354540,454050,405035,[-20  15   0],[-25  25 -15],[-15  20  -5],[15  0  5]
7777,50400,4005,0550,55040,[-60 -75  55],[-55 -30  45],[-95 -25  90],[-75  55  80]
7778,50400,40010,01050,105040,[-60 -70  60],[-50 -30  50],[-90 -20  90],[-70  60  70]
7779,50400,40015,01550,155040,[-60 -65  65],[-45 -30  55],[-85 -15  90],[-65  65  60]
7780,50400,40020,02050,205040,[-60 -60  70],[-40 -30  60],[-80 -10  90],[-60  70  50]
7781,50400,40025,02550,255040,[-60 -55  75],[-35 -30  65],[-75  -5  90],[-55  75  40]
7782,50400,40030,03050,305040,[-60 -50  80],[-30 -30  70],[-70   0  90],[-50  80  30]
7783,50400,40035,03550,355040,[-60 -45  85],[-25 -30  75],[-65   5  90],[-45  85  20]
7784,50400,40045,04550,455040,[-60 -35  95],[-15 -30  85],[-55  15  90],[-35  95   0]
7785,50405,4050,5050,05040,[-91 -80  90],[-96 -30  80],[-95 -30  80],[ -3  50 -10]
7786,50405,40510,51050,105040,[-55 -65  50],[-50 -25  40],[-85 -20  80],[-65  50  70]
7787,50405,40515,51550,155040,[-55 -60  55],[-45 -25  45],[-80 -15  80],[-60  55  60]
7788,50405,40520,52050,205040,[-55 -55  60],[-40 -25  50],[-75 -10  80],[-55  60  50]
7789,50405,40525,52550,255040,[-55 -50  65],[-35 -25  55],[-70  -5  80],[-50  65  40]
7790,50405,40530,53050,305040,[-55 -45  70],[-30 -25  60],[-65   0  80],[-45  70  30]
7791,50405,40535,53550,355040,[-55 -40  75],[-25 -25  65],[-60   5  80],[-40  75  20]
7792,50405,40545,54550,455040,[-55 -30  85],[-15 -25  75],[-50  15  80],[-30  85   0]
7793,504010,40100,10050,05040,[-50 -70  30],[-60 -20  20],[-90 -30  70],[-70  30  90]
7794,504010,40105,10550,55040,[-50 -65  35],[-55 -20  25],[-85 -25  70],[-65  35  80]
7795,504010,401015,101550,155040,[-50 -55  45],[-45 -20  35],[-75 -15  70],[-55  45  60]
7796,504010,401020,102050,205040,[-50 -50  50],[-40 -20  40],[-70 -10  70],[-50  50  50]
7797,504010,401025,102550,255040,[-50 -45  55],[-35 -20  45],[-65  -5  70],[-45  55  40]
7798,504010,401030,103050,305040,[-50 -40  60],[-30 -20  50],[-60   0  70],[-40  60  30]
7799,504010,401035,103550,355040,[-50 -35  65],[-25 -20  55],[-55   5  70],[-35  65  20]
7800,504010,401045,104550,455040,[-50 -25  75],[-15 -20  65],[-45  15  70],[-25  75   0]
7801,504015,40150,15050,05040,[-59 -29  70],[-60 -29  60],[-99  20  60],[-79  98 -10]
7802,504015,40155,15550,55040,[-45 -60  25],[-55 -15  15],[-80 -25  60],[-60  25  80]
7803,504015,401510,151050,105040,[-45 -55  30],[-50 -15  20],[-75 -20  60],[-55  30  70]
7804,504015,401520,152050,205040,[-45 -45  40],[-40 -15  30],[-65 -10  60],[-45  40  50]
7805,504015,401525,152550,255040,[-45 -40  45],[-35 -15  35],[-60  -5  60],[-40  45  40]
7806,504015,401530,153050,305040,[-45 -35  50],[-30 -15  40],[-55   0  60],[-35  50  30]
7807,504015,401535,153550,355040,[-45 -30  55],[-25 -15  45],[-50   5  60],[-30  55  20]
7808,504015,401545,154550,455040,[-45 -20  65],[-15 -15  55],[-40  15  60],[-20  65   0]
7809,504020,40200,20050,05040,[-40 -60  10],[-60 -10   0],[-80 -30  50],[-60  10  90]
7810,504020,40205,20550,55040,[-40 -55  15],[-55 -10   5],[-75 -25  50],[-55  15  80]
7811,504020,402010,201050,105040,[-40 -50  20],[-50 -10  10],[-70 -20  50],[-50  20  70]
7812,504020,402015,201550,155040,[-40 -45  25],[-45 -10  15],[-65 -15  50],[-45  25  60]
7813,504020,402025,202550,255040,[-40 -35  35],[-35 -10  25],[-55  -5  50],[-35  35  40]
7814,504020,402030,203050,305040,[-40 -30  40],[-30 -10  30],[-50   0  50],[-30  40  30]
7815,504020,402035,203550,355040,[-40 -25  45],[-25 -10  35],[-45   5  50],[-25  45  20]
7816,504020,402045,204550,455040,[-40 -15  55],[-15 -10  45],[-35  15  50],[-15  55   0]
7817,504025,40250,25050,05040,[-58 -28  50],[-60 -28  40],[-98  20  40],[-78  96 -10]
7818,504025,40255,25550,55040,[-35 -50   5],[-55  -5  -5],[-70 -25  40],[-50   5  80]
7819,504025,402510,251050,105040,[-35 -45  10],[-50  -5   0],[-65 -20  40],[-45  10  70]
7820,504025,402515,251550,155040,[-35 -40  15],[-45  -5   5],[-60 -15  40],[-40  15  60]
7821,504025,402520,252050,205040,[-35 -35  20],[-40  -5  10],[-55 -10  40],[-35  20  50]
7822,504025,402530,253050,305040,[-35 -25  30],[-30  -5  20],[-45   0  40],[-25  30  30]
7823,504025,402535,253550,355040,[-35 -20  35],[-25  -5  25],[-40   5  40],[-20  35  20]
7824,504025,402545,254550,455040,[-35 -10  45],[-15  -5  35],[-30  15  40],[-10  45   0]
7825,504030,40300,30050,05040,[-30 -50 -10],[-60   0 -20],[-70 -30  30],[-50 -10  90]
7826,504030,40305,30550,55040,[-30 -45  -5],[-55   0 -15],[-65 -25  30],[-45  -5  80]
7827,504030,403010,301050,105040,[-30 -40   0],[-50   0 -10],[-60 -20  30],[-40   0  70]
7828,504030,403015,301550,155040,[-30 -35   5],[-45   0  -5],[-55 -15  30],[-35   5  60]
7829,504030,403020,302050,205040,[-30 -30  10],[-40   0   0],[-50 -10  30],[-30  10  50]
7830,504030,403025,302550,255040,[-30 -25  15],[-35   0   5],[-45  -5  30],[-25  15  40]
7831,504030,403035,303550,355040,[-30 -15  25],[-25   0  15],[-35   5  30],[-15  25  20]
7832,504030,403045,304550,455040,[-30  -5  35],[-15   0  25],[-25  15  30],[-5 35  0]
7833,504035,40350,35050,05040,[-57 -27  30],[-60 -27  20],[-97  20  20],[-77  94 -10]
7834,504035,40355,35550,55040,[-25 -40 -15],[-55   5 -25],[-60 -25  20],[-40 -15  80]
7835,504035,403510,351050,105040,[-25 -35 -10],[-50   5 -20],[-55 -20  20],[-35 -10  70]
7836,504035,403515,351550,155040,[-25 -30  -5],[-45   5 -15],[-50 -15  20],[-30  -5  60]
7837,504035,403520,352050,205040,[-25 -25   0],[-40   5 -10],[-45 -10  20],[-25   0  50]
7838,504035,403525,352550,255040,[-25 -20   5],[-35   5  -5],[-40  -5  20],[-20   5  40]
7839,504035,403530,353050,305040,[-25 -15  10],[-30   5   0],[-35   0  20],[-15  10  30]
7840,504035,403545,354550,455040,[-25   0  25],[-15   5  15],[-20  15  20],[ 0 25  0]
7841,504045,40450,45050,05040,[-56 -26  10],[-60 -26   0],[-96  20   0],[-76  92 -10]
7842,504045,40455,45550,55040,[-15 -30 -35],[-55  15 -45],[-50 -25   0],[-30 -35  80]
7843,504045,404510,451050,105040,[-15 -25 -30],[-50  15 -40],[-45 -20   0],[-25 -30  70]
7844,504045,404515,451550,155040,[-15 -20 -25],[-45  15 -35],[-40 -15   0],[-20 -25  60]
7845,504045,404520,452050,205040,[-15 -15 -20],[-40  15 -30],[-35 -10   0],[-15 -20  50]
7846,504045,404525,452550,255040,[-15 -10 -15],[-35  15 -25],[-30  -5   0],[-10 -15  40]
7847,504045,404530,453050,305040,[-15  -5 -10],[-30  15 -20],[-25   0   0],[ -5 -10  30]
7848,504045,404535,453550,355040,[-15   0  -5],[-25  15 -15],[-20   5   0],[ 0 -5 20]
7849,50450,4505,0550,55045,[-96  47 -45],[-91  92 -50],[-95  47  -5],[ -3 -45  85]
7850,50450,45010,01050,105045,[-96  52 -40],[-86  92 -45],[-90  52  -5],[  2 -40  75]
7851,50450,45015,01550,155045,[-96  57 -35],[-81  92 -40],[-85  57  -5],[  7 -35  65]
7852,50450,45020,02050,205045,[-96  62 -30],[-76  92 -35],[-80  62  -5],[ 12 -30  55]
7853,50450,45025,02550,255045,[-96  67 -25],[-71  92 -30],[-75  67  -5],[ 17 -25  45]
7854,50450,45030,03050,305045,[-96  72 -20],[-66  92 -25],[-70  72  -5],[ 22 -20  35]
7855,50450,45035,03550,355045,[-96  77 -15],[-61  92 -20],[-65  77  -5],[ 27 -15  25]
7856,50450,45040,04050,405045,[-96  82 -10],[-56  92 -15],[-60  82  -5],[ 32 -10  15]
7857,50455,4550,5050,05045,[-91 -85  90],[-96 -35  85],[-95 -40  85],[-3 40 -5]
7858,50455,45510,51050,105045,[-50 -75  50],[-45 -35  45],[-85 -30  85],[-75  50  75]
7859,50455,45515,51550,155045,[-50 -70  55],[-40 -35  50],[-80 -25  85],[-70  55  65]
7860,50455,45520,52050,205045,[-50 -65  60],[-35 -35  55],[-75 -20  85],[-65  60  55]
7861,50455,45525,52550,255045,[-50 -60  65],[-30 -35  60],[-70 -15  85],[-60  65  45]
7862,50455,45530,53050,305045,[-50 -55  70],[-25 -35  65],[-65 -10  85],[-55  70  35]
7863,50455,45535,53550,355045,[-50 -50  75],[-20 -35  70],[-60  -5  85],[-50  75  25]
7864,50455,45540,54050,405045,[-50 -45  80],[-15 -35  75],[-55   0  85],[-45  80  15]
7865,504510,45100,10050,05045,[-45 -80  30],[-55 -30  25],[-90 -40  75],[-80  30  95]
7866,504510,45105,10550,55045,[-45 -75  35],[-50 -30  30],[-85 -35  75],[-75  35  85]
7867,504510,451015,101550,155045,[-45 -65  45],[-40 -30  40],[-75 -25  75],[-65  45  65]
7868,504510,451020,102050,205045,[-45 -60  50],[-35 -30  45],[-70 -20  75],[-60  50  55]
7869,504510,451025,102550,255045,[-45 -55  55],[-30 -30  50],[-65 -15  75],[-55  55  45]
7870,504510,451030,103050,305045,[-45 -50  60],[-25 -30  55],[-60 -10  75],[-50  60  35]
7871,504510,451035,103550,355045,[-45 -45  65],[-20 -30  60],[-55  -5  75],[-45  65  25]
7872,504510,451040,104050,405045,[-45 -40  70],[-15 -30  65],[-50   0  75],[-40  70  15]
7873,504515,45150,15050,05045,[-54 -39  70],[-55 -39  65],[-99  10  65],[-89  98  -5]
7874,504515,45155,15550,55045,[-40 -70  25],[-50 -25  20],[-80 -35  65],[-70  25  85]
7875,504515,451510,151050,105045,[-40 -65  30],[-45 -25  25],[-75 -30  65],[-65  30  75]
7876,504515,451520,152050,205045,[-40 -55  40],[-35 -25  35],[-65 -20  65],[-55  40  55]
7877,504515,451525,152550,255045,[-40 -50  45],[-30 -25  40],[-60 -15  65],[-50  45  45]
7878,504515,451530,153050,305045,[-40 -45  50],[-25 -25  45],[-55 -10  65],[-45  50  35]
7879,504515,451535,153550,355045,[-40 -40  55],[-20 -25  50],[-50  -5  65],[-40  55  25]
7880,504515,451540,154050,405045,[-40 -35  60],[-15 -25  55],[-45   0  65],[-35  60  15]
7881,504520,45200,20050,05045,[-35 -70  10],[-55 -20   5],[-80 -40  55],[-70  10  95]
7882,504520,45205,20550,55045,[-35 -65  15],[-50 -20  10],[-75 -35  55],[-65  15  85]
7883,504520,452010,201050,105045,[-35 -60  20],[-45 -20  15],[-70 -30  55],[-60  20  75]
7884,504520,452015,201550,155045,[-35 -55  25],[-40 -20  20],[-65 -25  55],[-55  25  65]
7885,504520,452025,202550,255045,[-35 -45  35],[-30 -20  30],[-55 -15  55],[-45  35  45]
7886,504520,452030,203050,305045,[-35 -40  40],[-25 -20  35],[-50 -10  55],[-40  40  35]
7887,504520,452035,203550,355045,[-35 -35  45],[-20 -20  40],[-45  -5  55],[-35  45  25]
7888,504520,452040,204050,405045,[-35 -30  50],[-15 -20  45],[-40   0  55],[-30  50  15]
7889,504525,45250,25050,05045,[-53 -38  50],[-55 -38  45],[-98  10  45],[-88  96  -5]
7890,504525,45255,25550,55045,[-30 -60   5],[-50 -15   0],[-70 -35  45],[-60   5  85]
7891,504525,452510,251050,105045,[-30 -55  10],[-45 -15   5],[-65 -30  45],[-55  10  75]
7892,504525,452515,251550,155045,[-30 -50  15],[-40 -15  10],[-60 -25  45],[-50  15  65]
7893,504525,452520,252050,205045,[-30 -45  20],[-35 -15  15],[-55 -20  45],[-45  20  55]
7894,504525,452530,253050,305045,[-30 -35  30],[-25 -15  25],[-45 -10  45],[-35  30  35]
7895,504525,452535,253550,355045,[-30 -30  35],[-20 -15  30],[-40  -5  45],[-30  35  25]
7896,504525,452540,254050,405045,[-30 -25  40],[-15 -15  35],[-35   0  45],[-25  40  15]
7897,504530,45300,30050,05045,[-25 -60 -10],[-55 -10 -15],[-70 -40  35],[-60 -10  95]
7898,504530,45305,30550,55045,[-25 -55  -5],[-50 -10 -10],[-65 -35  35],[-55  -5  85]
7899,504530,453010,301050,105045,[-25 -50   0],[-45 -10  -5],[-60 -30  35],[-50   0  75]
7900,504530,453015,301550,155045,[-25 -45   5],[-40 -10   0],[-55 -25  35],[-45   5  65]
7901,504530,453020,302050,205045,[-25 -40  10],[-35 -10   5],[-50 -20  35],[-40  10  55]
7902,504530,453025,302550,255045,[-25 -35  15],[-30 -10  10],[-45 -15  35],[-35  15  45]
7903,504530,453035,303550,355045,[-25 -25  25],[-20 -10  20],[-35  -5  35],[-25  25  25]
7904,504530,453040,304050,405045,[-25 -20  30],[-15 -10  25],[-30   0  35],[-20  30  15]
7905,504535,45350,35050,05045,[-52 -37  30],[-55 -37  25],[-97  10  25],[-87  94  -5]
7906,504535,45355,35550,55045,[-20 -50 -15],[-50  -5 -20],[-60 -35  25],[-50 -15  85]
7907,504535,453510,351050,105045,[-20 -45 -10],[-45  -5 -15],[-55 -30  25],[-45 -10  75]
7908,504535,453515,351550,155045,[-20 -40  -5],[-40  -5 -10],[-50 -25  25],[-40  -5  65]
7909,504535,453520,352050,205045,[-20 -35   0],[-35  -5  -5],[-45 -20  25],[-35   0  55]
7910,504535,453525,352550,255045,[-20 -30   5],[-30  -5   0],[-40 -15  25],[-30   5  45]
7911,504535,453530,353050,305045,[-20 -25  10],[-25  -5   5],[-35 -10  25],[-25  10  35]
7912,504535,453540,354050,405045,[-20 -15  20],[-15  -5  15],[-25   0  25],[-15  20  15]
7913,504540,45400,40050,05045,[-15 -50 -30],[-55   0 -35],[-60 -40  15],[-50 -30  95]
7914,504540,45405,40550,55045,[-15 -45 -25],[-50   0 -30],[-55 -35  15],[-45 -25  85]
7915,504540,454010,401050,105045,[-15 -40 -20],[-45   0 -25],[-50 -30  15],[-40 -20  75]
7916,504540,454015,401550,155045,[-15 -35 -15],[-40   0 -20],[-45 -25  15],[-35 -15  65]
7917,504540,454020,402050,205045,[-15 -30 -10],[-35   0 -15],[-40 -20  15],[-30 -10  55]
7918,504540,454025,402550,255045,[-15 -25  -5],[-30   0 -10],[-35 -15  15],[-25  -5  45]
7919,504540,454030,403050,305045,[-15 -20   0],[-25   0  -5],[-30 -10  15],[-20   0  35]
7920,504540,454035,403550,355045,[-15 -15   5],[-20   0   0],[-25  -5  15],[-15   5  25]
